CustomerID,Recency,Frequency,MonetaryValue,TotalQuantity,FirstPurchase,LastPurchase,AverageOrderValue,CustomerTenure,PurchaseFrequency
12346.0,326,1,77183.6,74215,2011-01-18 10:01:00,2011-01-18 10:01:00,77183.6,326,0.09337423312883436
12347.0,3,7,4310.0,2458,2010-12-07 14:57:00,2011-12-07 15:52:00,615.7142857142857,368,0.5790217391304348
12348.0,76,4,1797.24,2341,2010-12-16 19:09:00,2011-09-25 13:13:00,449.31,359,0.3391643454038998
12349.0,19,1,1757.55,631,2011-11-21 09:51:00,2011-11-21 09:51:00,1757.55,19,1.0
12350.0,311,1,334.4,197,2011-02-02 16:01:00,2011-02-02 16:01:00,334.4,311,0.09787781350482316
12352.0,37,8,2506.04,536,2011-02-16 12:33:00,2011-11-03 14:37:00,313.255,297,0.81993265993266
12353.0,205,1,89.0,20,2011-05-19 17:47:00,2011-05-19 17:47:00,89.0,205,0.14848780487804877
12354.0,233,1,1079.4,530,2011-04-21 13:11:00,2011-04-21 13:11:00,1079.4,233,0.13064377682403433
12355.0,215,1,459.4,240,2011-05-09 13:49:00,2011-05-09 13:49:00,459.4,215,0.1415813953488372
12356.0,23,3,2811.43,1591,2011-01-18 09:50:00,2011-11-17 08:40:00,937.1433333333333,326,0.2801226993865031
12357.0,34,1,6207.67,2708,2011-11-06 16:07:00,2011-11-06 16:07:00,6207.67,34,0.8952941176470588
12358.0,2,2,1168.06,248,2011-07-12 10:04:00,2011-12-08 10:26:00,584.03,151,0.4031788079470199
12359.0,58,4,6372.58,1622,2011-01-12 12:43:00,2011-10-13 12:47:00,1593.145,332,0.3667469879518072
12360.0,53,3,2662.06,1165,2011-05-23 09:43:00,2011-10-18 15:22:00,887.3533333333334,201,0.45432835820895523
12361.0,288,1,189.9,91,2011-02-25 13:51:00,2011-02-25 13:51:00,189.9,288,0.10569444444444444
12362.0,4,10,5226.23,2229,2011-02-17 10:30:00,2011-12-06 15:40:00,522.6229999999999,296,1.0283783783783784
12363.0,110,2,552.0,408,2011-04-11 13:29:00,2011-08-22 10:18:00,276.0,243,0.2505349794238683
12364.0,8,4,1313.1,1506,2011-08-19 15:24:00,2011-12-02 10:22:00,328.275,113,1.0775221238938053
12365.0,292,2,641.38,174,2011-02-21 13:51:00,2011-02-21 14:04:00,320.69,292,0.20849315068493152
12367.0,5,1,168.9,173,2011-12-05 16:48:00,2011-12-05 16:48:00,168.9,5,1.0
12370.0,52,4,3545.69,2353,2010-12-14 12:58:00,2011-10-19 14:51:00,886.4225,361,0.33728531855955685
12371.0,45,2,1887.96,591,2011-10-11 10:43:00,2011-10-26 10:16:00,943.98,60,1.0146666666666668
12372.0,72,3,1298.04,794,2011-02-16 12:46:00,2011-09-29 12:12:00,432.68,297,0.3074747474747475
12373.0,312,1,364.6,197,2011-02-01 13:10:00,2011-02-01 13:10:00,364.6,312,0.09756410256410257
12374.0,26,1,742.9300000000001,342,2011-11-14 15:37:00,2011-11-14 15:37:00,742.9300000000001,26,1.0
12375.0,11,2,457.5,178,2011-09-02 14:23:00,2011-11-29 10:36:00,228.75,99,0.614949494949495
12377.0,316,2,1628.12,944,2010-12-20 09:37:00,2011-01-28 15:45:00,814.06,355,0.17149295774647888
12378.0,130,1,4008.62,2529,2011-08-02 10:34:00,2011-08-02 10:34:00,4008.62,130,0.23415384615384616
12379.0,82,2,852.24,407,2011-06-22 16:32:00,2011-09-19 10:09:00,426.12,171,0.3560233918128655
12380.0,22,4,2724.81,1127,2011-06-07 09:49:00,2011-11-18 11:27:00,681.2025,186,0.6546236559139785
12381.0,5,5,1845.31,808,2011-08-12 09:57:00,2011-12-05 12:44:00,369.062,120,1.2683333333333333
12383.0,185,5,1850.56,1532,2010-12-22 14:28:00,2011-06-08 08:02:00,370.11199999999997,353,0.4311614730878187
12384.0,29,2,585.27,126,2011-08-10 11:23:00,2011-11-11 08:39:00,292.635,122,0.49901639344262294
12386.0,338,2,401.9,354,2010-12-08 09:53:00,2011-01-06 12:37:00,200.95,367,0.16588555858310627
12388.0,16,6,2780.66,1462,2011-01-17 11:12:00,2011-11-24 12:30:00,463.4433333333333,327,0.5585321100917432
12390.0,80,1,549.84,353,2011-09-21 09:33:00,2011-09-21 09:33:00,549.84,80,0.3805
12391.0,22,1,460.89,300,2011-11-18 12:07:00,2011-11-18 12:07:00,460.89,22,1.0
12393.0,73,4,1582.6000000000001,816,2011-01-11 09:47:00,2011-09-28 15:41:00,395.65000000000003,333,0.36564564564564567
12394.0,64,2,1272.48,819,2011-05-06 14:01:00,2011-10-07 08:08:00,636.24,218,0.2792660550458716
12395.0,20,12,3018.63,2118,2010-12-03 16:35:00,2011-11-20 15:21:00,251.5525,372,0.9819354838709677
12397.0,36,2,2409.9,1263,2011-07-27 14:21:00,2011-11-04 09:52:00,1204.95,136,0.4476470588235294
12398.0,46,1,1635.6599999999999,1394,2011-10-25 10:27:00,2011-10-25 10:27:00,1635.6599999999999,46,0.6617391304347826
12399.0,120,4,1108.65,1178,2011-03-23 09:42:00,2011-08-12 13:15:00,277.1625,262,0.46473282442748093
12401.0,304,1,84.3,11,2011-02-09 13:50:00,2011-02-09 13:50:00,84.3,304,0.10013157894736842
12402.0,324,1,225.6,94,2011-01-20 13:49:00,2011-01-20 13:49:00,225.6,324,0.09395061728395061
12403.0,50,1,427.7,96,2011-10-21 10:51:00,2011-10-21 10:51:00,427.7,50,0.6088
12405.0,149,1,1710.39,857,2011-07-14 08:52:00,2011-07-14 08:52:00,1710.39,149,0.20429530201342283
12406.0,23,2,3415.3,1818,2011-06-09 10:23:00,2011-11-17 19:22:00,1707.65,184,0.3308695652173913
12407.0,50,5,1708.1200000000001,1416,2011-03-20 13:21:00,2011-10-21 10:11:00,341.624,265,0.5743396226415095
12408.0,33,5,2888.55,1409,2011-03-24 14:46:00,2011-11-07 12:27:00,577.71,261,0.5831417624521074
12409.0,79,3,11072.67,5551,2011-06-10 12:19:00,2011-09-22 10:38:00,3690.89,183,0.49901639344262294
12410.0,309,2,693.3299999999999,211,2011-02-04 10:38:00,2011-02-04 10:39:00,346.66499999999996,309,0.19702265372168287
12412.0,75,3,1226.88,829,2011-06-23 13:51:00,2011-09-26 10:16:00,408.96000000000004,170,0.5371764705882353
12413.0,67,3,758.1,286,2011-01-06 16:12:00,2011-10-04 09:00:00,252.70000000000002,338,0.2701775147928994
12414.0,218,3,562.41,300,2011-02-02 14:51:00,2011-05-06 14:51:00,187.47,311,0.2936334405144695
12415.0,25,21,124914.53,77374,2011-01-06 11:12:00,2011-11-15 14:22:00,5948.310952380953,338,1.8912426035502958
12417.0,4,9,3649.1,1552,2010-12-17 11:51:00,2011-12-06 14:52:00,405.4555555555555,358,0.7652513966480448
12418.0,113,1,668.58,407,2011-08-19 11:08:00,2011-08-19 11:08:00,668.58,113,0.2693805309734513
12420.0,64,1,600.39,345,2011-10-07 08:55:00,2011-10-07 08:55:00,600.39,64,0.47562499999999996
12421.0,16,4,807.04,484,2011-01-24 15:09:00,2011-11-24 09:07:00,201.76,320,0.3805
12422.0,96,3,803.5600000000001,370,2011-01-19 09:13:00,2011-09-05 09:48:00,267.85333333333335,325,0.2809846153846154
12423.0,1,8,1859.31,1339,2010-12-21 10:54:00,2011-12-09 10:10:00,232.41375,354,0.687909604519774
12424.0,163,2,1760.96,740,2011-06-30 12:06:00,2011-06-30 12:06:00,880.48,163,0.37349693251533744
12425.0,79,1,777.2,496,2011-09-22 17:31:00,2011-09-22 17:31:00,777.2,79,0.38531645569620254
12426.0,195,1,582.73,258,2011-05-29 12:26:00,2011-05-29 12:26:00,582.73,195,0.1561025641025641
12427.0,22,3,825.8,533,2010-12-03 10:44:00,2011-11-18 08:56:00,275.26666666666665,372,0.24548387096774194
12428.0,26,9,7956.46,3536,2011-03-01 09:33:00,2011-11-14 08:22:00,884.0511111111111,284,0.9646478873239437
12429.0,10,4,3750.4,1557,2010-12-09 12:05:00,2011-11-30 17:22:00,937.6,366,0.3326775956284153
12430.0,44,1,256.4,117,2011-10-27 15:09:00,2011-10-27 15:09:00,256.4,44,0.6918181818181819
12431.0,36,15,6487.45,2906,2010-12-01 10:03:00,2011-11-04 11:55:00,432.49666666666667,374,1.2208556149732621
12432.0,43,5,5059.32,1801,2011-06-20 13:27:00,2011-10-28 11:43:00,1011.8639999999999,173,0.8797687861271677
12433.0,1,7,13375.87,11071,2010-12-01 13:24:00,2011-12-09 10:02:00,1910.8385714285716,374,0.5697326203208556
12434.0,85,2,806.14,394,2011-03-24 13:05:00,2011-09-16 12:38:00,403.07,261,0.23325670498084292
12435.0,80,2,7829.89,2055,2011-03-17 07:40:00,2011-09-21 09:06:00,3914.945,268,0.22716417910447761
12436.0,100,1,509.01,211,2011-09-01 12:09:00,2011-09-01 12:09:00,509.01,100,0.3044
12437.0,2,18,4951.41,2922,2011-01-12 14:13:00,2011-12-08 11:35:00,275.0783333333333,332,1.6503614457831326
12438.0,15,2,2906.85,1180,2011-07-22 13:29:00,2011-11-25 13:28:00,1453.425,141,0.43177304964539004
12441.0,367,1,173.55,121,2010-12-08 10:45:00,2010-12-08 10:45:00,173.55,367,0.08294277929155314
12442.0,4,1,172.06,182,2011-12-06 14:22:00,2011-12-06 14:22:00,172.06,4,1.0
12444.0,22,5,5005.46,1153,2011-06-21 14:00:00,2011-11-18 13:23:00,1001.092,172,0.8848837209302326
12445.0,23,1,133.4,62,2011-11-17 18:43:00,2011-11-17 18:43:00,133.4,23,1.0
12446.0,58,1,1002.3100000000001,351,2011-10-13 12:50:00,2011-10-13 12:50:00,1002.3100000000001,58,0.5248275862068966
12447.0,244,1,476.49,190,2011-04-10 13:25:00,2011-04-10 13:25:00,476.49,244,0.12475409836065574
12448.0,45,1,449.45,243,2011-10-26 13:46:00,2011-10-26 13:46:00,449.45,45,0.6764444444444445
12449.0,23,4,4067.29,1553,2011-06-05 15:37:00,2011-11-17 13:46:00,1016.8225,188,0.6476595744680851
12450.0,157,2,197.88,128,2011-06-19 14:36:00,2011-07-06 14:41:00,98.94,174,0.34988505747126436
12451.0,11,5,9035.52,6575,2011-01-19 09:05:00,2011-11-29 08:40:00,1807.104,325,0.46830769230769237
12452.0,17,2,430.57,185,2011-11-23 08:05:00,2011-11-23 10:28:00,215.285,17,2.0
12453.0,135,1,707.09,473,2011-07-28 14:08:00,2011-07-28 14:08:00,707.09,135,0.22548148148148148
12454.0,57,1,3528.34,1006,2011-10-14 17:13:00,2011-10-14 17:13:00,3528.34,57,0.5340350877192983
12455.0,74,6,2466.86,2089,2011-02-16 09:56:00,2011-09-27 15:31:00,411.1433333333334,297,0.614949494949495
12456.0,45,3,3181.04,1633,2011-03-30 09:12:00,2011-10-26 14:41:00,1060.3466666666666,255,0.35811764705882354
12457.0,67,7,2363.23,843,2011-04-14 18:57:00,2011-10-04 13:13:00,337.6042857142857,240,0.8878333333333334
12458.0,72,2,947.4,506,2011-02-28 10:55:00,2011-09-29 15:25:00,473.7,285,0.2136140350877193
12461.0,95,2,826.88,287,2011-07-08 10:23:00,2011-09-06 16:57:00,413.44,155,0.3927741935483871
12462.0,19,2,1189.59,536,2011-02-09 14:44:00,2011-11-21 09:11:00,594.795,304,0.20026315789473684
12463.0,54,4,1344.78,776,2011-04-12 12:47:00,2011-10-17 13:44:00,336.195,242,0.5031404958677687
12464.0,11,8,1212.05,112,2011-02-03 13:30:00,2011-11-29 13:33:00,151.50625,310,0.7855483870967742
12465.0,18,2,742.1899999999999,479,2011-06-23 13:37:00,2011-11-22 16:34:00,371.09499999999997,170,0.35811764705882354
12468.0,188,2,729.5400000000001,366,2011-01-27 13:29:00,2011-06-05 11:36:00,364.77000000000004,317,0.1920504731861199
12471.0,3,30,19824.05,8212,2010-12-10 09:35:00,2011-12-07 15:43:00,660.8016666666666,365,2.5019178082191784
12472.0,33,7,6572.11,4148,2010-12-05 14:19:00,2011-11-07 14:01:00,938.8728571428571,370,0.5758918918918919
12473.0,30,5,3938.5499999999997,2439,2011-06-01 10:15:00,2011-11-10 13:46:00,787.7099999999999,192,0.7927083333333333
12474.0,18,18,7375.79,4847,2011-01-14 10:06:00,2011-11-22 14:39:00,409.7661111111111,330,1.6603636363636365
12475.0,54,1,723.38,535,2011-10-17 10:10:00,2011-10-17 10:10:00,723.38,54,0.5637037037037037
12476.0,16,11,6816.42,2408,2010-12-13 14:39:00,2011-11-24 12:40:00,619.6745454545454,362,0.9249723756906078
12477.0,23,6,13219.74,3653,2011-02-11 12:45:00,2011-11-17 09:51:00,2203.29,302,0.6047682119205298
12478.0,4,1,680.99,236,2011-12-06 09:56:00,2011-12-06 09:56:00,680.99,4,1.0
12479.0,12,1,527.2,385,2011-11-28 13:26:00,2011-11-28 13:26:00,527.2,12,1.0
12480.0,29,4,3281.63,1707,2011-01-07 15:27:00,2011-11-11 14:52:00,820.4075,337,0.3613056379821959
12481.0,23,10,5596.32,3304,2010-12-09 10:13:00,2011-11-17 08:29:00,559.632,366,0.8316939890710383
12483.0,18,8,2484.98,1110,2011-01-04 14:20:00,2011-11-22 17:02:00,310.6225,340,0.7162352941176471
12484.0,33,6,4541.72,2191,2011-01-07 14:04:00,2011-11-07 11:37:00,756.9533333333334,337,0.5419584569732938
12488.0,10,3,1298.66,529,2011-09-25 10:34:00,2011-11-30 08:50:00,432.8866666666667,76,1.201578947368421
12489.0,337,1,334.93,105,2011-01-07 13:13:00,2011-01-07 13:13:00,334.93,337,0.09032640949554897
12490.0,6,10,5417.93,3064,2011-01-14 09:13:00,2011-12-04 16:07:00,541.793,330,0.9224242424242425
12491.0,39,1,460.40000000000003,260,2011-11-01 12:18:00,2011-11-01 12:18:00,460.40000000000003,39,0.7805128205128206
12492.0,64,2,263.21000000000004,192,2011-08-26 14:51:00,2011-10-07 15:15:00,131.60500000000002,106,0.5743396226415095
12493.0,166,2,433.74,207,2011-05-26 14:53:00,2011-06-27 10:17:00,216.87,198,0.3074747474747475
12494.0,16,7,1246.1000000000001,707,2010-12-09 11:31:00,2011-11-24 09:34:00,178.01428571428573,366,0.5821857923497268
12497.0,82,1,1043.1,1236,2011-09-19 12:29:00,2011-09-19 12:29:00,1043.1,82,0.37121951219512195
12498.0,22,3,403.70000000000005,159,2011-10-13 09:30:00,2011-11-18 12:53:00,134.5666666666667,58,1.5744827586206898
12500.0,24,11,4257.82,2678,2011-01-10 09:48:00,2011-11-16 16:20:00,387.07454545454544,334,1.0025149700598803
12501.0,337,1,2169.39,1783,2011-01-07 12:28:00,2011-01-07 12:28:00,2169.39,337,0.09032640949554897
12502.0,96,5,3723.87,820,2011-02-03 10:41:00,2011-09-05 11:52:00,744.774,310,0.49096774193548387
12504.0,19,2,482.04999999999995,90,2011-11-09 14:56:00,2011-11-21 16:02:00,241.02499999999998,31,1.9638709677419355
12506.0,233,1,73.5,23,2011-04-21 08:54:00,2011-04-21 08:54:00,73.5,233,0.13064377682403433
12507.0,135,3,1304.81,894,2011-02-14 09:24:00,2011-07-28 17:09:00,434.93666666666667,299,0.3054180602006689
12508.0,27,2,398.27,272,2011-11-10 16:27:00,2011-11-13 15:37:00,199.135,30,2.0
12509.0,285,1,176.5,55,2011-02-28 14:45:00,2011-02-28 14:45:00,176.5,285,0.10680701754385966
12510.0,143,2,982.5699999999999,353,2011-01-18 14:04:00,2011-07-20 10:15:00,491.28499999999997,326,0.18674846625766872
12512.0,67,2,138.03,99,2011-10-04 14:53:00,2011-10-04 14:55:00,69.015,67,0.9086567164179105
12513.0,113,1,612.29,462,2011-08-19 10:51:00,2011-08-19 10:51:00,612.29,113,0.2693805309734513
12514.0,268,1,1017.68,440,2011-03-17 16:38:00,2011-03-17 16:38:00,1017.68,268,0.11358208955223881
12515.0,354,1,383.7,131,2010-12-21 15:43:00,2010-12-21 15:43:00,383.7,354,0.08598870056497175
12516.0,78,2,1312.06,875,2011-06-12 11:37:00,2011-09-23 09:13:00,656.03,181,0.336353591160221
12517.0,29,5,2502.84,1371,2011-06-02 15:13:00,2011-11-11 14:04:00,500.56800000000004,191,0.7968586387434555
12518.0,1,5,2056.89,1318,2011-08-21 13:18:00,2011-12-09 10:13:00,411.378,111,1.3711711711711712
12519.0,64,1,340.84,183,2011-10-07 09:26:00,2011-10-07 09:26:00,340.84,64,0.47562499999999996
12520.0,80,5,2634.26,1439,2011-03-11 11:35:00,2011-09-21 15:23:00,526.8520000000001,274,0.5554744525547445
12521.0,143,1,599.68,309,2011-07-20 10:51:00,2011-07-20 10:51:00,599.68,143,0.21286713286713285
12522.0,40,2,192.72,194,2011-10-19 14:41:00,2011-10-31 15:30:00,96.36,52,1.1707692307692308
12523.0,20,11,1789.77,865,2011-01-12 09:43:00,2011-11-20 12:55:00,162.70636363636365,332,1.00855421686747
12524.0,10,8,4485.72,3699,2011-01-10 10:35:00,2011-11-30 15:31:00,560.715,334,0.7291017964071856
12526.0,1,3,1316.66,632,2011-09-06 14:19:00,2011-12-09 12:09:00,438.8866666666667,95,0.9612631578947369
12527.0,82,3,348.71000000000004,234,2011-01-18 12:05:00,2011-09-19 11:55:00,116.23666666666668,326,0.2801226993865031
12528.0,10,6,1933.48,756,2011-01-31 09:05:00,2011-11-30 14:40:00,322.24666666666667,313,0.5835143769968052
12530.0,60,4,1662.28,913,2011-01-07 10:04:00,2011-10-11 12:34:00,415.57,337,0.3613056379821959
12531.0,15,1,125.22,45,2011-11-25 11:12:00,2011-11-25 11:12:00,125.22,15,1.0
12532.0,31,1,349.83000000000004,153,2011-11-09 13:47:00,2011-11-09 13:47:00,349.83000000000004,31,0.9819354838709677
12534.0,131,1,1089.18,651,2011-08-01 10:26:00,2011-08-01 10:26:00,1089.18,131,0.23236641221374046
12535.0,92,2,716.35,219,2011-06-06 12:47:00,2011-09-09 08:48:00,358.175,187,0.3255614973262032
12536.0,44,3,12601.830000000002,2803,2011-10-11 14:52:00,2011-10-27 14:20:00,4200.610000000001,60,1.522
12538.0,30,1,363.95,191,2011-11-10 17:16:00,2011-11-10 17:16:00,363.95,30,1.0
12539.0,23,4,5568.35,2067,2011-01-10 09:11:00,2011-11-17 13:30:00,1392.0875,334,0.3645508982035928
12540.0,20,17,13400.24,6685,2010-12-13 09:39:00,2011-11-20 11:31:00,788.2494117647059,362,1.4295027624309393
12541.0,30,3,981.18,680,2011-03-04 09:32:00,2011-11-10 10:40:00,327.06,281,0.324982206405694
12544.0,37,1,372.7,136,2011-11-03 16:15:00,2011-11-03 16:15:00,372.7,37,0.8227027027027027
12545.0,76,2,1000.39,523,2011-03-25 12:04:00,2011-09-25 13:39:00,500.195,260,0.23415384615384616
12546.0,47,2,1161.5,633,2011-09-23 09:44:00,2011-10-24 12:09:00,580.75,78,0.7805128205128206
12547.0,198,2,207.79999999999998,134,2011-03-04 12:46:00,2011-05-26 12:38:00,103.89999999999999,281,0.21665480427046266
12548.0,167,1,95.19999999999999,49,2011-06-26 15:35:00,2011-06-26 15:35:00,95.19999999999999,167,0.1822754491017964
12550.0,80,1,964.83,569,2011-09-21 14:35:00,2011-09-21 14:35:00,964.83,80,0.3805
12551.0,358,1,168.0,100,2010-12-17 11:23:00,2010-12-17 11:23:00,168.0,358,0.08502793296089385
12552.0,39,2,437.82,88,2011-10-31 12:11:00,2011-11-01 10:02:00,218.91,40,1.522
12553.0,9,10,3692.28,1965,2011-01-14 10:42:00,2011-12-01 16:38:00,369.228,330,0.9224242424242425
12556.0,51,2,603.71,358,2011-07-11 13:35:00,2011-10-20 13:06:00,301.855,152,0.4005263157894737
12557.0,17,5,11990.960000000001,4384,2010-12-03 12:20:00,2011-11-23 16:59:00,2398.192,372,0.4091397849462366
12558.0,8,1,269.96,196,2011-12-02 10:41:00,2011-12-02 10:41:00,269.96,8,1.0
12559.0,311,2,561.71,283,2011-01-24 10:12:00,2011-02-02 09:49:00,280.855,320,0.19025
12560.0,6,3,2134.01,1110,2011-07-19 15:55:00,2011-12-04 13:54:00,711.3366666666667,144,0.6341666666666667
12561.0,303,1,238.85,177,2011-02-10 11:39:00,2011-02-10 11:39:00,238.85,303,0.10046204620462047
12562.0,9,7,3781.7400000000002,1779,2011-05-25 12:44:00,2011-12-01 17:20:00,540.2485714285715,199,1.0707537688442212
12564.0,262,1,456.9,133,2011-03-23 14:55:00,2011-03-23 14:55:00,456.9,262,0.11618320610687023
12565.0,289,1,145.92,80,2011-02-24 10:34:00,2011-02-24 10:34:00,145.92,289,0.1053287197231834
12566.0,87,1,351.65,265,2011-09-14 14:30:00,2011-09-14 14:30:00,351.65,87,0.34988505747126436
12567.0,23,10,9401.28,4305,2010-12-05 11:57:00,2011-11-17 11:02:00,940.128,370,0.8227027027027027
12569.0,3,32,4124.69,1801,2011-04-01 13:47:00,2011-12-07 16:24:00,128.8965625,253,3.850118577075099
12571.0,40,2,519.61,523,2011-08-10 12:35:00,2011-10-31 10:19:00,259.805,122,0.49901639344262294
12572.0,9,2,1020.42,452,2011-10-19 08:20:00,2011-12-01 09:20:00,510.21,52,1.1707692307692308
12573.0,228,1,160.54000000000002,84,2011-04-26 15:52:00,2011-04-26 15:52:00,160.54000000000002,228,0.13350877192982458
12574.0,316,1,218.45,61,2011-01-28 09:20:00,2011-01-28 09:20:00,218.45,316,0.09632911392405064
12576.0,36,5,1315.83,967,2011-02-08 11:31:00,2011-11-04 10:11:00,263.166,305,0.499016393442623
12577.0,36,3,657.8,472,2010-12-15 16:21:00,2011-11-04 13:24:00,219.26666666666665,360,0.25366666666666665
12578.0,22,2,2794.51,1196,2011-01-13 15:34:00,2011-11-18 13:30:00,1397.255,331,0.18392749244712991
12579.0,79,1,440.42,285,2011-09-22 17:15:00,2011-09-22 17:15:00,440.42,79,0.38531645569620254
12580.0,247,1,415.7,238,2011-04-07 10:24:00,2011-04-07 10:24:00,415.7,247,0.12323886639676114
12581.0,40,1,197.71,161,2011-10-31 08:56:00,2011-10-31 08:56:00,197.71,40,0.761
12582.0,239,2,511.36,300,2011-02-24 11:42:00,2011-04-15 08:45:00,255.68,289,0.2106574394463668
12583.0,3,15,7281.38,5060,2010-12-01 08:45:00,2011-12-07 08:07:00,485.42533333333336,374,1.2208556149732621
12584.0,4,9,2338.15,416,2011-03-04 15:15:00,2011-12-06 09:35:00,259.7944444444445,281,0.9749466192170819
12585.0,235,2,2040.1,1279,2010-12-23 12:58:00,2011-04-19 13:39:00,1020.05,352,0.17295454545454547
12586.0,18,1,196.94000000000003,79,2011-11-22 16:24:00,2011-11-22 16:24:00,196.94000000000003,18,1.0
12587.0,8,1,144.0,51,2011-12-02 12:47:00,2011-12-02 12:47:00,144.0,8,1.0
12588.0,40,1,214.89999999999998,53,2011-10-31 15:01:00,2011-10-31 15:01:00,214.89999999999998,40,0.761
12589.0,29,2,646.68,306,2011-07-18 12:05:00,2011-11-11 10:19:00,323.34,145,0.41986206896551725
12590.0,212,2,9864.26,4283,2011-05-12 14:46:00,2011-05-12 14:52:00,4932.13,212,0.28716981132075475
12591.0,318,1,452.84999999999997,228,2011-01-26 14:35:00,2011-01-26 14:35:00,452.84999999999997,318,0.09572327044025157
12592.0,93,2,437.6,290,2011-05-10 13:44:00,2011-09-08 15:04:00,218.8,214,0.28448598130841124
12593.0,109,3,418.09999999999997,206,2011-05-05 09:29:00,2011-08-23 12:43:00,139.36666666666665,219,0.41698630136986303
12594.0,38,10,3338.2200000000003,1777,2011-01-21 09:52:00,2011-11-02 12:20:00,333.822,323,0.9424148606811147
12596.0,52,2,618.27,474,2011-04-11 13:22:00,2011-10-19 13:02:00,309.135,243,0.2505349794238683
12597.0,20,4,3811.22,2236,2011-03-16 14:00:00,2011-11-20 13:33:00,952.805,269,0.452639405204461
12598.0,10,8,3023.08,1964,2011-02-28 11:58:00,2011-11-30 12:18:00,377.885,285,0.8544561403508772
12599.0,30,7,1032.58,956,2011-02-08 13:28:00,2011-11-10 13:34:00,147.51142857142855,305,0.6986229508196722
12600.0,29,10,2599.04,774,2010-12-03 12:57:00,2011-11-11 10:29:00,259.904,372,0.8182795698924732
12601.0,190,5,577.0600000000001,245,2011-01-11 10:38:00,2011-06-03 10:17:00,115.412,333,0.4570570570570571
12602.0,59,1,153.12,162,2011-10-12 11:22:00,2011-10-12 11:22:00,153.12,59,0.5159322033898306
12603.0,22,1,739.1999999999999,63,2011-11-18 10:42:00,2011-11-18 10:42:00,739.1999999999999,22,1.0
12604.0,80,2,254.18,201,2011-03-23 12:06:00,2011-09-21 14:08:00,127.09,262,0.23236641221374046
12607.0,61,1,1579.51,1228,2011-10-10 16:06:00,2011-10-10 16:06:00,1579.51,61,0.49901639344262294
12609.0,79,3,1126.85,648,2011-01-25 15:13:00,2011-09-22 16:34:00,375.6166666666666,319,0.28626959247648903
12610.0,23,5,2099.54,1049,2011-08-05 13:52:00,2011-11-17 09:34:00,419.908,127,1.1984251968503936
12611.0,53,1,1193.32,846,2011-10-18 13:12:00,2011-10-18 13:12:00,1193.32,53,0.5743396226415095
12612.0,75,1,704.0400000000001,262,2011-09-26 15:35:00,2011-09-26 15:35:00,704.0400000000001,75,0.40586666666666665
12613.0,58,5,3344.38,1644,2011-03-22 15:42:00,2011-10-13 14:59:00,668.876,263,0.5787072243346008
12614.0,278,1,315.6,76,2011-03-07 10:22:00,2011-03-07 10:22:00,315.6,278,0.10949640287769784
12615.0,3,4,2291.19,1376,2011-06-24 13:35:00,2011-12-07 15:02:00,572.7975,169,0.720473372781065
12616.0,96,2,713.3,284,2011-02-15 14:17:00,2011-09-05 15:17:00,356.65,298,0.20429530201342283
12617.0,30,1,355.53,213,2011-11-10 14:39:00,2011-11-10 14:39:00,355.53,30,1.0
12618.0,22,1,177.31,96,2011-11-18 11:10:00,2011-11-18 11:10:00,177.31,22,1.0
12619.0,17,9,3641.24,3378,2011-03-31 13:10:00,2011-11-23 14:52:00,404.5822222222222,254,1.0785826771653544
12620.0,15,3,1339.41,1181,2011-05-19 12:10:00,2011-11-25 10:20:00,446.47,205,0.44546341463414635
12621.0,2,20,13689.67,7440,2010-12-09 10:16:00,2011-12-08 11:25:00,684.4835,366,1.6633879781420766
12622.0,233,1,180.1,69,2011-04-21 16:39:00,2011-04-21 16:39:00,180.1,233,0.13064377682403433
12623.0,277,1,305.1,191,2011-03-08 13:50:00,2011-03-08 13:50:00,305.1,277,0.10989169675090253
12624.0,107,2,641.13,355,2011-06-15 12:34:00,2011-08-25 15:04:00,320.565,178,0.34202247191011237
12625.0,212,2,2683.82,1612,2011-01-24 13:27:00,2011-05-12 09:54:00,1341.91,320,0.19025
12626.0,24,9,6620.48,3453,2011-01-17 11:01:00,2011-11-16 16:06:00,735.6088888888888,327,0.8377981651376147
12627.0,11,7,4478.53,2752,2011-07-22 13:59:00,2011-11-29 12:07:00,639.79,141,1.5112056737588653
12628.0,5,3,786.46,448,2011-10-06 09:28:00,2011-12-05 13:15:00,262.15333333333336,65,1.404923076923077
12630.0,10,2,1270.88,548,2011-10-27 10:41:00,2011-11-30 10:48:00,635.44,44,1.3836363636363638
12631.0,58,1,640.5,236,2011-10-13 13:53:00,2011-10-13 13:53:00,640.5,58,0.5248275862068966
12633.0,59,4,2163.98,1162,2011-02-25 08:44:00,2011-10-12 11:40:00,540.995,288,0.42277777777777775
12635.0,90,2,1689.18,1172,2011-07-08 08:43:00,2011-09-11 11:04:00,844.59,155,0.3927741935483871
12637.0,68,8,6021.9,3002,2011-01-20 10:47:00,2011-10-03 13:46:00,752.7375,324,0.7516049382716049
12638.0,34,1,671.69,577,2011-11-06 13:11:00,2011-11-06 13:11:00,671.69,34,0.8952941176470588
12639.0,239,1,486.1,201,2011-04-15 12:48:00,2011-04-15 12:48:00,486.1,239,0.1273640167364017
12640.0,24,3,1174.58,311,2011-09-19 12:01:00,2011-11-16 11:52:00,391.52666666666664,82,1.113658536585366
12641.0,116,1,185.9,72,2011-08-16 13:26:00,2011-08-16 13:26:00,185.9,116,0.2624137931034483
12642.0,26,3,1013.26,552,2011-08-24 09:23:00,2011-11-14 15:03:00,337.75333333333333,108,0.8455555555555556
12643.0,129,6,3344.64,1808,2011-01-11 11:48:00,2011-08-03 12:56:00,557.4399999999999,333,0.5484684684684685
12644.0,130,1,477.91,325,2011-08-02 10:33:00,2011-08-02 10:33:00,477.91,130,0.23415384615384616
12645.0,34,4,1775.18,1084,2011-01-27 13:08:00,2011-11-06 12:38:00,443.795,317,0.3841009463722398
12646.0,5,2,1346.97,897,2011-10-21 12:52:00,2011-12-05 10:14:00,673.485,50,1.2176
12647.0,23,12,3722.82,1431,2010-12-05 14:02:00,2011-11-17 12:56:00,310.235,370,0.9872432432432433
12648.0,155,1,318.05,160,2011-07-08 11:55:00,2011-07-08 11:55:00,318.05,155,0.19638709677419355
12649.0,108,3,623.51,586,2011-05-11 14:37:00,2011-08-24 14:41:00,207.83666666666667,213,0.4287323943661972
12650.0,4,1,314.44,254,2011-12-06 16:34:00,2011-12-06 16:34:00,314.44,4,1.0
12651.0,335,1,114.0,78,2011-01-09 12:46:00,2011-01-09 12:46:00,114.0,335,0.09086567164179106
12652.0,332,1,919.98,505,2011-01-12 15:00:00,2011-01-12 15:00:00,919.98,332,0.0916867469879518
12653.0,149,2,2209.85,919,2011-02-16 10:53:00,2011-07-14 10:41:00,1104.925,297,0.204983164983165
12654.0,11,5,601.98,264,2011-02-17 13:16:00,2011-11-29 10:10:00,120.396,296,0.5141891891891892
12656.0,18,5,4051.17,1723,2011-04-20 09:20:00,2011-11-22 13:42:00,810.234,234,0.6504273504273504
12657.0,12,4,1643.18,1044,2011-09-22 11:40:00,2011-11-28 15:47:00,410.795,79,1.5412658227848102
12658.0,19,1,686.05,320,2011-11-21 10:22:00,2011-11-21 10:22:00,686.05,19,1.0
12659.0,30,1,91.68,105,2011-11-10 11:53:00,2011-11-10 11:53:00,91.68,30,1.0
12660.0,12,1,245.1,127,2011-11-28 13:26:00,2011-11-28 13:26:00,245.1,12,1.0
12662.0,1,11,3849.78,2058,2010-12-01 13:04:00,2011-12-09 11:59:00,349.98,374,0.8952941176470589
12664.0,9,9,4881.88,1203,2011-01-21 11:42:00,2011-12-01 17:07:00,542.4311111111111,323,0.8481733746130031
12665.0,325,1,63.0,37,2011-01-19 08:34:00,2011-01-19 08:34:00,63.0,325,0.09366153846153848
12667.0,59,1,620.13,395,2011-10-12 17:00:00,2011-10-12 17:00:00,620.13,59,0.5159322033898306
12668.0,12,4,3807.15,1634,2010-12-19 12:46:00,2011-11-28 10:56:00,951.7875,356,0.34202247191011237
12669.0,151,3,2744.0299999999997,1115,2011-03-28 10:15:00,2011-07-12 09:54:00,914.6766666666666,257,0.3553307392996109
12670.0,11,5,2996.05,1397,2011-04-21 10:16:00,2011-11-29 15:23:00,599.21,233,0.6532188841201717
12672.0,330,1,225.89999999999998,78,2011-01-14 09:20:00,2011-01-14 09:20:00,225.89999999999998,330,0.09224242424242424
12673.0,6,2,610.52,351,2011-01-17 11:46:00,2011-12-04 13:55:00,305.26,327,0.18617737003058105
12674.0,39,4,1970.6,1133,2011-05-16 09:10:00,2011-11-01 12:12:00,492.65,208,0.5853846153846154
12676.0,25,6,1331.39,670,2011-02-01 15:41:00,2011-11-15 12:25:00,221.89833333333334,312,0.5853846153846154
12678.0,43,12,17628.46,10923,2010-12-21 11:00:00,2011-10-28 13:04:00,1469.0383333333332,354,1.031864406779661
12679.0,59,4,1113.02,554,2011-03-01 12:26:00,2011-10-12 12:30:00,278.255,284,0.4287323943661972
12680.0,1,4,862.81,443,2011-08-18 15:44:00,2011-12-09 12:50:00,215.7025,114,1.0680701754385966
12681.0,15,22,13787.54,7536,2010-12-07 10:08:00,2011-11-25 11:33:00,626.7063636363637,368,1.8197826086956523
12682.0,4,31,12288.22,5575,2010-12-03 13:59:00,2011-12-06 10:00:00,396.3941935483871,372,2.5366666666666666
12683.0,5,15,8476.57,4987,2010-12-09 10:37:00,2011-12-05 16:31:00,565.1046666666666,366,1.2475409836065574
12684.0,8,7,2283.63,1985,2011-05-10 12:55:00,2011-12-02 09:53:00,326.23285714285714,214,0.9957009345794393
12685.0,29,6,2863.08,1523,2011-09-07 10:28:00,2011-11-11 13:46:00,477.18,94,1.9429787234042555
12686.0,372,1,89.14,107,2010-12-03 09:51:00,2010-12-03 09:51:00,89.14,372,0.08182795698924732
12688.0,114,1,4873.8099999999995,3028,2011-08-18 08:49:00,2011-08-18 08:49:00,4873.8099999999995,114,0.26701754385964915
12689.0,26,2,1247.61,628,2011-08-04 10:04:00,2011-11-14 08:31:00,623.805,128,0.47562499999999996
12690.0,206,1,389.01,106,2011-05-18 09:09:00,2011-05-18 09:09:00,389.01,206,0.14776699029126214
12691.0,29,6,1035.8,394,2010-12-17 14:46:00,2011-11-11 16:49:00,172.63333333333333,358,0.5101675977653631
12693.0,128,4,855.91,255,2011-01-24 12:58:00,2011-08-04 17:51:00,213.9775,320,0.3805
12694.0,71,2,869.67,509,2011-06-09 17:48:00,2011-09-30 13:06:00,434.835,184,0.3308695652173913
12695.0,8,4,582.1,220,2011-05-13 13:15:00,2011-12-02 13:22:00,145.525,211,0.5770616113744076
12697.0,29,3,957.59,508,2011-06-23 15:44:00,2011-11-11 08:47:00,319.19666666666666,170,0.5371764705882353
12700.0,8,4,4939.99,2967,2011-05-08 16:10:00,2011-12-02 10:47:00,1234.9975,216,0.5637037037037037
12701.0,80,2,797.71,678,2011-04-11 13:02:00,2011-09-21 10:47:00,398.855,243,0.2505349794238683
12702.0,20,1,219.0,53,2011-11-20 10:36:00,2011-11-20 10:36:00,219.0,20,1.0
12703.0,72,1,283.55,164,2011-09-29 17:52:00,2011-09-29 17:52:00,283.55,72,0.42277777777777775
12704.0,8,8,2340.84,1006,2011-06-23 10:20:00,2011-12-02 13:15:00,292.605,170,1.4324705882352942
12705.0,16,9,6868.29,3997,2010-12-17 15:58:00,2011-11-24 13:17:00,763.1433333333333,358,0.7652513966480448
12707.0,292,1,603.42,256,2011-02-21 08:38:00,2011-02-21 08:38:00,603.42,292,0.10424657534246576
12708.0,30,10,2712.91,1307,2010-12-06 10:43:00,2011-11-10 09:52:00,271.291,369,0.8249322493224933
12709.0,16,15,9736.52,3936,2010-12-08 09:49:00,2011-11-24 15:38:00,649.1013333333334,367,1.244141689373297
12710.0,97,3,1149.02,851,2011-05-22 14:05:00,2011-09-04 12:00:00,383.00666666666666,202,0.4520792079207921
12712.0,29,13,4396.13,1062,2010-12-03 14:30:00,2011-11-11 08:19:00,338.1638461538462,372,1.063763440860215
12713.0,1,1,848.55,508,2011-12-09 12:16:00,2011-12-09 12:16:00,848.55,1,1.0
12714.0,10,5,4708.86,3069,2011-02-18 10:53:00,2011-11-30 15:43:00,941.7719999999999,295,0.5159322033898306
12715.0,107,1,353.86,197,2011-08-25 15:22:00,2011-08-25 15:22:00,353.86,107,0.28448598130841124
12716.0,4,2,1053.49,708,2011-07-29 13:28:00,2011-12-06 08:55:00,526.745,134,0.45432835820895523
12717.0,152,2,1030.98,506,2011-04-08 10:32:00,2011-07-11 14:47:00,515.49,246,0.24747967479674796
12718.0,72,1,238.25,203,2011-09-29 16:38:00,2011-09-29 16:38:00,238.25,72,0.42277777777777775
12719.0,6,2,644.95,374,2011-10-05 14:50:00,2011-12-04 13:45:00,322.475,66,0.9224242424242424
12720.0,3,25,5781.73,4672,2010-12-05 15:21:00,2011-12-07 08:03:00,231.26919999999998,370,2.056756756756757
12721.0,32,6,2656.13,1959,2010-12-20 11:38:00,2011-11-08 12:13:00,442.68833333333333,355,0.5144788732394366
12722.0,86,4,997.63,566,2011-07-12 11:55:00,2011-09-15 14:50:00,249.4075,151,0.8063576158940398
12723.0,4,5,725.07,434,2011-10-05 15:52:00,2011-12-06 10:19:00,145.014,66,2.306060606060606
12724.0,6,4,1031.41,445,2011-01-11 15:00:00,2011-12-04 16:02:00,257.8525,333,0.36564564564564567
12725.0,372,1,427.8,164,2010-12-03 15:45:00,2010-12-03 15:45:00,427.8,372,0.08182795698924732
12726.0,29,7,2609.1,3143,2010-12-17 12:56:00,2011-11-11 13:35:00,372.7285714285714,358,0.595195530726257
12727.0,11,7,3980.7,2098,2011-01-23 15:17:00,2011-11-29 11:46:00,568.6714285714286,321,0.6638006230529596
12728.0,72,4,836.33,419,2011-01-11 13:31:00,2011-09-29 15:31:00,209.0825,333,0.36564564564564567
12729.0,114,1,453.01,233,2011-08-18 11:40:00,2011-08-18 11:40:00,453.01,114,0.26701754385964915
12731.0,24,12,18895.91,8437,2010-12-10 10:56:00,2011-11-16 11:59:00,1574.6591666666666,365,1.0007671232876714
12732.0,180,1,236.26000000000002,111,2011-06-13 11:33:00,2011-06-13 11:33:00,236.26000000000002,180,0.16911111111111113
12733.0,235,1,383.95,137,2011-04-19 16:19:00,2011-04-19 16:19:00,383.95,235,0.12953191489361704
12734.0,353,1,110.39999999999999,88,2010-12-22 12:47:00,2010-12-22 12:47:00,110.39999999999999,353,0.08623229461756375
12735.0,316,2,779.5699999999999,368,2011-01-06 14:26:00,2011-01-28 13:37:00,389.78499999999997,338,0.18011834319526626
12736.0,333,1,234.0,173,2011-01-11 07:57:00,2011-01-11 07:57:00,234.0,333,0.09141141141141142
12738.0,373,1,155.35,148,2010-12-02 18:27:00,2010-12-02 18:27:00,155.35,373,0.08160857908847186
12739.0,79,2,1013.04,486,2011-09-01 17:45:00,2011-09-22 13:00:00,506.52,100,0.6088
12740.0,64,1,427.6,342,2011-10-07 10:44:00,2011-10-07 10:44:00,427.6,64,0.47562499999999996
12743.0,135,2,546.43,319,2011-07-28 16:06:00,2011-07-28 16:21:00,273.215,135,0.45096296296296295
12744.0,52,7,21279.29,5241,2011-01-25 13:26:00,2011-10-19 11:18:00,3039.8985714285714,319,0.6679623824451412
12747.0,3,11,4196.01,1275,2010-12-05 15:38:00,2011-12-07 14:34:00,381.4554545454546,370,0.904972972972973
12748.0,1,209,33719.73,25747,2010-12-01 12:48:00,2011-12-09 12:20:00,161.3384210526316,374,17.01058823529412
12749.0,4,5,4090.88,1471,2011-05-10 15:25:00,2011-12-06 09:56:00,818.176,214,0.7112149532710281
12750.0,129,1,275.88,137,2011-08-03 09:13:00,2011-08-03 09:13:00,275.88,129,0.235968992248062
12752.0,82,1,4366.78,2262,2011-09-19 13:32:00,2011-09-19 13:32:00,4366.78,82,0.37121951219512195
12753.0,23,6,21429.39,11421,2010-12-12 11:44:00,2011-11-17 10:52:00,3571.565,363,0.5031404958677687
12754.0,236,3,3010.74,6481,2011-02-04 10:31:00,2011-04-18 09:00:00,1003.5799999999999,309,0.2955339805825243
12755.0,281,2,3811.95,1491,2010-12-09 10:44:00,2011-03-04 12:42:00,1905.975,366,0.16633879781420766
12756.0,87,1,112.07999999999998,144,2011-09-14 09:31:00,2011-09-14 09:31:00,112.07999999999998,87,0.34988505747126436
12757.0,16,13,7857.1,2402,2011-05-12 19:01:00,2011-11-24 12:30:00,604.3923076923077,212,1.8666037735849057
12758.0,117,2,2791.59,2135,2011-03-08 12:05:00,2011-08-15 10:22:00,1395.795,277,0.21978339350180506
12759.0,53,3,1531.44,902,2011-03-09 08:09:00,2011-10-18 14:49:00,510.48,276,0.3308695652173913
12762.0,8,2,1898.52,1227,2011-11-14 14:23:00,2011-12-02 10:23:00,949.26,26,2.0
12763.0,139,2,494.08,316,2010-12-05 15:46:00,2011-07-24 14:12:00,247.04,370,0.16454054054054054
12764.0,317,1,1693.88,386,2011-01-27 10:19:00,2011-01-27 10:19:00,1693.88,317,0.09602523659305995
12766.0,4,7,6989.63,3646,2010-12-08 13:53:00,2011-12-06 08:46:00,998.5185714285715,367,0.580599455040872
12769.0,239,1,1143.6,356,2011-04-15 10:25:00,2011-04-15 10:25:00,1143.6,239,0.1273640167364017
12770.0,211,1,1351.45,743,2011-05-13 09:33:00,2011-05-13 09:33:00,1351.45,211,0.1442654028436019
12772.0,60,1,892.47,556,2011-10-11 09:19:00,2011-10-11 09:19:00,892.47,60,0.5073333333333334
12775.0,18,5,1386.04,877,2011-02-01 13:45:00,2011-11-22 16:33:00,277.20799999999997,312,0.4878205128205128
12778.0,20,6,822.23,825,2011-01-31 14:35:00,2011-11-20 11:30:00,137.03833333333333,313,0.5835143769968052
12779.0,38,8,3981.36,2024,2010-12-03 13:40:00,2011-11-02 11:43:00,497.67,372,0.6546236559139785
12781.0,64,2,826.74,671,2011-02-28 08:43:00,2011-10-07 10:37:00,413.37,285,0.2136140350877193
12782.0,5,5,2330.92,1086,2010-12-17 11:30:00,2011-12-05 09:16:00,466.184,358,0.4251396648044693
12783.0,3,6,2225.91,624,2011-09-25 15:35:00,2011-12-07 15:56:00,370.98499999999996,76,2.403157894736842
12784.0,10,2,574.42,300,2011-11-24 12:53:00,2011-11-30 15:38:00,287.21,16,2.0
12785.0,365,1,311.95,131,2010-12-10 13:48:00,2010-12-10 13:48:00,311.95,365,0.08339726027397261
12787.0,10,3,463.66,261,2011-05-31 09:36:00,2011-11-30 08:44:00,154.55333333333334,193,0.4731606217616581
12789.0,66,1,91.85,4,2011-10-05 13:34:00,2011-10-05 13:34:00,91.85,66,0.4612121212121212
12790.0,193,1,324.92,166,2011-05-31 14:14:00,2011-05-31 14:14:00,324.92,193,0.15772020725388602
12791.0,374,1,192.60000000000002,97,2010-12-01 11:27:00,2010-12-01 11:27:00,192.60000000000002,374,0.0813903743315508
12792.0,257,1,400.53999999999996,217,2011-03-28 11:36:00,2011-03-28 11:36:00,400.53999999999996,257,0.11844357976653698
12793.0,335,2,545.48,295,2010-12-03 15:14:00,2011-01-09 12:12:00,272.74,372,0.16365591397849463
12794.0,54,2,860.41,592,2011-09-02 12:01:00,2011-10-17 14:54:00,430.205,99,0.614949494949495
12795.0,19,1,430.48,68,2011-11-21 10:27:00,2011-11-21 10:27:00,430.48,19,1.0
12797.0,366,1,254.03,118,2010-12-09 10:55:00,2010-12-09 10:55:00,254.03,366,0.08316939890710383
12798.0,11,3,6977.04,5256,2011-06-22 10:11:00,2011-11-29 15:52:00,2325.68,171,0.5340350877192983
12802.0,187,1,427.58,314,2011-06-06 09:36:00,2011-06-06 09:36:00,427.58,187,0.1627807486631016
12808.0,37,3,483.65000000000003,188,2010-12-06 10:27:00,2011-11-03 10:05:00,161.21666666666667,369,0.24747967479674798
12809.0,178,1,489.31,220,2011-06-15 10:51:00,2011-06-15 10:51:00,489.31,178,0.17101123595505618
12811.0,261,3,514.85,230,2011-02-28 15:39:00,2011-03-24 09:42:00,171.61666666666667,285,0.320421052631579
12812.0,45,1,229.64000000000001,164,2011-10-26 09:54:00,2011-10-26 09:54:00,229.64000000000001,45,0.6764444444444445
12814.0,102,1,125.92,49,2011-08-30 12:11:00,2011-08-30 12:11:00,125.92,102,0.29843137254901964
12815.0,148,2,1063.46,379,2011-05-25 13:34:00,2011-07-15 10:21:00,531.73,199,0.30592964824120605
12816.0,96,2,572.2,128,2011-06-16 13:24:00,2011-09-05 12:41:00,286.1,177,0.343954802259887
12817.0,282,1,166.04,53,2011-03-03 16:28:00,2011-03-03 16:28:00,166.04,282,0.10794326241134751
12818.0,262,1,1542.08,929,2011-03-23 12:06:00,2011-03-23 12:06:00,1542.08,262,0.11618320610687023
12820.0,4,4,942.34,722,2011-01-17 12:34:00,2011-12-06 15:12:00,235.585,327,0.3723547400611621
12821.0,215,1,92.72,70,2011-05-09 15:51:00,2011-05-09 15:51:00,92.72,215,0.1415813953488372
12822.0,71,2,948.88,550,2011-09-13 13:46:00,2011-09-30 10:04:00,474.44,88,0.6918181818181819
12823.0,75,5,1759.5,230,2011-02-16 12:15:00,2011-09-26 07:35:00,351.9,297,0.5124579124579125
12824.0,60,1,397.12,232,2011-10-11 12:49:00,2011-10-11 12:49:00,397.12,60,0.5073333333333334
12826.0,3,7,1474.72,1058,2010-12-09 15:21:00,2011-12-07 10:25:00,210.67428571428573,366,0.5821857923497268
12827.0,6,3,430.15000000000003,197,2011-10-26 15:44:00,2011-12-04 12:17:00,143.38333333333335,45,2.029333333333333
12828.0,3,6,1018.71,494,2011-08-01 16:16:00,2011-12-07 08:45:00,169.785,131,1.3941984732824426
12829.0,337,2,293.0,376,2010-12-14 14:54:00,2011-01-07 11:13:00,146.5,361,0.16864265927977842
12830.0,38,6,6814.64,9848,2011-06-21 10:53:00,2011-11-02 11:54:00,1135.7733333333333,172,1.061860465116279
12831.0,263,1,215.05,135,2011-03-22 13:02:00,2011-03-22 13:02:00,215.05,263,0.11574144486692016
12832.0,33,2,383.03,195,2011-09-02 13:48:00,2011-11-07 13:30:00,191.515,99,0.614949494949495
12833.0,146,1,417.38,156,2011-07-17 13:46:00,2011-07-17 13:46:00,417.38,146,0.20849315068493152
12834.0,283,1,312.38,110,2011-03-02 09:49:00,2011-03-02 09:49:00,312.38,283,0.1075618374558304
12836.0,60,4,2612.86,1064,2011-02-01 11:19:00,2011-10-11 15:10:00,653.215,312,0.3902564102564103
12837.0,174,1,134.1,24,2011-06-19 16:07:00,2011-06-19 16:07:00,134.1,174,0.17494252873563218
12838.0,34,2,683.13,359,2010-12-01 11:57:00,2011-11-06 12:20:00,341.565,374,0.1627807486631016
12839.0,3,14,5591.42,3807,2010-12-07 15:48:00,2011-12-07 12:33:00,399.38714285714286,368,1.1580434782608695
12840.0,144,4,2726.77,1511,2011-04-27 12:21:00,2011-07-19 09:29:00,681.6925,227,0.5363876651982379
12841.0,5,25,4022.35,2757,2010-12-03 10:43:00,2011-12-05 11:13:00,160.894,372,2.045698924731183
12842.0,71,2,1118.99,547,2011-02-04 12:36:00,2011-09-30 15:33:00,559.495,309,0.19702265372168287
12843.0,66,8,1702.26,781,2011-03-20 14:38:00,2011-10-05 12:09:00,212.7825,265,0.9189433962264152
12844.0,30,2,325.96000000000004,125,2011-08-01 13:11:00,2011-11-10 13:31:00,162.98000000000002,131,0.46473282442748093
12845.0,268,4,354.09,204,2011-02-22 14:10:00,2011-03-17 13:34:00,88.5225,291,0.41841924398625435
12847.0,23,1,871.54,909,2011-11-17 13:16:00,2011-11-17 13:16:00,871.54,23,1.0
12849.0,32,2,1050.8899999999999,623,2011-03-16 12:26:00,2011-11-08 13:41:00,525.4449999999999,269,0.2263197026022305
12851.0,97,1,135.18,109,2011-09-04 12:41:00,2011-09-04 12:41:00,135.18,97,0.31381443298969075
12852.0,295,1,311.55,149,2011-02-18 08:47:00,2011-02-18 08:47:00,311.55,295,0.1031864406779661
12853.0,135,6,1957.1000000000001,800,2011-01-28 10:28:00,2011-07-28 11:29:00,326.18333333333334,316,0.5779746835443038
12854.0,79,3,1324.5,627,2011-01-25 13:35:00,2011-09-22 12:15:00,441.5,319,0.28626959247648903
12855.0,373,1,38.1,30,2010-12-02 09:37:00,2010-12-02 09:37:00,38.1,373,0.08160857908847186
12856.0,8,6,2179.93,1079,2011-10-07 12:38:00,2011-12-02 10:52:00,363.32166666666666,64,2.85375
12857.0,211,2,1106.4,343,2011-02-10 12:32:00,2011-05-13 10:20:00,553.2,303,0.20092409240924095
12863.0,53,1,521.2,188,2011-10-18 14:15:00,2011-10-18 14:15:00,521.2,53,0.5743396226415095
12864.0,139,1,147.12,216,2011-07-24 13:03:00,2011-07-24 13:03:00,147.12,139,0.21899280575539568
12865.0,27,2,1568.23,925,2011-08-08 10:11:00,2011-11-13 14:31:00,784.115,124,0.49096774193548387
12866.0,284,1,559.12,171,2011-03-01 14:11:00,2011-03-01 14:11:00,559.12,284,0.1071830985915493
12867.0,27,7,4036.82,4298,2010-12-14 16:39:00,2011-11-13 15:30:00,576.6885714285714,361,0.5902493074792244
12868.0,186,6,1607.0600000000002,928,2010-12-01 12:50:00,2011-06-07 10:42:00,267.84333333333336,374,0.4883422459893048
12871.0,85,2,380.64,200,2011-05-16 13:32:00,2011-09-16 15:07:00,190.32,208,0.2926923076923077
12872.0,327,2,599.97,319,2010-12-09 14:44:00,2011-01-17 10:52:00,299.985,366,0.16633879781420766
12873.0,283,1,374.0,128,2011-03-02 14:58:00,2011-03-02 14:58:00,374.0,283,0.1075618374558304
12875.0,144,2,343.2300000000001,2019,2010-12-12 12:03:00,2011-07-19 15:30:00,171.61500000000004,363,0.16771349862258955
12876.0,58,2,2218.02,1941,2011-05-27 13:34:00,2011-10-13 12:26:00,1109.01,197,0.30903553299492387
12877.0,4,12,1535.77,1178,2010-12-16 12:23:00,2011-12-06 10:30:00,127.98083333333334,359,1.0174930362116992
12878.0,237,2,854.99,547,2011-03-18 14:02:00,2011-04-17 13:07:00,427.495,267,0.22801498127340825
12879.0,45,3,573.22,370,2011-09-09 12:11:00,2011-10-26 12:24:00,191.07333333333335,92,0.9926086956521739
12881.0,276,1,298.0,21,2011-03-09 11:44:00,2011-03-09 11:44:00,298.0,276,0.11028985507246376
12882.0,10,2,1463.04,246,2011-11-06 11:22:00,2011-11-30 16:18:00,731.52,34,1.7905882352941176
12883.0,25,4,703.47,196,2011-09-11 15:18:00,2011-11-15 09:32:00,175.8675,90,1.352888888888889
12884.0,89,1,309.05,43,2011-09-12 13:10:00,2011-09-12 13:10:00,309.05,89,0.34202247191011237
12885.0,64,3,1175.22,655,2011-08-08 11:45:00,2011-10-07 13:40:00,391.74,124,0.7364516129032258
12886.0,68,2,1378.4,770,2011-05-04 11:21:00,2011-10-03 10:09:00,689.2,220,0.27672727272727277
12888.0,215,2,354.12,76,2011-03-29 14:31:00,2011-05-09 16:02:00,177.06,256,0.23781249999999998
12890.0,25,1,380.46999999999997,259,2011-11-15 17:26:00,2011-11-15 17:26:00,380.46999999999997,25,1.0
12891.0,186,3,331.0,950,2011-02-20 11:28:00,2011-06-07 12:31:00,110.33333333333333,293,0.31167235494880546
12893.0,31,1,188.14,96,2011-11-09 12:34:00,2011-11-09 12:34:00,188.14,31,0.9819354838709677
12895.0,43,2,372.8,210,2011-09-14 08:35:00,2011-10-28 13:51:00,186.4,87,0.6997701149425287
12897.0,205,2,216.5,110,2011-02-11 11:40:00,2011-05-19 12:13:00,108.25,302,0.20158940397350994
12901.0,9,28,17654.54,23075,2011-03-14 10:41:00,2011-12-01 10:07:00,630.5192857142857,271,3.1450922509225094
12902.0,265,1,138.68,66,2011-03-20 12:06:00,2011-03-20 12:06:00,138.68,265,0.1148679245283019
12904.0,19,2,509.58,302,2011-06-20 13:18:00,2011-11-21 14:34:00,254.79,173,0.35190751445086704
12906.0,12,5,2919.81,1749,2011-09-22 15:03:00,2011-11-28 09:55:00,583.962,79,1.9265822784810127
12908.0,177,2,750.0,1200,2011-01-31 12:37:00,2011-06-16 15:39:00,375.0,313,0.1945047923322684
12909.0,40,5,2178.67,1280,2011-03-31 12:51:00,2011-10-31 12:43:00,435.73400000000004,254,0.5992125984251968
12910.0,24,8,3075.04,1692,2011-04-12 10:01:00,2011-11-16 14:28:00,384.38,242,1.0062809917355373
12912.0,3,5,1662.3,670,2011-10-30 11:35:00,2011-12-07 08:55:00,332.46,41,3.7121951219512197
12913.0,5,5,2483.63,1419,2010-12-06 16:36:00,2011-12-05 12:11:00,496.726,369,0.41246612466124666
12915.0,149,2,363.65,93,2010-12-02 12:33:00,2011-07-14 11:34:00,181.825,373,0.1632171581769437
12916.0,139,4,3006.15,1119,2011-01-23 10:43:00,2011-07-24 10:35:00,751.5375,321,0.3793146417445483
12917.0,129,1,594.0,120,2011-08-03 16:42:00,2011-08-03 16:42:00,594.0,129,0.235968992248062
12919.0,9,6,1335.19,673,2011-06-23 09:22:00,2011-12-01 13:47:00,222.53166666666667,170,1.0743529411764705
12920.0,18,1,164.23,129,2011-11-22 15:05:00,2011-11-22 15:05:00,164.23,18,1.0
12921.0,10,37,16587.09,9526,2010-12-01 15:06:00,2011-11-30 16:22:00,448.29972972972973,374,3.01144385026738
12922.0,162,1,405.38,370,2011-07-01 15:35:00,2011-07-01 15:35:00,405.38,162,0.18790123456790123
12923.0,65,1,176.97,69,2011-10-06 16:20:00,2011-10-06 16:20:00,176.97,65,0.4683076923076923
12924.0,89,4,933.7,481,2011-01-16 11:49:00,2011-09-12 13:55:00,233.425,328,0.37121951219512195
12925.0,5,2,694.05,541,2011-09-26 11:05:00,2011-12-05 11:11:00,347.025,75,0.8117333333333333
12928.0,36,5,2062.7000000000003,1472,2010-12-15 15:45:00,2011-11-04 14:24:00,412.5400000000001,360,0.4227777777777778
12929.0,312,1,117.85,37,2011-02-01 12:08:00,2011-02-01 12:08:00,117.85,312,0.09756410256410257
12930.0,79,2,415.8,252,2011-06-21 13:25:00,2011-09-22 15:18:00,207.9,172,0.353953488372093
12931.0,22,15,42055.96,28004,2010-12-17 09:45:00,2011-11-18 12:39:00,2803.730666666667,358,1.2754189944134078
12933.0,25,3,607.53,499,2011-03-01 11:30:00,2011-11-15 16:38:00,202.51,284,0.32154929577464786
12935.0,3,7,2160.7,1853,2011-01-24 13:58:00,2011-12-07 17:25:00,308.6714285714285,320,0.665875
12936.0,18,4,1063.9,559,2011-09-22 13:51:00,2011-11-22 17:32:00,265.975,79,1.5412658227848102
12937.0,16,4,1504.27,1007,2011-03-17 14:19:00,2011-11-24 15:05:00,376.0675,268,0.45432835820895523
12938.0,26,1,114.14,140,2011-11-14 11:21:00,2011-11-14 11:21:00,114.14,26,1.0
12939.0,65,8,11581.8,4876,2011-01-09 11:20:00,2011-10-06 14:33:00,1447.725,335,0.7269253731343285
12940.0,55,2,913.54,411,2011-09-13 10:16:00,2011-10-16 12:09:00,456.77,88,0.6918181818181819
12942.0,132,3,683.9,203,2010-12-09 09:34:00,2011-07-31 14:39:00,227.96666666666667,366,0.24950819672131147
12944.0,36,2,604.51,289,2010-12-20 10:41:00,2011-11-04 11:04:00,302.255,355,0.17149295774647888
12945.0,289,1,462.95,165,2011-02-24 14:15:00,2011-02-24 14:15:00,462.95,289,0.1053287197231834
12947.0,144,6,1603.99,1165,2010-12-01 16:21:00,2011-07-19 10:06:00,267.33166666666665,374,0.4883422459893048
12948.0,17,7,2064.95,1080,2011-03-20 10:17:00,2011-11-23 17:10:00,294.99285714285713,265,0.8040754716981132
12949.0,31,8,4167.22,2381,2011-04-01 13:20:00,2011-11-09 11:25:00,520.9025,253,0.9625296442687747
12950.0,3,3,1843.0,1380,2011-11-15 13:48:00,2011-12-07 13:17:00,614.3333333333334,25,3.0
12951.0,9,6,1064.07,503,2011-01-13 10:33:00,2011-12-01 12:14:00,177.345,331,0.5517824773413897
12952.0,6,4,1387.79,653,2011-09-22 16:37:00,2011-12-04 10:35:00,346.9475,79,1.5412658227848102
12953.0,10,1,329.85,84,2011-11-30 09:24:00,2011-11-30 09:24:00,329.85,10,1.0
12955.0,2,11,4757.16,3664,2011-03-17 09:03:00,2011-12-08 16:29:00,432.4690909090909,268,1.2494029850746269
12956.0,307,1,108.07,34,2011-02-06 16:08:00,2011-02-06 16:08:00,108.07,307,0.09915309446254073
12957.0,10,8,4017.54,2549,2011-01-04 12:18:00,2011-11-30 09:53:00,502.1925,340,0.7162352941176471
12962.0,8,2,266.39,129,2011-08-18 13:38:00,2011-12-02 15:55:00,133.195,114,0.5340350877192983
12963.0,9,8,1856.63,881,2010-12-09 09:14:00,2011-12-01 12:55:00,232.07875,366,0.6653551912568306
12965.0,90,1,771.91,283,2011-09-11 15:31:00,2011-09-11 15:31:00,771.91,90,0.33822222222222226
12966.0,10,1,160.18,75,2011-11-30 12:38:00,2011-11-30 12:38:00,160.18,10,1.0
12967.0,359,2,1660.9,438,2010-12-03 09:49:00,2010-12-16 19:10:00,830.45,372,0.16365591397849463
12968.0,113,1,135.95,73,2011-08-19 15:44:00,2011-08-19 15:44:00,135.95,113,0.2693805309734513
12970.0,8,4,452.24,310,2011-01-21 14:04:00,2011-12-02 14:30:00,113.06,323,0.37696594427244584
12971.0,4,86,11189.91,9289,2010-12-02 16:42:00,2011-12-06 12:20:00,130.11523255813952,373,7.01833780160858
12974.0,198,1,144.8,24,2011-05-26 09:33:00,2011-05-26 09:33:00,144.8,198,0.15373737373737376
12976.0,212,1,738.6,561,2011-05-12 09:55:00,2011-05-12 09:55:00,738.6,212,0.14358490566037738
12977.0,157,1,39.239999999999995,12,2011-07-06 16:40:00,2011-07-06 16:40:00,39.239999999999995,157,0.19388535031847134
12980.0,158,9,7374.900000000001,886,2010-12-16 11:36:00,2011-07-05 09:34:00,819.4333333333334,359,0.7631197771587744
12981.0,30,2,372.21999999999997,242,2011-07-29 14:14:00,2011-11-10 12:00:00,186.10999999999999,134,0.45432835820895523
12982.0,243,1,390.54,288,2011-04-11 11:51:00,2011-04-11 11:51:00,390.54,243,0.12526748971193416
12984.0,19,1,97.5,26,2011-11-21 12:37:00,2011-11-21 12:37:00,97.5,19,1.0
12985.0,1,2,1239.38,1533,2011-11-11 12:44:00,2011-12-09 10:46:00,619.69,29,2.0
12987.0,74,2,558.7,219,2011-05-26 12:00:00,2011-09-27 12:03:00,279.35,198,0.3074747474747475
12988.0,293,1,535.32,136,2011-02-20 14:31:00,2011-02-20 14:31:00,535.32,293,0.10389078498293516
12989.0,4,15,6924.110000000001,2943,2010-12-10 13:24:00,2011-12-06 15:28:00,461.6073333333334,365,1.2509589041095892
12990.0,32,3,409.5,200,2011-02-02 15:39:00,2011-11-08 13:01:00,136.5,311,0.2936334405144695
12991.0,24,2,503.76,405,2011-08-19 14:39:00,2011-11-16 15:34:00,251.88,113,0.5387610619469027
12993.0,24,4,414.76,240,2011-02-14 14:29:00,2011-11-16 15:49:00,103.69,299,0.4072240802675586
12994.0,5,3,974.4200000000001,459,2011-03-16 08:31:00,2011-12-05 15:43:00,324.8066666666667,269,0.3394795539033458
12995.0,86,1,211.32,108,2011-09-15 15:44:00,2011-09-15 15:44:00,211.32,86,0.353953488372093
12997.0,23,4,1226.89,664,2011-01-26 15:49:00,2011-11-17 15:47:00,306.7225,318,0.3828930817610063
12999.0,197,3,455.88,342,2011-04-08 10:26:00,2011-05-27 13:24:00,151.96,246,0.37121951219512195
13000.0,107,3,534.85,379,2010-12-10 10:26:00,2011-08-25 10:43:00,178.28333333333333,365,0.25019178082191784
13001.0,5,13,9818.82,5505,2011-01-17 12:45:00,2011-12-05 14:51:00,755.2938461538462,327,1.210152905198777
13002.0,319,1,120.94999999999999,73,2011-01-25 15:18:00,2011-01-25 15:18:00,120.94999999999999,319,0.09542319749216302
13003.0,106,3,149.05,103,2011-05-09 08:23:00,2011-08-26 10:50:00,49.68333333333334,215,0.42474418604651165
13004.0,12,18,5655.91,4822,2010-12-17 08:20:00,2011-11-28 11:27:00,314.21722222222223,358,1.5305027932960895
13005.0,174,2,513.7,172,2011-04-07 13:32:00,2011-06-19 10:53:00,256.85,247,0.24647773279352228
13006.0,57,1,81.57,55,2011-10-14 13:49:00,2011-10-14 13:49:00,81.57,57,0.5340350877192983
13008.0,324,1,229.46999999999997,175,2011-01-20 14:24:00,2011-01-20 14:24:00,229.46999999999997,324,0.09395061728395061
13011.0,373,1,50.550000000000004,13,2010-12-02 17:22:00,2010-12-02 17:22:00,50.550000000000004,373,0.08160857908847186
13012.0,10,8,1661.8400000000001,824,2011-02-18 09:43:00,2011-11-30 13:05:00,207.73000000000002,295,0.8254915254237288
13013.0,2,13,4810.9400000000005,2224,2010-12-03 12:28:00,2011-12-08 15:01:00,370.07230769230773,372,1.063763440860215
13014.0,11,10,3466.2799999999997,905,2011-03-03 18:28:00,2011-11-29 12:27:00,346.628,282,1.079432624113475
13015.0,54,5,3346.28,1617,2011-04-04 14:28:00,2011-10-17 13:19:00,669.2560000000001,250,0.6088
13016.0,74,3,789.89,527,2011-08-08 15:00:00,2011-09-27 14:08:00,263.2966666666667,124,0.7364516129032258
13017.0,8,1,204.0,48,2011-12-02 15:53:00,2011-12-02 15:53:00,204.0,8,1.0
13018.0,17,28,7277.7,5435,2011-02-17 11:05:00,2011-11-23 13:28:00,259.91785714285714,296,2.8794594594594596
13021.0,5,9,2616.38,1352,2010-12-16 10:12:00,2011-12-05 16:37:00,290.7088888888889,359,0.7631197771587744
13023.0,65,2,689.9,286,2011-08-02 09:34:00,2011-10-06 16:27:00,344.95,130,0.4683076923076923
13026.0,2,5,975.36,1620,2011-03-09 11:35:00,2011-12-08 16:58:00,195.072,276,0.5514492753623188
13027.0,114,6,6912.0,17280,2010-12-20 12:45:00,2011-08-18 09:39:00,1152.0,355,0.5144788732394366
13028.0,23,2,661.3199999999999,798,2011-10-25 14:09:00,2011-11-17 11:10:00,330.65999999999997,46,1.3234782608695652
13029.0,31,3,1247.5,134,2010-12-21 13:53:00,2011-11-09 09:13:00,415.8333333333333,354,0.25796610169491524
13030.0,12,2,799.48,394,2010-12-06 14:31:00,2011-11-28 14:30:00,399.74,369,0.16498644986449867
13032.0,53,2,1010.18,375,2011-09-13 16:40:00,2011-10-18 15:54:00,505.09,88,0.6918181818181819
13033.0,358,1,190.55,83,2010-12-17 14:23:00,2010-12-17 14:23:00,190.55,358,0.08502793296089385
13034.0,55,2,642.77,369,2010-12-05 14:52:00,2011-10-16 12:21:00,321.385,370,0.16454054054054054
13035.0,74,2,921.88,644,2011-03-24 09:21:00,2011-09-27 08:57:00,460.94,261,0.23325670498084292
13037.0,139,3,881.07,431,2011-03-28 15:42:00,2011-07-24 15:46:00,293.69,257,0.3553307392996109
13038.0,81,3,908.46,360,2011-02-22 11:43:00,2011-09-20 14:37:00,302.82,291,0.31381443298969075
13040.0,9,2,676.99,355,2011-11-06 13:53:00,2011-12-01 10:38:00,338.495,34,1.7905882352941176
13043.0,274,1,516.42,254,2011-03-11 14:52:00,2011-03-11 14:52:00,516.42,274,0.1110948905109489
13044.0,292,1,560.47,429,2011-02-21 15:20:00,2011-02-21 15:20:00,560.47,292,0.10424657534246576
13045.0,100,1,305.28000000000003,221,2011-09-01 15:04:00,2011-09-01 15:04:00,305.28000000000003,100,0.3044
13046.0,31,2,629.31,264,2011-03-18 15:43:00,2011-11-09 08:36:00,314.655,267,0.22801498127340825
13047.0,32,10,3237.54,1391,2010-12-01 08:34:00,2011-11-08 12:06:00,323.754,374,0.8139037433155081
13048.0,15,4,1835.91,1238,2011-01-16 14:36:00,2011-11-25 13:23:00,458.9775,328,0.37121951219512195
13049.0,65,2,656.6800000000001,268,2011-01-25 16:33:00,2011-10-06 15:31:00,328.34000000000003,319,0.19084639498432604
13050.0,15,17,5836.86,3748,2010-12-08 09:30:00,2011-11-25 09:18:00,343.3447058823529,367,1.4100272479564033
13052.0,213,1,348.15000000000003,222,2011-05-11 14:12:00,2011-05-11 14:12:00,348.15000000000003,213,0.14291079812206572
13055.0,79,3,1214.41,894,2011-05-10 08:58:00,2011-09-22 14:26:00,404.80333333333334,214,0.42672897196261683
13058.0,25,3,271.40000000000003,52,2011-07-11 12:01:00,2011-11-15 12:43:00,90.46666666666668,152,0.6007894736842105
13059.0,250,1,183.4,35,2011-04-04 10:40:00,2011-04-04 10:40:00,183.4,250,0.12176
13060.0,254,1,307.53,123,2011-03-31 11:37:00,2011-03-31 11:37:00,307.53,254,0.11984251968503937
13061.0,73,1,248.61,107,2011-09-28 16:04:00,2011-09-28 16:04:00,248.61,73,0.41698630136986303
13062.0,192,1,346.98,343,2011-06-01 15:12:00,2011-06-01 15:12:00,346.98,192,0.15854166666666666
13064.0,13,4,1119.49,516,2011-01-16 13:41:00,2011-11-27 12:31:00,279.8725,328,0.37121951219512195
13065.0,374,1,205.86,74,2010-12-01 16:52:00,2010-12-01 16:52:00,205.86,374,0.0813903743315508
13066.0,25,2,470.8,322,2011-11-07 17:06:00,2011-11-15 12:57:00,235.4,33,1.8448484848484847
13067.0,83,1,115.46000000000001,32,2011-09-18 13:38:00,2011-09-18 13:38:00,115.46000000000001,83,0.3667469879518072
13068.0,11,2,344.0,200,2011-01-24 08:20:00,2011-11-29 15:00:00,172.0,320,0.19025
13069.0,1,24,4436.12,5885,2010-12-05 11:02:00,2011-12-09 08:39:00,184.83833333333334,370,1.9744864864864866
13070.0,193,1,228.8,110,2011-05-31 13:45:00,2011-05-31 13:45:00,228.8,193,0.15772020725388602
13072.0,267,1,177.15,69,2011-03-18 08:12:00,2011-03-18 08:12:00,177.15,267,0.11400749063670412
13075.0,130,1,919.61,485,2011-08-02 10:19:00,2011-08-02 10:19:00,919.61,130,0.23415384615384616
13077.0,2,4,729.27,863,2010-12-08 14:59:00,2011-12-08 19:24:00,182.3175,367,0.33177111716621255
13078.0,4,26,12627.94,5630,2010-12-08 09:07:00,2011-12-06 15:36:00,485.69,367,2.1565122615803816
13079.0,5,5,220.10000000000002,62,2011-07-22 14:41:00,2011-12-05 16:53:00,44.02,141,1.079432624113475
13080.0,180,1,58.08,120,2011-06-13 14:59:00,2011-06-13 14:59:00,58.08,180,0.16911111111111113
13081.0,12,11,28337.38,19068,2010-12-03 17:20:00,2011-11-28 10:54:00,2576.1254545454544,372,0.9001075268817205
13082.0,127,9,3613.63,4324,2011-01-05 15:42:00,2011-08-05 16:16:00,401.51444444444445,339,0.808141592920354
13083.0,5,2,303.75,187,2011-09-25 10:46:00,2011-12-05 15:01:00,151.875,76,0.8010526315789473
13085.0,158,2,416.08000000000004,216,2011-02-17 13:57:00,2011-07-05 12:11:00,208.04000000000002,296,0.20567567567567568
13089.0,3,97,58825.83,31070,2010-12-05 10:27:00,2011-12-07 09:02:00,606.4518556701031,370,7.980216216216217
13090.0,9,14,8910.82,2263,2010-12-02 07:48:00,2011-12-01 12:39:00,636.4871428571429,373,1.142520107238606
13091.0,29,1,345.82,466,2011-11-11 15:54:00,2011-11-11 15:54:00,345.82,29,1.0
13092.0,71,5,477.83,279,2010-12-15 12:27:00,2011-09-30 11:18:00,95.566,360,0.4227777777777778
13093.0,276,8,7832.47,3961,2010-12-01 15:00:00,2011-03-09 12:14:00,979.05875,374,0.6511229946524064
13094.0,22,12,1927.3200000000002,1716,2010-12-06 10:34:00,2011-11-18 14:07:00,160.61,369,0.9899186991869919
13095.0,71,1,74.39999999999999,144,2011-09-30 12:03:00,2011-09-30 12:03:00,74.39999999999999,71,0.4287323943661972
13097.0,33,10,6010.42,2363,2010-12-14 15:13:00,2011-11-07 10:43:00,601.042,361,0.8432132963988921
13098.0,2,28,28882.44,15968,2011-01-26 13:46:00,2011-12-08 14:14:00,1031.5157142857142,318,2.680251572327044
13099.0,100,1,207.35999999999999,288,2011-09-01 17:40:00,2011-09-01 17:40:00,207.35999999999999,100,0.3044
13101.0,235,1,101.19,113,2011-04-19 14:37:00,2011-04-19 14:37:00,101.19,235,0.12953191489361704
13102.0,2,24,6424.09,4204,2010-12-09 13:38:00,2011-12-08 12:52:00,267.67041666666665,366,1.9960655737704918
13103.0,40,1,243.94,82,2011-10-31 09:38:00,2011-10-31 09:38:00,243.94,40,0.761
13104.0,4,6,1098.48,504,2010-12-20 11:58:00,2011-12-06 13:10:00,183.08,355,0.5144788732394366
13106.0,134,1,76.5,18,2011-07-29 15:12:00,2011-07-29 15:12:00,76.5,134,0.22716417910447761
13107.0,45,4,1531.6200000000001,1293,2011-01-10 12:28:00,2011-10-26 14:52:00,382.90500000000003,334,0.3645508982035928
13108.0,373,1,350.06,298,2010-12-02 10:35:00,2010-12-02 10:35:00,350.06,373,0.08160857908847186
13109.0,60,2,786.54,520,2011-07-05 14:56:00,2011-10-11 10:16:00,393.27,158,0.38531645569620254
13110.0,32,7,1488.67,388,2011-02-01 15:24:00,2011-11-08 14:30:00,212.66714285714286,312,0.6829487179487179
13113.0,1,24,12245.960000000001,3045,2010-12-08 13:21:00,2011-12-09 12:49:00,510.2483333333334,367,1.9906267029972755
13115.0,12,4,2294.78,1567,2011-06-08 16:15:00,2011-11-28 12:38:00,573.695,185,0.6581621621621622
13116.0,139,1,501.14,291,2011-07-24 14:33:00,2011-07-24 14:33:00,501.14,139,0.21899280575539568
13117.0,22,8,984.91,945,2010-12-02 13:11:00,2011-11-18 12:02:00,123.11375,373,0.6528686327077748
13118.0,20,5,1197.81,410,2011-02-24 12:32:00,2011-11-20 12:46:00,239.56199999999998,289,0.526643598615917
13120.0,239,1,30.599999999999998,12,2011-04-15 10:19:00,2011-04-15 10:19:00,30.599999999999998,239,0.1273640167364017
13121.0,270,1,283.73,252,2011-03-15 16:47:00,2011-03-15 16:47:00,283.73,270,0.11274074074074074
13122.0,95,2,922.39,585,2011-04-13 14:12:00,2011-09-06 15:53:00,461.195,241,0.25261410788381744
13124.0,90,3,3866.33,2147,2010-12-15 15:00:00,2011-09-11 12:45:00,1288.7766666666666,360,0.25366666666666665
13126.0,5,8,2099.64,2143,2010-12-08 11:42:00,2011-12-05 10:00:00,262.455,367,0.6635422343324251
13127.0,78,1,259.17,127,2011-09-23 10:26:00,2011-09-23 10:26:00,259.17,78,0.3902564102564103
13130.0,95,1,64.0,32,2011-09-06 15:30:00,2011-09-06 15:30:00,64.0,95,0.32042105263157894
13131.0,24,3,1073.3,447,2011-06-05 10:54:00,2011-11-16 13:21:00,357.76666666666665,188,0.48574468085106387
13132.0,262,1,77.3,20,2011-03-23 12:44:00,2011-03-23 12:44:00,77.3,262,0.11618320610687023
13133.0,274,2,109.8,32,2011-02-08 15:48:00,2011-03-11 10:31:00,54.9,305,0.1996065573770492
13134.0,86,4,1793.58,1059,2011-04-13 12:57:00,2011-09-15 10:35:00,448.395,241,0.5052282157676349
13135.0,197,1,3096.0,4300,2011-05-27 10:52:00,2011-05-27 10:52:00,3096.0,197,0.15451776649746193
13136.0,57,5,2607.61,1328,2011-05-11 12:47:00,2011-10-14 13:41:00,521.522,213,0.7145539906103286
13137.0,11,8,3650.41,2226,2011-02-04 11:54:00,2011-11-29 12:09:00,456.30125,309,0.7880906148867315
13138.0,23,6,962.39,473,2010-12-02 15:03:00,2011-11-17 16:51:00,160.39833333333334,373,0.48965147453083113
13139.0,17,7,5064.94,2425,2011-03-25 11:57:00,2011-11-23 13:54:00,723.5628571428571,260,0.8195384615384615
13140.0,109,3,423.72,186,2010-12-08 15:12:00,2011-08-23 15:33:00,141.24,367,0.24882833787465944
13141.0,85,5,2388.75,1548,2011-01-28 13:04:00,2011-09-16 09:54:00,477.75,316,0.4816455696202532
13142.0,20,1,307.09,258,2011-11-20 16:07:00,2011-11-20 16:07:00,307.09,20,1.0
13144.0,333,1,110.95,21,2011-01-11 11:15:00,2011-01-11 11:15:00,110.95,333,0.09141141141141142
13145.0,40,4,618.52,145,2010-12-02 18:06:00,2011-10-31 12:45:00,154.63,373,0.3264343163538874
13146.0,27,1,228.91,154,2011-11-13 15:29:00,2011-11-13 15:29:00,228.91,27,1.0
13147.0,11,4,712.8000000000001,144,2011-09-01 12:28:00,2011-11-29 13:59:00,178.20000000000002,100,1.2176
13148.0,30,12,3707.12,1975,2010-12-10 13:06:00,2011-11-10 15:23:00,308.9266666666667,365,1.0007671232876714
13149.0,15,4,1676.06,1280,2011-02-23 13:57:00,2011-11-25 13:09:00,419.015,290,0.41986206896551725
13151.0,296,1,1257.8700000000001,363,2011-02-17 12:29:00,2011-02-17 12:29:00,1257.8700000000001,296,0.10283783783783784
13153.0,6,1,486.22,418,2011-12-04 12:14:00,2011-12-04 12:14:00,486.22,6,1.0
13155.0,34,4,971.76,497,2010-12-06 12:44:00,2011-11-06 15:41:00,242.94,369,0.32997289972899735
13157.0,50,4,1741.22,1439,2011-02-14 14:03:00,2011-10-21 13:50:00,435.305,299,0.4072240802675586
13158.0,95,4,1201.06,784,2011-01-25 09:58:00,2011-09-06 11:58:00,300.265,319,0.3816927899686521
13159.0,9,4,1437.85,1059,2011-08-16 11:44:00,2011-12-01 11:20:00,359.4625,116,1.0496551724137932
13160.0,23,1,91.8,56,2011-11-17 13:07:00,2011-11-17 13:07:00,91.8,23,1.0
13161.0,314,1,112.75,29,2011-01-30 14:03:00,2011-01-30 14:03:00,112.75,314,0.09694267515923567
13162.0,123,4,1688.29,1713,2011-01-09 10:43:00,2011-08-09 15:59:00,422.0725,335,0.36346268656716424
13165.0,47,2,1021.48,1376,2010-12-23 14:06:00,2011-10-24 15:05:00,510.74,352,0.17295454545454547
13166.0,284,1,417.2,216,2011-03-01 15:16:00,2011-03-01 15:16:00,417.2,284,0.1071830985915493
13167.0,19,4,791.33,785,2011-07-19 12:13:00,2011-11-21 12:24:00,197.8325,144,0.8455555555555555
13168.0,37,4,1319.19,682,2011-01-25 13:55:00,2011-11-03 12:56:00,329.7975,319,0.3816927899686521
13169.0,64,2,712.88,272,2011-04-01 14:24:00,2011-10-07 12:11:00,356.44,253,0.24063241106719369
13170.0,27,1,116.00999999999999,147,2011-11-13 12:19:00,2011-11-13 12:19:00,116.00999999999999,27,1.0
13171.0,22,3,468.41,229,2011-02-13 14:16:00,2011-11-18 10:27:00,156.13666666666668,300,0.3044
13173.0,5,2,353.65,277,2010-12-07 14:30:00,2011-12-05 15:51:00,176.825,368,0.16543478260869565
13174.0,17,3,2817.03,1395,2010-12-05 16:24:00,2011-11-23 14:35:00,939.0100000000001,370,0.24681081081081083
13176.0,47,1,492.84,453,2011-10-24 15:43:00,2011-10-24 15:43:00,492.84,47,0.6476595744680851
13177.0,65,1,282.45,91,2011-10-06 09:56:00,2011-10-06 09:56:00,282.45,65,0.4683076923076923
13178.0,27,11,5725.47,3570,2010-12-14 12:22:00,2011-11-13 16:14:00,520.4972727272727,361,0.9275346260387812
13182.0,46,1,121.18,201,2011-10-25 13:46:00,2011-10-25 13:46:00,121.18,46,0.6617391304347826
13183.0,8,9,3957.78,2208,2011-01-09 10:50:00,2011-12-02 10:30:00,439.75333333333333,335,0.8177910447761195
13184.0,15,10,1701.29,1692,2011-02-22 17:25:00,2011-11-25 12:02:00,170.129,291,1.0460481099656358
13185.0,268,1,71.4,12,2011-03-17 11:56:00,2011-03-17 11:56:00,71.4,268,0.11358208955223881
13186.0,40,3,1575.89,820,2011-08-03 09:09:00,2011-10-31 11:40:00,525.2966666666667,129,0.707906976744186
13187.0,338,1,236.02,95,2011-01-06 18:57:00,2011-01-06 18:57:00,236.02,338,0.09005917159763313
13188.0,12,1,114.60000000000001,25,2011-11-28 15:28:00,2011-11-28 15:28:00,114.60000000000001,12,1.0
13189.0,19,2,260.68,842,2011-08-16 13:12:00,2011-11-21 10:39:00,130.34,116,0.5248275862068966
13192.0,96,2,911.94,595,2011-05-18 14:57:00,2011-09-05 14:13:00,455.97,206,0.2955339805825243
13193.0,62,1,117.88,50,2011-10-09 14:30:00,2011-10-09 14:30:00,117.88,62,0.49096774193548387
13194.0,136,1,60.7,26,2011-07-27 09:01:00,2011-07-27 09:01:00,60.7,136,0.2238235294117647
13196.0,12,4,1797.78,1224,2011-03-22 14:24:00,2011-11-28 13:54:00,449.445,263,0.46296577946768064
13198.0,11,6,3401.2400000000002,2648,2010-12-13 09:29:00,2011-11-29 15:17:00,566.8733333333333,362,0.5045303867403315
13199.0,4,38,9817.12,6176,2010-12-08 10:51:00,2011-12-06 12:30:00,258.34526315789475,367,3.151825613079019
13200.0,20,4,870.09,516,2011-08-05 14:50:00,2011-11-20 15:35:00,217.5225,127,0.9587401574803149
13203.0,10,4,869.46,800,2011-04-11 14:40:00,2011-11-30 10:45:00,217.365,243,0.5010699588477366
13207.0,16,2,250.26000000000002,130,2011-07-12 11:35:00,2011-11-24 14:52:00,125.13000000000001,151,0.4031788079470199
13208.0,59,6,1223.9,804,2011-02-03 19:32:00,2011-10-12 09:54:00,203.98333333333335,310,0.5891612903225807
13209.0,31,8,5891.61,4253,2010-12-13 10:31:00,2011-11-09 13:54:00,736.45125,362,0.672707182320442
13210.0,94,1,353.48,316,2011-09-07 08:18:00,2011-09-07 08:18:00,353.48,94,0.32382978723404254
13211.0,11,3,1197.42,874,2010-12-13 16:17:00,2011-11-29 14:43:00,399.14000000000004,362,0.25226519337016573
13212.0,20,3,788.08,310,2011-10-09 14:48:00,2011-11-20 12:40:00,262.6933333333333,62,1.4729032258064516
13213.0,57,5,1520.58,1360,2011-05-24 12:22:00,2011-10-14 11:42:00,304.116,200,0.761
13216.0,268,1,333.74,297,2011-03-17 12:18:00,2011-03-17 12:18:00,333.74,268,0.11358208955223881
13217.0,123,3,533.98,262,2011-07-06 12:08:00,2011-08-09 15:32:00,177.99333333333334,157,0.5816560509554141
13218.0,128,1,62.63999999999999,88,2011-08-04 16:59:00,2011-08-04 16:59:00,62.63999999999999,128,0.23781249999999998
13220.0,79,4,819.2900000000001,196,2011-04-17 10:59:00,2011-09-22 13:38:00,204.82250000000002,237,0.5137552742616034
13221.0,241,2,847.41,244,2010-12-15 13:24:00,2011-04-13 16:58:00,423.705,360,0.16911111111111113
13223.0,201,2,163.20000000000002,88,2011-04-21 15:16:00,2011-05-23 13:03:00,81.60000000000001,233,0.26128755364806866
13224.0,61,2,2155.95,1518,2011-07-11 14:10:00,2011-10-10 14:55:00,1077.975,152,0.4005263157894737
13225.0,4,7,6463.84,3416,2010-12-13 09:49:00,2011-12-06 13:29:00,923.4057142857143,362,0.5886187845303867
13226.0,274,1,108.21000000000001,80,2011-03-11 14:35:00,2011-03-11 14:35:00,108.21000000000001,274,0.1110948905109489
13227.0,202,1,257.7,99,2011-05-22 11:47:00,2011-05-22 11:47:00,257.7,202,0.1506930693069307
13228.0,82,1,358.0,200,2011-09-19 14:28:00,2011-09-19 14:28:00,358.0,82,0.37121951219512195
13229.0,226,1,160.95,63,2011-04-28 12:07:00,2011-04-28 12:07:00,160.95,226,0.13469026548672566
13230.0,5,14,2806.97,1665,2010-12-09 19:28:00,2011-12-05 16:03:00,200.49785714285713,366,1.1643715846994536
13232.0,13,7,1357.6,778,2011-04-10 13:48:00,2011-11-27 10:39:00,193.94285714285712,244,0.8732786885245901
13233.0,75,2,605.12,1004,2011-01-07 14:49:00,2011-09-26 13:25:00,302.56,337,0.18065281899109795
13235.0,213,1,1031.07,441,2011-05-11 17:13:00,2011-05-11 17:13:00,1031.07,213,0.14291079812206572
13236.0,25,2,744.85,416,2011-08-25 08:58:00,2011-11-15 12:50:00,372.425,107,0.5689719626168225
13238.0,18,4,700.73,298,2010-12-14 14:37:00,2011-11-22 15:37:00,175.1825,361,0.33728531855955685
13239.0,262,1,329.56,327,2011-03-23 10:25:00,2011-03-23 10:25:00,329.56,262,0.11618320610687023
13240.0,97,4,663.65,298,2010-12-09 12:49:00,2011-09-04 14:08:00,165.9125,366,0.3326775956284153
13242.0,113,3,270.40000000000003,130,2011-05-10 12:26:00,2011-08-19 12:53:00,90.13333333333334,214,0.42672897196261683
13243.0,204,1,600.07,233,2011-05-20 13:14:00,2011-05-20 13:14:00,600.07,204,0.14921568627450982
13244.0,93,1,121.74000000000001,38,2011-09-08 11:46:00,2011-09-08 11:46:00,121.74000000000001,93,0.32731182795698927
13245.0,51,1,430.5,125,2011-10-20 11:40:00,2011-10-20 11:40:00,430.5,51,0.5968627450980393
13246.0,19,6,1987.3,1602,2011-01-13 13:36:00,2011-11-21 16:50:00,331.21666666666664,331,0.5517824773413897
13247.0,18,4,501.12,328,2011-09-18 11:31:00,2011-11-22 10:59:00,125.28,83,1.4669879518072289
13248.0,125,2,465.68,305,2011-06-03 13:05:00,2011-08-07 12:40:00,232.84,190,0.32042105263157894
13249.0,93,3,711.41,546,2011-03-23 15:26:00,2011-09-08 13:26:00,237.13666666666666,262,0.34854961832061065
13253.0,157,2,1030.4,1572,2011-01-04 15:43:00,2011-07-06 10:09:00,515.2,340,0.17905882352941177
13255.0,10,2,399.51,177,2010-12-01 11:58:00,2011-11-30 13:14:00,199.755,374,0.1627807486631016
13258.0,12,3,698.58,287,2011-05-18 13:11:00,2011-11-28 09:31:00,232.86,206,0.44330097087378645
13259.0,62,1,292.32,132,2011-10-09 10:48:00,2011-10-09 10:48:00,292.32,62,0.49096774193548387
13260.0,62,1,557.62,142,2011-10-09 13:21:00,2011-10-09 13:21:00,557.62,62,0.49096774193548387
13261.0,269,2,944.1,210,2011-02-27 10:41:00,2011-03-16 12:22:00,472.05,286,0.21286713286713285
13262.0,264,1,200.29,125,2011-03-21 15:06:00,2011-03-21 15:06:00,200.29,264,0.1153030303030303
13263.0,2,35,7454.07,4780,2011-01-18 16:31:00,2011-12-08 13:59:00,212.97342857142857,326,3.2680981595092025
13265.0,54,5,2107.66,1752,2011-03-11 09:54:00,2011-10-17 15:02:00,421.532,274,0.5554744525547445
13266.0,12,12,3834.2599999999998,4428,2011-03-28 10:14:00,2011-11-28 14:39:00,319.52166666666665,257,1.4213229571984436
13267.0,3,19,4521.49,1969,2010-12-08 09:20:00,2011-12-07 11:12:00,237.97315789473683,367,1.5759128065395096
13268.0,18,11,3214.69,3658,2011-03-17 13:20:00,2011-11-22 11:51:00,292.24454545454546,268,1.2494029850746269
13269.0,2,15,5346.2300000000005,3514,2010-12-05 11:51:00,2011-12-08 14:53:00,356.41533333333336,370,1.234054054054054
13270.0,367,1,590.0,200,2010-12-08 14:53:00,2010-12-08 14:53:00,590.0,367,0.08294277929155314
13271.0,38,1,217.38,253,2011-11-02 14:31:00,2011-11-02 14:31:00,217.38,38,0.8010526315789473
13272.0,32,2,276.56,96,2011-09-11 12:06:00,2011-11-08 14:00:00,138.28,90,0.6764444444444445
13273.0,114,1,138.98,153,2011-08-18 14:02:00,2011-08-18 14:02:00,138.98,114,0.26701754385964915
13276.0,64,2,590.9300000000001,161,2011-09-01 10:03:00,2011-10-07 12:44:00,295.46500000000003,100,0.6088
13277.0,16,4,258.4,176,2011-07-29 10:06:00,2011-11-24 09:21:00,64.6,134,0.9086567164179105
13278.0,41,1,542.73,537,2011-10-30 11:49:00,2011-10-30 11:49:00,542.73,41,0.7424390243902439
13279.0,79,1,137.75,73,2011-09-22 17:24:00,2011-09-22 17:24:00,137.75,79,0.38531645569620254
13280.0,123,3,814.86,522,2011-01-06 17:10:00,2011-08-09 13:14:00,271.62,338,0.2701775147928994
13282.0,19,3,1132.14,307,2011-05-03 12:03:00,2011-11-21 15:33:00,377.38000000000005,221,0.4132126696832579
13283.0,60,2,93.66,90,2011-06-07 12:39:00,2011-10-11 09:50:00,46.83,186,0.32731182795698927
13284.0,331,1,201.19,91,2011-01-13 09:23:00,2011-01-13 09:23:00,201.19,331,0.09196374622356496
13285.0,24,4,2709.12,2051,2011-02-22 17:13:00,2011-11-16 13:19:00,677.28,291,0.41841924398625435
13291.0,156,1,361.11,233,2011-07-07 10:36:00,2011-07-07 10:36:00,361.11,156,0.19512820512820514
13292.0,39,2,578.9399999999999,347,2011-02-28 15:00:00,2011-11-01 10:04:00,289.46999999999997,285,0.2136140350877193
13294.0,190,2,873.74,453,2011-04-04 12:37:00,2011-06-03 08:54:00,436.87,250,0.24352
13295.0,360,1,201.20000000000002,82,2010-12-15 11:21:00,2010-12-15 11:21:00,201.20000000000002,360,0.08455555555555556
13296.0,138,1,87.4,78,2011-07-25 13:46:00,2011-07-25 13:46:00,87.4,138,0.22057971014492753
13297.0,8,4,2089.85,963,2011-10-03 15:08:00,2011-12-02 09:32:00,522.4625,68,1.7905882352941176
13298.0,2,1,360.0,96,2011-12-08 13:11:00,2011-12-08 13:11:00,360.0,2,1.0
13299.0,269,1,142.5,30,2011-03-16 12:55:00,2011-03-16 12:55:00,142.5,269,0.11315985130111525
13300.0,170,1,371.89,203,2011-06-23 13:09:00,2011-06-23 13:09:00,371.89,170,0.17905882352941177
13301.0,104,4,618.09,345,2011-02-20 13:13:00,2011-08-28 11:25:00,154.5225,293,0.41556313993174065
13302.0,156,1,63.75,5,2011-07-07 17:56:00,2011-07-07 17:56:00,63.75,156,0.19512820512820514
13304.0,352,1,300.42,238,2010-12-23 14:35:00,2010-12-23 14:35:00,300.42,352,0.08647727272727274
13305.0,5,10,2000.86,1232,2010-12-02 12:10:00,2011-12-05 15:15:00,200.08599999999998,373,0.8160857908847186
13307.0,121,1,15.0,4,2011-08-11 17:14:00,2011-08-11 17:14:00,15.0,121,0.25157024793388433
13308.0,23,3,1385.51,843,2011-05-20 13:13:00,2011-11-17 09:31:00,461.83666666666664,204,0.44764705882352945
13309.0,8,5,1456.79,1544,2011-02-04 12:29:00,2011-12-02 16:34:00,291.358,309,0.49255663430420715
13310.0,29,3,1132.03,587,2011-01-19 14:50:00,2011-11-11 17:23:00,377.3433333333333,325,0.2809846153846154
13311.0,5,2,598.57,305,2011-07-12 14:26:00,2011-12-05 12:55:00,299.285,151,0.4031788079470199
13313.0,23,5,1555.32,851,2011-01-04 10:00:00,2011-11-17 16:48:00,311.06399999999996,340,0.4476470588235294
13314.0,2,3,775.94,560,2011-09-27 10:20:00,2011-12-08 12:29:00,258.6466666666667,74,1.234054054054054
13316.0,38,4,5977.7300000000005,6948,2011-03-30 13:01:00,2011-11-02 13:40:00,1494.4325000000001,255,0.4774901960784314
13317.0,67,6,2273.68,1035,2010-12-16 09:22:00,2011-10-04 13:35:00,378.94666666666666,359,0.5087465181058496
13318.0,2,3,640.76,304,2011-11-02 13:26:00,2011-12-08 18:51:00,213.58666666666667,38,2.403157894736842
13319.0,6,26,10845.550000000001,4724,2010-12-09 10:04:00,2011-12-04 13:34:00,417.1365384615385,366,2.1624043715846994
13320.0,79,4,1548.7,1096,2011-05-10 10:29:00,2011-09-22 18:07:00,387.175,214,0.5689719626168225
13321.0,73,2,567.36,372,2011-09-14 15:18:00,2011-09-28 15:24:00,283.68,87,0.6997701149425287
13322.0,18,1,199.48000000000002,117,2011-11-22 14:21:00,2011-11-22 14:21:00,199.48000000000002,18,1.0
13323.0,4,5,787.85,175,2011-09-16 13:23:00,2011-12-06 17:12:00,157.57,85,1.7905882352941176
13324.0,37,10,7121.95,5205,2010-12-14 09:50:00,2011-11-03 16:28:00,712.1949999999999,361,0.8432132963988921
13325.0,82,1,675.3,240,2011-09-19 10:36:00,2011-09-19 10:36:00,675.3,82,0.37121951219512195
13327.0,39,8,3627.77,1600,2010-12-09 15:32:00,2011-11-01 10:21:00,453.47125,366,0.6653551912568306
13328.0,317,1,1308.48,680,2011-01-27 15:22:00,2011-01-27 15:22:00,1308.48,317,0.09602523659305995
13329.0,32,2,789.0,463,2010-12-08 10:11:00,2011-11-08 10:29:00,394.5,367,0.16588555858310627
13330.0,93,3,1140.93,751,2011-01-28 10:08:00,2011-09-08 12:27:00,380.31,316,0.2889873417721519
13332.0,15,1,350.9,179,2011-11-25 13:30:00,2011-11-25 13:30:00,350.9,15,1.0
13334.0,83,3,3536.82,1774,2011-02-07 11:42:00,2011-09-18 15:21:00,1178.94,306,0.29843137254901964
13336.0,78,1,795.12,559,2011-09-23 14:05:00,2011-09-23 14:05:00,795.12,78,0.3902564102564103
13338.0,158,1,487.02,256,2011-07-05 09:06:00,2011-07-05 09:06:00,487.02,158,0.19265822784810127
13339.0,201,1,860.12,326,2011-05-23 08:31:00,2011-05-23 08:31:00,860.12,201,0.15144278606965175
13340.0,46,7,10736.48,5770,2011-03-08 11:39:00,2011-10-25 13:15:00,1533.782857142857,277,0.7692418772563178
13341.0,261,1,775.85,301,2011-03-24 09:50:00,2011-03-24 09:50:00,775.85,261,0.11662835249042146
13343.0,178,1,353.43,135,2011-06-15 12:24:00,2011-06-15 12:24:00,353.43,178,0.17101123595505618
13344.0,68,3,2543.72,971,2011-03-07 10:28:00,2011-10-03 09:45:00,847.9066666666666,278,0.3284892086330935
13345.0,288,1,389.5,141,2011-02-25 09:01:00,2011-02-25 09:01:00,389.5,288,0.10569444444444444
13347.0,71,1,341.36,205,2011-09-30 13:28:00,2011-09-30 13:28:00,341.36,71,0.4287323943661972
13348.0,65,1,233.76,136,2011-10-06 17:28:00,2011-10-06 17:28:00,233.76,65,0.4683076923076923
13349.0,11,1,247.32,225,2011-11-29 08:07:00,2011-11-29 08:07:00,247.32,11,1.0
13350.0,17,2,979.12,287,2011-09-21 13:33:00,2011-11-23 16:33:00,489.56,80,0.761
13351.0,67,1,373.94,117,2011-10-04 12:55:00,2011-10-04 12:55:00,373.94,67,0.45432835820895523
13352.0,61,1,397.97999999999996,321,2011-10-10 13:55:00,2011-10-10 13:55:00,397.97999999999996,61,0.49901639344262294
13354.0,72,1,743.53,604,2011-09-29 13:17:00,2011-09-29 13:17:00,743.53,72,0.42277777777777775
13355.0,123,1,674.7,314,2011-08-09 14:48:00,2011-08-09 14:48:00,674.7,123,0.24747967479674796
13356.0,81,1,768.24,325,2011-09-20 14:33:00,2011-09-20 14:33:00,768.24,81,0.37580246913580245
13357.0,258,1,609.95,322,2011-03-27 13:56:00,2011-03-27 13:56:00,609.95,258,0.117984496124031
13358.0,269,1,439.03,285,2011-03-16 11:52:00,2011-03-16 11:52:00,439.03,269,0.11315985130111525
13359.0,64,1,439.56,161,2011-10-07 09:30:00,2011-10-07 09:30:00,439.56,64,0.47562499999999996
13362.0,10,4,3090.7400000000002,1382,2011-02-25 11:33:00,2011-11-30 14:41:00,772.6850000000001,288,0.42277777777777775
13363.0,18,2,992.5,710,2011-10-27 10:46:00,2011-11-22 12:40:00,496.25,44,1.3836363636363638
13364.0,72,1,134.95999999999998,71,2011-09-29 18:13:00,2011-09-29 18:13:00,134.95999999999998,72,0.42277777777777775
13365.0,34,2,2225.37,1247,2011-05-06 12:00:00,2011-11-06 12:36:00,1112.685,218,0.2792660550458716
13366.0,51,1,56.160000000000004,144,2011-10-20 13:37:00,2011-10-20 13:37:00,56.160000000000004,51,0.5968627450980393
13368.0,257,2,623.4,327,2011-01-06 12:32:00,2011-03-28 09:59:00,311.7,338,0.18011834319526626
13369.0,366,1,308.28000000000003,149,2010-12-09 11:30:00,2010-12-09 11:30:00,308.28000000000003,366,0.08316939890710383
13370.0,372,1,754.87,343,2010-12-03 10:26:00,2010-12-03 10:26:00,754.87,372,0.08182795698924732
13372.0,90,1,378.64,159,2011-09-11 12:46:00,2011-09-11 12:46:00,378.64,90,0.33822222222222226
13373.0,61,3,3312.25,1651,2011-03-08 14:35:00,2011-10-10 10:51:00,1104.0833333333333,277,0.3296750902527076
13375.0,89,1,778.65,442,2011-09-12 10:19:00,2011-09-12 10:19:00,778.65,89,0.34202247191011237
13376.0,100,3,1019.76,493,2011-04-19 13:03:00,2011-09-01 16:16:00,339.92,235,0.38859574468085106
13379.0,27,3,572.56,601,2011-07-26 12:26:00,2011-11-13 13:45:00,190.85333333333332,137,0.6665693430656934
13381.0,32,6,3639.31,2029,2011-02-14 10:10:00,2011-11-08 11:58:00,606.5516666666666,299,0.6108361204013378
13382.0,281,1,222.99,131,2011-03-04 10:03:00,2011-03-04 10:03:00,222.99,281,0.10832740213523133
13384.0,31,7,4151.93,2422,2011-06-14 12:47:00,2011-11-09 11:04:00,593.1328571428572,179,1.190391061452514
13385.0,330,1,534.57,281,2011-01-14 09:52:00,2011-01-14 09:52:00,534.57,330,0.09224242424242424
13388.0,132,2,677.1,282,2011-07-31 12:52:00,2011-07-31 12:52:00,338.55,132,0.4612121212121212
13389.0,12,3,797.96,429,2011-04-21 12:12:00,2011-11-28 14:01:00,265.9866666666667,233,0.39193133047210305
13390.0,75,1,544.08,224,2011-09-26 08:38:00,2011-09-26 08:38:00,544.08,75,0.40586666666666665
13391.0,204,1,59.8,4,2011-05-20 10:50:00,2011-05-20 10:50:00,59.8,204,0.14921568627450982
13394.0,2,8,2520.02,2392,2011-02-03 10:39:00,2011-12-08 11:36:00,315.0025,310,0.7855483870967742
13395.0,186,1,307.72,336,2011-06-07 15:04:00,2011-06-07 15:04:00,307.72,186,0.16365591397849463
13396.0,30,2,1360.99,600,2011-01-24 13:37:00,2011-11-10 16:59:00,680.495,320,0.19025
13397.0,73,5,1544.13,430,2011-01-04 13:50:00,2011-09-28 10:56:00,308.826,340,0.4476470588235294
13398.0,193,1,457.34,281,2011-05-31 13:17:00,2011-05-31 13:17:00,457.34,193,0.15772020725388602
13402.0,128,2,621.23,479,2010-12-02 17:12:00,2011-08-04 15:51:00,310.615,373,0.1632171581769437
13403.0,18,1,75.0,44,2011-11-22 08:28:00,2011-11-22 08:28:00,75.0,18,1.0
13404.0,2,2,252.49,111,2011-05-11 11:57:00,2011-12-08 15:37:00,126.245,213,0.28582159624413145
13405.0,75,3,572.451,165,2011-01-26 09:27:00,2011-09-26 17:01:00,190.817,318,0.2871698113207547
13408.0,2,62,28117.04,16232,2010-12-01 10:39:00,2011-12-08 09:05:00,453.5006451612903,374,5.0462032085561495
13410.0,25,5,1003.06,518,2011-02-21 14:38:00,2011-11-15 15:33:00,200.612,292,0.5212328767123288
13411.0,108,1,213.55,72,2011-08-24 13:57:00,2011-08-24 13:57:00,213.55,108,0.28185185185185185
13414.0,134,3,1390.5,1574,2011-02-16 12:13:00,2011-07-29 11:45:00,463.5,297,0.3074747474747475
13416.0,44,2,712.5,142,2011-09-19 14:43:00,2011-10-27 08:56:00,356.25,82,0.7424390243902439
13417.0,5,2,640.83,162,2011-05-18 16:26:00,2011-12-05 08:49:00,320.415,206,0.2955339805825243
13418.0,12,18,6127.43,3918,2010-12-02 10:45:00,2011-11-28 10:23:00,340.4127777777778,373,1.4689544235924934
13419.0,64,1,221.06,275,2011-10-07 12:49:00,2011-10-07 12:49:00,221.06,64,0.47562499999999996
13420.0,150,2,159.85,101,2011-06-22 11:35:00,2011-07-13 08:48:00,79.925,171,0.3560233918128655
13421.0,41,2,1851.08,1181,2011-02-22 15:46:00,2011-10-30 14:21:00,925.54,291,0.20920962199312718
13422.0,65,1,2626.3,1326,2011-10-06 13:42:00,2011-10-06 13:42:00,2626.3,65,0.4683076923076923
13425.0,109,3,1624.21,1123,2011-02-18 08:34:00,2011-08-23 17:13:00,541.4033333333333,295,0.30955932203389835
13426.0,1,10,3641.32,2245,2010-12-15 12:43:00,2011-12-09 08:59:00,364.132,360,0.8455555555555556
13427.0,20,3,582.6,545,2011-05-08 15:58:00,2011-11-20 13:02:00,194.20000000000002,216,0.4227777777777778
13428.0,11,1,218.47,156,2011-11-29 14:20:00,2011-11-29 14:20:00,218.47,11,1.0
13429.0,11,4,1006.8,1390,2011-09-25 15:59:00,2011-11-29 09:10:00,251.7,76,1.6021052631578947
13430.0,19,2,679.45,751,2011-09-14 14:26:00,2011-11-21 08:19:00,339.725,87,0.6997701149425287
13431.0,68,2,1269.1,672,2011-09-12 11:25:00,2011-10-03 13:49:00,634.55,89,0.6840449438202247
13434.0,75,2,534.24,300,2011-09-04 10:35:00,2011-09-26 14:30:00,267.12,97,0.6276288659793815
13435.0,6,7,3809.8900000000003,2129,2011-06-03 17:07:00,2011-12-04 14:45:00,544.2700000000001,190,1.1214736842105264
13436.0,2,1,196.89,76,2011-12-08 10:33:00,2011-12-08 10:33:00,196.89,2,1.0
13437.0,15,7,3408.06,1283,2011-06-02 14:30:00,2011-11-25 14:00:00,486.86571428571426,191,1.1156020942408378
13439.0,256,1,283.71,242,2011-03-29 14:20:00,2011-03-29 14:20:00,283.71,256,0.11890624999999999
13441.0,92,1,296.64,204,2011-09-09 09:38:00,2011-09-09 09:38:00,296.64,92,0.3308695652173913
13447.0,24,3,1129.14,584,2011-11-04 10:10:00,2011-11-16 13:38:00,376.38000000000005,36,2.5366666666666666
13448.0,17,6,3539.37,1660,2010-12-01 10:52:00,2011-11-23 12:33:00,589.895,374,0.4883422459893048
13449.0,24,1,291.88,222,2011-11-16 08:28:00,2011-11-16 08:28:00,291.88,24,1.0
13450.0,27,6,2043.7199999999998,1982,2011-05-05 19:48:00,2011-11-13 11:54:00,340.61999999999995,219,0.8339726027397261
13451.0,27,5,2976.15,2149,2011-01-09 15:35:00,2011-11-13 15:58:00,595.23,335,0.4543283582089553
13452.0,260,2,590.0,2,2011-03-14 11:38:00,2011-03-25 14:19:00,295.0,271,0.22464944649446497
13453.0,166,2,356.97999999999996,134,2011-02-23 09:44:00,2011-06-27 09:34:00,178.48999999999998,290,0.20993103448275863
13455.0,25,2,1058.34,354,2010-12-08 13:11:00,2011-11-15 11:21:00,529.17,367,0.16588555858310627
13456.0,18,6,1766.72,765,2011-05-16 15:34:00,2011-11-22 09:18:00,294.4533333333333,208,0.8780769230769231
13458.0,8,14,9646.57,5508,2010-12-15 12:05:00,2011-12-02 15:29:00,689.0407142857142,360,1.1837777777777778
13460.0,30,2,183.44,286,2011-10-21 09:50:00,2011-11-10 17:17:00,91.72,50,1.2176
13461.0,39,3,1445.0,1170,2011-06-29 10:23:00,2011-11-01 09:01:00,481.6666666666667,164,0.556829268292683
13462.0,253,1,151.5,62,2011-04-01 11:20:00,2011-04-01 11:20:00,151.5,253,0.12031620553359684
13464.0,59,1,674.68,403,2011-10-12 15:01:00,2011-10-12 15:01:00,674.68,59,0.5159322033898306
13466.0,185,1,307.9,259,2011-06-08 16:39:00,2011-06-08 16:39:00,307.9,185,0.16454054054054054
13467.0,11,2,1083.71,584,2011-11-03 16:56:00,2011-11-29 10:01:00,541.855,37,1.6454054054054055
13468.0,2,37,5704.97,2589,2010-12-01 15:08:00,2011-12-08 10:39:00,154.1883783783784,374,3.01144385026738
13470.0,100,2,165.0,100,2011-08-16 17:06:00,2011-09-01 14:57:00,82.5,116,0.5248275862068966
13471.0,2,4,2531.58,1590,2011-10-23 13:10:00,2011-12-08 15:44:00,632.895,48,2.5366666666666666
13473.0,61,2,422.64,266,2011-01-11 08:45:00,2011-10-10 11:20:00,211.32,333,0.18282282282282283
13474.0,237,1,229.59,132,2011-04-17 13:53:00,2011-04-17 13:53:00,229.59,237,0.12843881856540085
13475.0,192,4,1431.78,1012,2011-02-14 12:36:00,2011-06-01 13:52:00,357.945,299,0.4072240802675586
13476.0,179,2,1238.47,417,2011-03-03 14:43:00,2011-06-14 12:00:00,619.235,282,0.21588652482269502
13477.0,38,6,1454.58,1021,2011-02-21 12:29:00,2011-11-02 12:04:00,242.42999999999998,292,0.6254794520547945
13479.0,201,2,300.95,134,2011-04-19 11:27:00,2011-05-23 10:45:00,150.475,235,0.2590638297872341
13481.0,46,5,1804.56,1142,2011-03-28 09:07:00,2011-10-25 09:07:00,360.912,257,0.5922178988326848
13482.0,233,1,184.64,116,2011-04-21 17:03:00,2011-04-21 17:03:00,184.64,233,0.13064377682403433
13483.0,66,1,140.34,160,2011-10-05 11:53:00,2011-10-05 11:53:00,140.34,66,0.4612121212121212
13484.0,242,1,313.8,44,2011-04-12 16:30:00,2011-04-12 16:30:00,313.8,242,0.12578512396694216
13485.0,234,1,454.24,277,2011-04-20 13:58:00,2011-04-20 13:58:00,454.24,234,0.13008547008547008
13486.0,79,3,1122.41,669,2011-07-07 17:19:00,2011-09-22 13:13:00,374.1366666666667,156,0.5853846153846154
13487.0,58,3,575.4,265,2010-12-21 14:54:00,2011-10-13 12:07:00,191.79999999999998,354,0.25796610169491524
13488.0,18,13,8968.31,4518,2010-12-07 13:01:00,2011-11-22 14:41:00,689.87,368,1.0753260869565218
13489.0,106,4,449.52,560,2011-02-18 10:42:00,2011-08-26 13:16:00,112.38,295,0.4127457627118644
13491.0,52,10,1215.82,903,2010-12-02 14:30:00,2011-10-19 08:32:00,121.582,373,0.8160857908847186
13492.0,137,3,1269.84,408,2011-05-09 10:06:00,2011-07-26 14:25:00,423.28,215,0.42474418604651165
13493.0,276,2,618.63,380,2011-02-25 16:42:00,2011-03-09 15:35:00,309.315,288,0.21138888888888888
13494.0,312,1,316.26000000000005,162,2011-02-01 11:58:00,2011-02-01 11:58:00,316.26000000000005,312,0.09756410256410257
13495.0,8,5,2044.8700000000001,829,2010-12-06 15:14:00,2011-12-02 11:21:00,408.97400000000005,369,0.41246612466124666
13496.0,11,2,653.33,341,2010-12-15 10:17:00,2011-11-29 10:58:00,326.665,360,0.16911111111111113
13497.0,283,2,348.05,163,2010-12-06 11:37:00,2011-03-02 09:04:00,174.025,369,0.16498644986449867
13499.0,18,5,1159.11,1365,2011-03-15 08:52:00,2011-11-22 11:21:00,231.82199999999997,270,0.5637037037037037
13500.0,24,3,1166.77,609,2011-08-09 12:20:00,2011-11-16 15:35:00,388.92333333333335,123,0.7424390243902439
13501.0,289,1,1340.32,560,2011-02-24 18:59:00,2011-02-24 18:59:00,1340.32,289,0.1053287197231834
13502.0,17,3,292.0,264,2011-01-20 09:03:00,2011-11-23 10:39:00,97.33333333333333,324,0.28185185185185185
13503.0,72,1,216.85,248,2011-09-29 13:23:00,2011-09-29 13:23:00,216.85,72,0.42277777777777775
13504.0,65,1,295.93,178,2011-10-06 13:20:00,2011-10-06 13:20:00,295.93,65,0.4683076923076923
13505.0,73,4,4393.63,2486,2011-04-21 12:07:00,2011-09-28 11:56:00,1098.4075,233,0.5225751072961373
13506.0,317,2,458.52,324,2010-12-05 12:15:00,2011-01-27 13:53:00,229.26,370,0.16454054054054054
13507.0,4,4,2479.16,1597,2011-07-17 11:50:00,2011-12-06 13:13:00,619.79,146,0.8339726027397261
13508.0,244,1,110.97,24,2011-04-10 11:58:00,2011-04-10 11:58:00,110.97,244,0.12475409836065574
13509.0,9,7,979.72,1106,2011-02-28 13:27:00,2011-12-01 10:10:00,139.96,285,0.7476491228070176
13510.0,2,4,1791.56,1386,2011-06-09 09:32:00,2011-12-08 13:46:00,447.89,184,0.6617391304347826
13512.0,261,1,251.21,143,2011-03-24 10:03:00,2011-03-24 10:03:00,251.21,261,0.11662835249042146
13513.0,127,1,205.1,109,2011-08-05 11:50:00,2011-08-05 11:50:00,205.1,127,0.23968503937007873
13514.0,74,1,152.20000000000002,40,2011-09-27 09:39:00,2011-09-27 09:39:00,152.20000000000002,74,0.41135135135135137
13515.0,73,4,891.12,681,2011-04-06 10:33:00,2011-09-28 11:26:00,222.78,248,0.49096774193548387
13516.0,22,3,1389.41,985,2011-04-15 11:06:00,2011-11-18 13:15:00,463.1366666666667,239,0.38209205020920506
13517.0,60,3,2128.42,1369,2011-06-13 08:44:00,2011-10-11 11:43:00,709.4733333333334,180,0.5073333333333333
13518.0,86,1,659.4399999999999,392,2011-09-15 10:29:00,2011-09-15 10:29:00,659.4399999999999,86,0.353953488372093
13519.0,79,1,122.75,23,2011-09-22 18:24:00,2011-09-22 18:24:00,122.75,79,0.38531645569620254
13520.0,59,6,3624.35,1649,2010-12-03 10:36:00,2011-10-12 10:20:00,604.0583333333333,372,0.49096774193548387
13521.0,2,3,1093.65,736,2011-11-29 15:09:00,2011-12-08 13:50:00,364.55,11,3.0
13522.0,31,1,125.80000000000001,44,2011-11-09 15:11:00,2011-11-09 15:11:00,125.80000000000001,31,0.9819354838709677
13523.0,34,5,3964.88,1752,2010-12-08 14:22:00,2011-11-06 15:11:00,792.976,367,0.4147138964577657
13524.0,41,5,680.1800000000001,324,2011-05-04 12:26:00,2011-10-30 12:34:00,136.036,220,0.6918181818181819
13525.0,15,2,628.78,394,2011-04-05 15:36:00,2011-11-25 12:01:00,314.39,249,0.2444979919678715
13527.0,34,7,2287.51,1692,2011-01-17 11:17:00,2011-11-06 12:04:00,326.7871428571429,327,0.6516207951070337
13529.0,79,2,307.76,74,2011-05-19 11:50:00,2011-09-22 09:15:00,153.88,205,0.29697560975609755
13531.0,206,2,483.8,174,2010-12-08 15:03:00,2011-05-18 16:56:00,241.9,367,0.16588555858310627
13532.0,34,1,210.31,129,2011-11-06 12:25:00,2011-11-06 12:25:00,210.31,34,0.8952941176470588
13533.0,183,3,270.79,204,2011-03-17 12:47:00,2011-06-10 11:54:00,90.26333333333334,268,0.3407462686567164
13534.0,3,25,5870.08,2961,2010-12-16 15:23:00,2011-12-07 14:52:00,234.8032,359,2.1197771587743737
13536.0,2,7,3448.29,2136,2011-09-25 13:30:00,2011-12-08 16:38:00,492.61285714285714,76,2.803684210526316
13538.0,44,7,1280.85,175,2011-01-28 10:40:00,2011-10-27 16:34:00,182.97857142857143,316,0.6743037974683544
13539.0,86,3,631.34,320,2011-02-03 15:23:00,2011-09-15 10:18:00,210.4466666666667,310,0.29458064516129034
13544.0,40,2,291.41,127,2011-04-13 12:09:00,2011-10-31 11:57:00,145.705,241,0.25261410788381744
13546.0,13,3,626.99,359,2011-05-23 12:14:00,2011-11-27 14:50:00,208.99666666666667,201,0.45432835820895523
13548.0,97,2,682.41,441,2011-04-10 11:35:00,2011-09-04 14:50:00,341.205,244,0.24950819672131147
13549.0,26,7,918.2,458,2011-04-11 13:42:00,2011-11-14 09:20:00,131.17142857142858,243,0.8768724279835391
13551.0,320,1,91.80000000000001,12,2011-01-24 14:46:00,2011-01-24 14:46:00,91.80000000000001,320,0.095125
13552.0,67,12,3740.07,1417,2011-01-28 10:10:00,2011-10-04 15:19:00,311.6725,316,1.1559493670886076
13555.0,74,4,4149.28,2660,2011-05-22 11:06:00,2011-09-27 12:36:00,1037.32,202,0.6027722772277228
13557.0,29,2,584.06,546,2011-03-04 12:14:00,2011-11-11 15:24:00,292.03,281,0.21665480427046266
13558.0,6,4,605.06,344,2011-10-02 13:01:00,2011-12-04 11:24:00,151.265,69,1.7646376811594202
13560.0,8,1,174.37,64,2011-12-02 13:11:00,2011-12-02 13:11:00,174.37,8,1.0
13561.0,216,1,141.85999999999999,83,2011-05-08 12:39:00,2011-05-08 12:39:00,141.85999999999999,216,0.14092592592592593
13562.0,82,3,1799.33,757,2011-04-08 12:42:00,2011-09-19 10:51:00,599.7766666666666,246,0.37121951219512195
13563.0,85,2,777.53,209,2011-07-22 17:21:00,2011-09-16 14:45:00,388.765,141,0.43177304964539004
13564.0,145,3,1749.02,661,2010-12-06 17:26:00,2011-07-18 14:33:00,583.0066666666667,369,0.24747967479674798
13565.0,20,2,240.22,172,2011-01-09 14:28:00,2011-11-20 14:33:00,120.11,335,0.18173134328358212
13566.0,41,2,874.71,575,2011-09-18 12:40:00,2011-10-30 11:59:00,437.355,83,0.7334939759036144
13568.0,174,1,192.85,70,2011-06-19 14:42:00,2011-06-19 14:42:00,192.85,174,0.17494252873563218
13569.0,18,2,373.75,164,2010-12-07 12:29:00,2011-11-22 13:07:00,186.875,368,0.16543478260869565
13570.0,244,1,239.49,161,2011-04-10 13:36:00,2011-04-10 13:36:00,239.49,244,0.12475409836065574
13571.0,13,12,2092.32,1759,2011-03-31 12:43:00,2011-11-27 10:47:00,174.36,254,1.4381102362204723
13572.0,206,1,1384.25,534,2011-05-18 11:59:00,2011-05-18 11:59:00,1384.25,206,0.14776699029126214
13573.0,51,2,294.4,303,2011-03-31 14:47:00,2011-10-20 14:33:00,147.2,254,0.23968503937007873
13575.0,24,5,732.0699999999999,449,2011-06-16 14:24:00,2011-11-16 13:14:00,146.414,177,0.8598870056497175
13576.0,11,18,6717.34,2646,2010-12-01 17:24:00,2011-11-29 15:34:00,373.18555555555554,374,1.4650267379679145
13577.0,26,4,1687.6000000000001,791,2011-04-12 10:33:00,2011-11-14 15:19:00,421.90000000000003,242,0.5031404958677687
13579.0,15,2,467.04,176,2010-12-05 16:10:00,2011-11-25 08:41:00,233.52,370,0.16454054054054054
13581.0,310,1,118.0,30,2011-02-03 14:41:00,2011-02-03 14:41:00,118.0,310,0.09819354838709678
13583.0,156,1,781.03,725,2011-07-07 10:40:00,2011-07-07 10:40:00,781.03,156,0.19512820512820514
13584.0,307,1,142.4,37,2011-02-06 12:49:00,2011-02-06 12:49:00,142.4,307,0.09915309446254073
13587.0,64,1,712.4,180,2011-10-07 12:31:00,2011-10-07 12:31:00,712.4,64,0.47562499999999996
13588.0,16,9,2478.95,2606,2011-03-29 15:53:00,2011-11-24 10:42:00,275.43888888888887,256,1.07015625
13589.0,15,2,379.65,114,2011-06-13 12:44:00,2011-11-25 12:10:00,189.825,180,0.33822222222222226
13590.0,12,6,1981.92,1848,2011-02-09 13:25:00,2011-11-28 12:54:00,330.32,304,0.6007894736842105
13591.0,65,3,1117.13,485,2011-03-18 12:18:00,2011-10-06 12:26:00,372.3766666666667,267,0.34202247191011237
13592.0,36,4,247.95999999999998,84,2011-03-20 14:01:00,2011-11-04 09:49:00,61.989999999999995,265,0.4594716981132076
13593.0,109,5,2037.0800000000002,731,2011-01-07 16:32:00,2011-08-23 13:35:00,407.41600000000005,337,0.4516320474777448
13594.0,53,1,396.97,359,2011-10-18 10:19:00,2011-10-18 10:19:00,396.97,53,0.5743396226415095
13596.0,6,2,697.04,406,2011-11-27 11:57:00,2011-12-04 12:01:00,348.52,13,2.0
13598.0,48,1,180.17000000000002,58,2011-10-23 14:28:00,2011-10-23 14:28:00,180.17000000000002,48,0.6341666666666667
13599.0,2,21,5153.67,3294,2010-12-08 10:11:00,2011-12-08 16:10:00,245.41285714285715,367,1.7417983651226159
13600.0,313,1,219.52,324,2011-01-31 15:27:00,2011-01-31 15:27:00,219.52,313,0.0972523961661342
13601.0,46,2,693.32,548,2011-05-12 16:52:00,2011-10-25 17:31:00,346.66,212,0.28716981132075475
13602.0,65,1,428.89,267,2011-10-06 11:47:00,2011-10-06 11:47:00,428.89,65,0.4683076923076923
13603.0,27,1,164.34,164,2011-11-13 15:57:00,2011-11-13 15:57:00,164.34,27,1.0
13606.0,30,3,280.53999999999996,279,2011-02-01 11:42:00,2011-11-10 17:46:00,93.51333333333332,312,0.2926923076923077
13607.0,41,1,678.01,290,2011-10-30 16:17:00,2011-10-30 16:17:00,678.01,41,0.7424390243902439
13610.0,13,7,1131.88,516,2011-02-27 14:44:00,2011-11-27 15:38:00,161.69714285714286,286,0.745034965034965
13611.0,90,3,1171.8,766,2010-12-15 10:31:00,2011-09-11 14:51:00,390.59999999999997,360,0.25366666666666665
13614.0,25,4,1610.46,570,2011-01-13 12:37:00,2011-11-15 14:47:00,402.615,331,0.36785498489425983
13615.0,319,1,417.69,189,2011-01-25 08:21:00,2011-01-25 08:21:00,417.69,319,0.09542319749216302
13617.0,41,3,544.18,300,2011-06-12 12:55:00,2011-10-30 13:50:00,181.39333333333332,181,0.5045303867403315
13618.0,174,1,177.34,246,2011-06-19 11:09:00,2011-06-19 11:09:00,177.34,174,0.17494252873563218
13621.0,117,1,213.85,343,2011-08-15 08:26:00,2011-08-15 08:26:00,213.85,117,0.26017094017094017
13623.0,31,5,747.78,294,2011-02-15 13:08:00,2011-11-09 12:00:00,149.55599999999998,298,0.5107382550335571
13626.0,253,1,257.23,209,2011-04-01 10:05:00,2011-04-01 10:05:00,257.23,253,0.12031620553359684
13627.0,60,5,1638.47,1269,2010-12-17 09:52:00,2011-10-11 14:20:00,327.694,358,0.4251396648044693
13629.0,24,11,7792.36,4372,2011-01-05 12:09:00,2011-11-16 13:21:00,708.3963636363636,339,0.9877286135693216
13630.0,6,7,2031.78,1391,2011-02-27 12:49:00,2011-12-04 15:16:00,290.2542857142857,286,0.745034965034965
13631.0,100,11,3070.42,467,2011-03-17 17:13:00,2011-09-01 09:57:00,279.1290909090909,268,1.2494029850746269
13632.0,25,5,2121.27,1037,2011-04-10 15:07:00,2011-11-15 10:51:00,424.254,244,0.6237704918032787
13634.0,34,5,1575.16,704,2011-01-16 15:30:00,2011-11-06 13:40:00,315.03200000000004,328,0.46402439024390246
13635.0,68,1,1071.03,677,2011-10-03 10:55:00,2011-10-03 10:55:00,1071.03,68,0.4476470588235294
13636.0,37,5,949.12,592,2011-02-27 14:29:00,2011-11-03 10:30:00,189.824,286,0.5321678321678321
13637.0,53,3,810.5,409,2011-04-27 13:06:00,2011-10-18 13:32:00,270.1666666666667,227,0.40229074889867844
13638.0,16,1,122.64,93,2011-11-24 10:38:00,2011-11-24 10:38:00,122.64,16,1.0
13639.0,75,1,1033.34,800,2011-09-26 13:36:00,2011-09-26 13:36:00,1033.34,75,0.40586666666666665
13642.0,216,1,354.8,173,2011-05-08 12:34:00,2011-05-08 12:34:00,354.8,216,0.14092592592592593
13643.0,32,3,519.44,273,2011-06-07 11:40:00,2011-11-08 15:37:00,173.14666666666668,186,0.49096774193548387
13644.0,17,4,2624.26,2067,2011-08-26 11:53:00,2011-11-23 14:07:00,656.065,106,1.148679245283019
13645.0,121,1,252.1,158,2011-08-11 16:11:00,2011-08-11 16:11:00,252.1,121,0.25157024793388433
13647.0,10,4,1678.1200000000001,895,2011-04-19 09:49:00,2011-11-30 12:00:00,419.53000000000003,235,0.5181276595744682
13649.0,257,2,346.6,139,2010-12-08 14:46:00,2011-03-28 11:51:00,173.3,367,0.16588555858310627
13650.0,17,6,1836.34,922,2011-03-17 12:37:00,2011-11-23 12:22:00,306.0566666666667,268,0.6814925373134328
13651.0,36,2,94.2,33,2011-10-31 12:11:00,2011-11-04 14:59:00,47.1,40,1.522
13652.0,46,3,1095.08,578,2010-12-06 09:21:00,2011-10-25 08:51:00,365.02666666666664,369,0.24747967479674798
13654.0,44,6,2707.33,2182,2011-03-11 12:54:00,2011-10-27 16:24:00,451.22166666666664,274,0.6665693430656934
13655.0,115,2,932.97,605,2011-04-12 09:53:00,2011-08-17 14:25:00,466.485,242,0.25157024793388433
13656.0,165,2,379.65,490,2011-01-06 15:42:00,2011-06-28 10:31:00,189.825,338,0.18011834319526626
13657.0,11,2,382.14,209,2011-05-22 12:35:00,2011-11-29 12:32:00,191.07,202,0.3013861386138614
13658.0,10,5,2639.17,1019,2011-05-19 17:15:00,2011-11-30 10:13:00,527.8340000000001,205,0.7424390243902439
13659.0,206,2,1573.2,894,2011-01-23 12:08:00,2011-05-18 12:37:00,786.6,321,0.18965732087227416
13662.0,86,3,897.76,543,2011-03-25 13:23:00,2011-09-15 12:04:00,299.25333333333333,260,0.35123076923076924
13663.0,180,1,189.47,91,2011-06-13 15:44:00,2011-06-13 15:44:00,189.47,180,0.16911111111111113
13666.0,61,3,84.65,41,2011-02-25 13:05:00,2011-10-10 15:39:00,28.21666666666667,288,0.31708333333333333
13667.0,150,1,305.02,154,2011-07-13 15:42:00,2011-07-13 15:42:00,305.02,150,0.20293333333333333
13668.0,3,21,6363.59,3742,2010-12-12 12:35:00,2011-12-07 12:11:00,303.02809523809526,363,1.7609917355371902
13669.0,51,2,218.55,237,2011-07-13 11:44:00,2011-10-20 09:32:00,109.275,150,0.40586666666666665
13670.0,76,1,349.7,282,2011-09-25 15:25:00,2011-09-25 15:25:00,349.7,76,0.4005263157894737
13672.0,302,2,186.39000000000001,57,2011-01-11 13:54:00,2011-02-11 13:53:00,93.19500000000001,333,0.18282282282282283
13673.0,19,2,396.92,119,2011-11-07 15:40:00,2011-11-21 12:11:00,198.46,33,1.8448484848484847
13675.0,152,2,486.82000000000005,330,2011-02-28 12:14:00,2011-07-11 12:57:00,243.41000000000003,285,0.2136140350877193
13678.0,152,1,232.6,924,2011-07-11 10:14:00,2011-07-11 10:14:00,232.6,152,0.20026315789473684
13680.0,2,4,3722.42,1936,2011-01-04 14:12:00,2011-12-08 13:47:00,930.605,340,0.35811764705882354
13681.0,18,4,827.83,360,2011-07-07 15:21:00,2011-11-22 11:13:00,206.9575,156,0.7805128205128206
13682.0,188,1,59.5,10,2011-06-05 14:06:00,2011-06-05 14:06:00,59.5,188,0.16191489361702127
13684.0,286,1,67.23,39,2011-02-27 10:13:00,2011-02-27 10:13:00,67.23,286,0.10643356643356643
13685.0,3,7,3119.44,5056,2011-10-10 12:59:00,2011-12-07 11:41:00,445.63428571428574,61,3.4931147540983605
13686.0,183,1,72.0,70,2011-06-10 09:10:00,2011-06-10 09:10:00,72.0,183,0.16633879781420766
13689.0,64,1,910.0,512,2011-10-07 13:21:00,2011-10-07 13:21:00,910.0,64,0.47562499999999996
13690.0,60,1,172.25,67,2011-10-11 15:03:00,2011-10-11 15:03:00,172.25,60,0.5073333333333334
13692.0,25,3,1488.32,1226,2011-04-17 12:57:00,2011-11-15 11:17:00,496.1066666666666,237,0.38531645569620254
13694.0,4,50,65039.62,63312,2010-12-01 12:12:00,2011-12-06 09:32:00,1300.7924,374,4.06951871657754
13695.0,32,15,2504.13,1603,2011-03-25 11:31:00,2011-11-08 14:26:00,166.942,260,1.7561538461538462
13697.0,39,1,151.29999999999998,177,2011-11-01 09:14:00,2011-11-01 09:14:00,151.29999999999998,39,0.7805128205128206
13699.0,156,1,308.58000000000004,66,2011-07-07 16:51:00,2011-07-07 16:51:00,308.58000000000004,156,0.19512820512820514
13700.0,27,10,2265.12,2304,2011-01-16 13:18:00,2011-11-13 13:00:00,226.512,328,0.9280487804878049
13703.0,319,1,99.5,10,2011-01-25 13:10:00,2011-01-25 13:10:00,99.5,319,0.09542319749216302
13704.0,6,9,2308.06,1531,2011-09-12 14:40:00,2011-12-04 15:13:00,256.4511111111111,89,3.0782022471910113
13705.0,8,3,711.86,363,2010-12-01 10:29:00,2011-12-02 12:32:00,237.28666666666666,374,0.2441711229946524
13706.0,303,1,330.79,189,2011-02-10 09:21:00,2011-02-10 09:21:00,330.79,303,0.10046204620462047
13707.0,268,2,806.41,351,2011-01-28 13:27:00,2011-03-17 18:03:00,403.205,316,0.19265822784810127
13708.0,272,1,296.88,306,2011-03-13 13:46:00,2011-03-13 13:46:00,296.88,272,0.11191176470588235
13709.0,4,13,6328.05,3516,2011-01-28 14:57:00,2011-12-06 10:28:00,486.7730769230769,316,1.2522784810126582
13710.0,32,1,180.48,176,2011-11-08 08:16:00,2011-11-08 08:16:00,180.48,32,0.9512499999999999
13711.0,219,2,252.06,140,2011-05-05 10:29:00,2011-05-05 10:31:00,126.03,219,0.2779908675799087
13712.0,247,1,228.84,352,2011-04-07 12:33:00,2011-04-07 12:33:00,228.84,247,0.12323886639676114
13715.0,282,5,1079.34,563,2010-12-02 08:52:00,2011-03-03 19:21:00,215.868,373,0.4080428954423593
13716.0,270,1,138.28,138,2011-03-15 13:49:00,2011-03-15 13:49:00,138.28,270,0.11274074074074074
13717.0,33,6,1445.01,1959,2011-02-14 13:21:00,2011-11-07 14:13:00,240.835,299,0.6108361204013378
13718.0,247,2,306.55,173,2011-02-17 11:58:00,2011-04-07 13:24:00,153.275,296,0.20567567567567568
13719.0,16,5,1041.68,609,2011-04-19 13:56:00,2011-11-24 15:26:00,208.336,235,0.6476595744680852
13720.0,117,4,799.9,501,2011-03-30 09:17:00,2011-08-15 12:46:00,199.975,255,0.4774901960784314
13721.0,37,1,524.14,316,2011-11-03 14:05:00,2011-11-03 14:05:00,524.14,37,0.8227027027027027
13722.0,132,3,2375.41,1401,2011-03-02 11:43:00,2011-07-31 12:44:00,791.8033333333333,283,0.3226855123674912
13723.0,218,1,199.85000000000002,43,2011-05-06 17:04:00,2011-05-06 17:04:00,199.85000000000002,218,0.1396330275229358
13725.0,50,8,1980.56,806,2011-02-04 12:18:00,2011-10-21 10:03:00,247.57,309,0.7880906148867315
13726.0,39,2,1079.6599999999999,1054,2011-08-31 11:06:00,2011-11-01 10:49:00,539.8299999999999,101,0.6027722772277228
13727.0,29,2,333.48,162,2011-11-06 12:16:00,2011-11-11 09:46:00,166.74,34,1.7905882352941176
13728.0,37,6,1016.14,458,2011-02-02 12:09:00,2011-11-03 10:49:00,169.35666666666665,311,0.587266881028939
13730.0,136,2,752.6,488,2011-07-01 12:47:00,2011-07-27 08:35:00,376.3,162,0.37580246913580245
13731.0,220,2,610.59,278,2011-04-07 10:10:00,2011-05-04 14:33:00,305.295,247,0.24647773279352228
13732.0,29,1,491.86,498,2011-11-11 15:49:00,2011-11-11 15:49:00,491.86,29,1.0
13735.0,25,4,2885.2400000000002,1130,2011-04-19 13:49:00,2011-11-15 11:14:00,721.3100000000001,235,0.5181276595744682
13736.0,6,2,731.9,497,2011-03-24 13:04:00,2011-12-04 15:19:00,365.95,261,0.23325670498084292
13737.0,201,1,339.59999999999997,125,2011-05-23 16:32:00,2011-05-23 16:32:00,339.59999999999997,201,0.15144278606965175
13739.0,19,1,216.9,54,2011-11-21 13:35:00,2011-11-21 13:35:00,216.9,19,1.0
13740.0,241,1,350.75,425,2011-04-13 10:32:00,2011-04-13 10:32:00,350.75,241,0.12630705394190872
13741.0,72,3,668.4300000000001,218,2011-05-06 13:43:00,2011-09-29 09:19:00,222.81000000000003,218,0.41889908256880737
13742.0,17,12,3131.02,1124,2011-01-23 14:59:00,2011-11-23 11:07:00,260.91833333333335,321,1.137943925233645
13743.0,3,7,1341.6,1776,2011-03-25 14:46:00,2011-12-07 10:09:00,191.65714285714284,260,0.8195384615384615
13744.0,96,2,1156.36,1249,2011-02-20 14:08:00,2011-09-05 15:19:00,578.18,293,0.20778156996587033
13745.0,163,1,300.04,496,2011-06-30 16:43:00,2011-06-30 16:43:00,300.04,163,0.18674846625766872
13747.0,374,1,79.6,8,2010-12-01 10:37:00,2010-12-01 10:37:00,79.6,374,0.0813903743315508
13748.0,96,5,948.25,439,2010-12-01 09:00:00,2011-09-05 09:45:00,189.65,374,0.40695187165775404
13750.0,54,5,1647.26,516,2011-01-07 11:49:00,2011-10-17 12:16:00,329.452,337,0.4516320474777448
13751.0,289,1,296.25,152,2011-02-24 15:56:00,2011-02-24 15:56:00,296.25,289,0.1053287197231834
13752.0,125,6,1186.28,876,2011-04-07 12:04:00,2011-08-07 14:16:00,197.71333333333334,247,0.7394331983805669
13753.0,288,1,741.26,512,2011-02-25 12:48:00,2011-02-25 12:48:00,741.26,288,0.10569444444444444
13754.0,152,2,282.59999999999997,214,2011-01-26 14:58:00,2011-07-11 11:51:00,141.29999999999998,318,0.19144654088050314
13755.0,4,9,2161.35,1264,2011-10-07 15:45:00,2011-12-06 12:26:00,240.14999999999998,64,4.280625
13756.0,3,14,5189.52,3188,2010-12-07 11:41:00,2011-12-07 16:44:00,370.68,368,1.1580434782608695
13758.0,12,7,3190.55,1844,2010-12-01 12:08:00,2011-11-28 11:11:00,455.79285714285714,374,0.5697326203208556
13759.0,34,2,659.4100000000001,287,2011-09-29 15:40:00,2011-11-06 14:47:00,329.70500000000004,72,0.8455555555555555
13760.0,55,2,286.79,197,2011-03-28 12:52:00,2011-10-16 16:13:00,143.395,257,0.23688715953307396
13761.0,51,2,1070.65,642,2011-06-13 08:43:00,2011-10-20 14:01:00,535.325,180,0.33822222222222226
13762.0,219,1,306.72,272,2011-05-05 09:15:00,2011-05-05 09:15:00,306.72,219,0.13899543378995435
13763.0,64,1,1714.96,728,2011-10-07 15:13:00,2011-10-07 15:13:00,1714.96,64,0.47562499999999996
13764.0,71,3,1521.76,932,2011-01-06 14:53:00,2011-09-30 12:03:00,507.25333333333333,338,0.2701775147928994
13767.0,3,37,17220.36,7322,2010-12-01 10:47:00,2011-12-07 15:00:00,465.41513513513513,374,3.01144385026738
13769.0,3,10,2796.51,1163,2010-12-07 13:28:00,2011-12-07 15:08:00,279.651,368,0.8271739130434783
13771.0,65,4,2634.45,1477,2011-04-06 15:47:00,2011-10-06 14:18:00,658.6125,248,0.49096774193548387
13772.0,34,3,1132.13,546,2011-04-14 12:31:00,2011-11-06 11:43:00,377.3766666666667,240,0.3805
13774.0,82,1,345.0,192,2011-09-19 12:06:00,2011-09-19 12:06:00,345.0,82,0.37121951219512195
13777.0,1,33,25977.16,12897,2010-12-01 16:01:00,2011-12-09 12:25:00,787.1866666666666,374,2.6858823529411766
13778.0,104,1,178.7,70,2011-08-28 15:25:00,2011-08-28 15:25:00,178.7,104,0.2926923076923077
13780.0,8,2,360.01,318,2011-06-22 11:43:00,2011-12-02 13:49:00,180.005,171,0.3560233918128655
13781.0,251,1,127.84,30,2011-04-03 12:08:00,2011-04-03 12:08:00,127.84,251,0.12127490039840638
13782.0,13,6,912.0,371,2011-01-16 11:08:00,2011-11-27 11:54:00,152.0,328,0.556829268292683
13784.0,10,11,2462.79,2493,2011-01-11 14:38:00,2011-11-30 09:33:00,223.89,333,1.0055255255255255
13786.0,368,1,230.39999999999998,136,2010-12-07 13:53:00,2010-12-07 13:53:00,230.39999999999998,368,0.08271739130434783
13787.0,76,2,309.04,337,2010-12-10 14:45:00,2011-09-25 12:06:00,154.52,365,0.16679452054794522
13790.0,5,1,348.8,748,2011-12-05 15:48:00,2011-12-05 15:48:00,348.8,5,1.0
13791.0,128,2,1516.0,1200,2011-06-24 16:38:00,2011-08-04 11:44:00,758.0,169,0.3602366863905325
13792.0,67,2,195.55,92,2011-02-25 14:03:00,2011-10-04 14:31:00,97.775,288,0.21138888888888888
13798.0,2,57,37153.85,23948,2010-12-02 17:24:00,2011-12-08 15:51:00,651.8219298245614,373,4.651689008042896
13799.0,117,2,688.86,402,2011-02-18 14:18:00,2011-08-15 12:07:00,344.43,295,0.2063728813559322
13800.0,310,1,558.32,331,2011-02-03 12:27:00,2011-02-03 12:27:00,558.32,310,0.09819354838709678
13801.0,67,1,324.8,168,2011-10-04 10:15:00,2011-10-04 10:15:00,324.8,67,0.45432835820895523
13802.0,139,3,4599.42,2572,2011-02-01 12:03:00,2011-07-24 10:54:00,1533.14,312,0.2926923076923077
13803.0,256,1,277.07,121,2011-03-29 12:57:00,2011-03-29 12:57:00,277.07,256,0.11890624999999999
13804.0,31,7,2635.79,1498,2011-02-23 09:09:00,2011-11-09 12:32:00,376.5414285714286,290,0.7347586206896551
13805.0,53,2,924.6,1900,2011-08-02 15:29:00,2011-10-18 14:50:00,462.3,130,0.4683076923076923
13806.0,64,1,256.38,56,2011-10-07 11:43:00,2011-10-07 11:43:00,256.38,64,0.47562499999999996
13807.0,368,1,112.6,36,2010-12-07 15:48:00,2010-12-07 15:48:00,112.6,368,0.08271739130434783
13808.0,6,5,1747.66,782,2011-09-04 12:07:00,2011-12-04 12:18:00,349.53200000000004,97,1.5690721649484536
13809.0,306,1,155.05,29,2011-02-07 13:15:00,2011-02-07 13:15:00,155.05,306,0.09947712418300654
13810.0,29,3,1499.01,312,2011-10-14 12:57:00,2011-11-11 08:33:00,499.67,57,1.602105263157895
13811.0,184,3,814.5,68,2011-04-14 18:40:00,2011-06-09 09:54:00,271.5,240,0.3805
13812.0,43,3,539.0,333,2011-08-26 12:54:00,2011-10-28 14:27:00,179.66666666666666,106,0.8615094339622642
13813.0,40,4,1366.8600000000001,552,2011-07-28 10:33:00,2011-10-31 10:38:00,341.71500000000003,135,0.9019259259259259
13814.0,93,2,1579.12,864,2011-07-25 13:54:00,2011-09-08 13:48:00,789.56,138,0.44115942028985505
13815.0,23,4,4027.36,2560,2011-01-25 12:16:00,2011-11-17 14:19:00,1006.84,319,0.3816927899686521
13816.0,24,2,571.6700000000001,269,2011-10-06 14:37:00,2011-11-16 08:38:00,285.83500000000004,65,0.9366153846153846
13817.0,30,2,382.98,211,2010-12-23 11:46:00,2011-11-10 17:49:00,191.49,352,0.17295454545454547
13819.0,302,3,1140.35,1109,2011-01-24 10:38:00,2011-02-11 10:38:00,380.1166666666666,320,0.285375
13821.0,145,2,385.64,153,2011-03-23 11:30:00,2011-07-18 09:49:00,192.82,262,0.23236641221374046
13822.0,6,2,632.0,611,2011-10-30 15:55:00,2011-12-04 12:13:00,316.0,41,1.4848780487804878
13823.0,19,2,957.66,439,2011-09-09 10:42:00,2011-11-21 10:22:00,478.83,92,0.6617391304347826
13824.0,33,5,1698.94,768,2011-02-02 13:07:00,2011-11-07 12:41:00,339.788,311,0.4893890675241158
13826.0,177,1,189.5,82,2011-06-16 13:48:00,2011-06-16 13:48:00,189.5,177,0.1719774011299435
13827.0,58,3,412.05,141,2011-07-19 15:38:00,2011-10-13 12:38:00,137.35,144,0.6341666666666667
13828.0,23,1,209.49,311,2011-11-17 16:02:00,2011-11-17 16:02:00,209.49,23,1.0
13831.0,17,6,2202.99,745,2010-12-05 12:13:00,2011-11-23 15:41:00,367.16499999999996,370,0.49362162162162165
13832.0,20,1,52.199999999999996,28,2011-11-20 15:36:00,2011-11-20 15:36:00,52.199999999999996,20,1.0
13833.0,160,1,384.8,118,2011-07-03 13:27:00,2011-07-03 13:27:00,384.8,160,0.19025
13835.0,26,4,834.57,442,2011-05-08 15:22:00,2011-11-14 15:37:00,208.6425,216,0.5637037037037037
13837.0,212,2,271.24,183,2011-01-26 12:15:00,2011-05-12 12:10:00,135.62,318,0.19144654088050314
13838.0,6,4,691.73,263,2010-12-05 10:45:00,2011-12-04 11:00:00,172.9325,370,0.3290810810810811
13841.0,253,1,85.0,100,2011-04-01 12:10:00,2011-04-01 12:10:00,85.0,253,0.12031620553359684
13842.0,59,9,3385.62,1768,2010-12-08 10:39:00,2011-10-12 10:51:00,376.18,367,0.7464850136239782
13844.0,12,1,361.62,196,2011-11-28 13:21:00,2011-11-28 13:21:00,361.62,12,1.0
13845.0,65,1,312.98,182,2011-10-06 08:25:00,2011-10-06 08:25:00,312.98,65,0.4683076923076923
13846.0,25,3,865.0600000000001,388,2010-12-14 16:07:00,2011-11-15 12:07:00,288.35333333333335,361,0.2529639889196676
13848.0,93,3,1255.0,3700,2010-12-08 15:10:00,2011-09-08 12:58:00,418.3333333333333,367,0.24882833787465944
13849.0,52,2,1537.95,1016,2011-06-22 10:11:00,2011-10-19 10:59:00,768.975,171,0.3560233918128655
13850.0,130,1,1595.48,944,2011-08-02 14:04:00,2011-08-02 14:04:00,1595.48,130,0.23415384615384616
13851.0,96,3,2651.46,1705,2011-02-24 17:18:00,2011-09-05 12:36:00,883.82,289,0.3159861591695502
13853.0,58,1,1090.14,312,2011-10-13 14:18:00,2011-10-13 14:18:00,1090.14,58,0.5248275862068966
13854.0,9,25,8109.5199999999995,2296,2010-12-09 10:48:00,2011-12-01 09:06:00,324.38079999999997,366,2.079234972677596
13856.0,169,3,388.5,494,2011-05-20 13:13:00,2011-06-24 10:03:00,129.5,204,0.44764705882352945
13858.0,58,1,216.17,75,2011-10-13 16:17:00,2011-10-13 16:17:00,216.17,58,0.5248275862068966
13859.0,327,1,201.16,129,2011-01-17 16:14:00,2011-01-17 16:14:00,201.16,327,0.09308868501529052
13860.0,2,5,1245.9,591,2011-09-14 09:27:00,2011-12-08 12:57:00,249.18,87,1.7494252873563219
13862.0,19,8,2209.36,1688,2011-01-11 15:13:00,2011-11-21 16:24:00,276.17,333,0.7312912912912913
13863.0,248,1,305.78,224,2011-04-06 10:20:00,2011-04-06 10:20:00,305.78,248,0.12274193548387097
13865.0,59,4,501.56,204,2011-02-23 12:04:00,2011-10-12 13:31:00,125.39,290,0.41986206896551725
13866.0,75,1,145.67000000000002,57,2011-09-26 14:54:00,2011-09-26 14:54:00,145.67000000000002,75,0.40586666666666665
13867.0,32,3,1015.29,513,2011-05-05 17:28:00,2011-11-08 15:48:00,338.43,219,0.41698630136986303
13868.0,8,2,3192.54,1964,2011-11-01 12:45:00,2011-12-02 16:32:00,1596.27,39,1.5610256410256411
13869.0,124,4,3104.95,1721,2010-12-17 15:14:00,2011-08-08 13:53:00,776.2375,358,0.3401117318435754
13870.0,3,8,2770.94,1325,2011-02-25 09:09:00,2011-12-07 13:23:00,346.3675,288,0.8455555555555555
13871.0,23,13,6403.25,2806,2011-02-04 09:30:00,2011-11-17 10:49:00,492.5576923076923,309,1.2806472491909386
13873.0,120,3,389.6,140,2011-02-03 09:37:00,2011-08-12 10:08:00,129.86666666666667,310,0.29458064516129034
13874.0,359,1,540.45,180,2010-12-16 18:20:00,2010-12-16 18:20:00,540.45,359,0.08479108635097495
13875.0,54,5,1786.79,1316,2011-02-11 15:39:00,2011-10-17 09:36:00,357.358,302,0.5039735099337749
13876.0,64,1,122.7,36,2011-10-07 10:22:00,2011-10-07 10:22:00,122.7,64,0.47562499999999996
13877.0,87,1,117.24,108,2011-09-14 15:49:00,2011-09-14 15:49:00,117.24,87,0.34988505747126436
13878.0,55,1,1281.53,475,2011-10-16 12:19:00,2011-10-16 12:19:00,1281.53,55,0.5534545454545455
13880.0,22,13,3219.77,1842,2010-12-07 14:00:00,2011-11-18 13:44:00,247.67461538461538,368,1.0753260869565218
13881.0,4,20,17159.52,10118,2011-02-01 10:14:00,2011-12-06 12:50:00,857.976,312,1.9512820512820512
13882.0,3,5,1191.13,953,2011-10-06 15:28:00,2011-12-07 11:16:00,238.22600000000003,65,2.3415384615384616
13883.0,11,5,2674.48,1436,2011-03-31 17:17:00,2011-11-29 10:45:00,534.896,254,0.5992125984251968
13884.0,8,5,787.6,300,2011-03-01 13:40:00,2011-12-02 16:30:00,157.52,284,0.5359154929577464
13885.0,190,2,506.8,182,2011-05-23 08:52:00,2011-06-03 15:07:00,253.4,201,0.3028855721393035
13886.0,72,1,243.56,126,2011-09-29 13:17:00,2011-09-29 13:17:00,243.56,72,0.42277777777777775
13887.0,205,1,349.55,147,2011-05-19 17:22:00,2011-05-19 17:22:00,349.55,205,0.14848780487804877
13888.0,120,2,605.63,258,2011-05-05 14:41:00,2011-08-12 10:13:00,302.815,219,0.2779908675799087
13889.0,93,1,416.90000000000003,146,2011-09-08 09:13:00,2011-09-08 09:13:00,416.90000000000003,93,0.32731182795698927
13890.0,2,10,1883.8100000000002,831,2010-12-16 09:31:00,2011-12-08 15:36:00,188.38100000000003,359,0.8479108635097494
13892.0,27,4,632.97,983,2011-04-07 12:04:00,2011-11-13 11:50:00,158.2425,247,0.49295546558704456
13893.0,298,1,821.1,190,2011-02-15 11:30:00,2011-02-15 11:30:00,821.1,298,0.10214765100671142
13894.0,24,3,564.62,354,2011-02-02 12:54:00,2011-11-16 09:44:00,188.20666666666668,311,0.2936334405144695
13895.0,29,4,2593.07,1365,2011-06-28 10:17:00,2011-11-11 16:57:00,648.2675,165,0.7379393939393939
13897.0,51,1,311.16,200,2011-10-20 14:30:00,2011-10-20 14:30:00,311.16,51,0.5968627450980393
13898.0,326,1,155.93,133,2011-01-18 10:28:00,2011-01-18 10:28:00,155.93,326,0.09337423312883436
13899.0,17,2,388.52,156,2011-03-10 09:30:00,2011-11-23 13:40:00,194.26,275,0.2213818181818182
13900.0,184,3,740.95,430,2011-03-22 10:13:00,2011-06-09 19:26:00,246.98333333333335,263,0.34722433460076046
13901.0,73,5,2867.2,1739,2011-01-25 09:01:00,2011-09-28 14:48:00,573.4399999999999,319,0.47711598746081507
13904.0,38,2,332.64,332,2011-02-18 11:18:00,2011-11-02 13:41:00,166.32,295,0.2063728813559322
13908.0,80,4,2369.55,1478,2011-03-08 12:04:00,2011-09-21 11:49:00,592.3875,277,0.4395667870036101
13911.0,58,9,2580.91,2731,2011-02-04 14:46:00,2011-10-13 15:43:00,286.7677777777778,309,0.8866019417475729
13914.0,12,2,626.45,380,2011-11-03 16:28:00,2011-11-28 10:35:00,313.225,37,1.6454054054054055
13917.0,50,2,272.04,228,2011-06-01 12:46:00,2011-10-21 09:56:00,136.02,192,0.31708333333333333
13918.0,50,2,1212.8400000000001,1140,2011-03-31 18:05:00,2011-10-21 12:25:00,606.4200000000001,254,0.23968503937007873
13919.0,60,2,384.81,474,2011-08-10 10:15:00,2011-10-11 14:24:00,192.405,122,0.49901639344262294
13922.0,352,1,172.25,93,2010-12-23 10:38:00,2010-12-23 10:38:00,172.25,352,0.08647727272727274
13923.0,54,1,351.13,185,2011-10-17 12:33:00,2011-10-17 12:33:00,351.13,54,0.5637037037037037
13924.0,2,6,1838.8500000000001,1575,2011-09-28 15:07:00,2011-12-08 09:39:00,306.475,73,2.501917808219178
13925.0,93,4,678.25,331,2011-07-28 12:09:00,2011-09-08 12:47:00,169.5625,135,0.9019259259259259
13926.0,24,1,223.85000000000002,104,2011-11-16 13:16:00,2011-11-16 13:16:00,223.85000000000002,24,1.0
13927.0,75,1,348.99,214,2011-09-26 12:00:00,2011-09-26 12:00:00,348.99,75,0.40586666666666665
13928.0,11,4,464.57,129,2011-07-29 15:59:00,2011-11-29 10:33:00,116.1425,134,0.9086567164179105
13929.0,170,2,842.65,143,2011-01-17 15:11:00,2011-06-23 15:26:00,421.325,327,0.18617737003058105
13930.0,58,2,337.34,274,2011-07-26 11:00:00,2011-10-13 09:45:00,168.67,137,0.4443795620437956
13931.0,96,2,1237.53,725,2011-03-04 08:43:00,2011-09-05 10:12:00,618.765,281,0.21665480427046266
13932.0,295,1,307.4,72,2011-02-18 12:02:00,2011-02-18 12:02:00,307.4,295,0.1031864406779661
13933.0,110,2,608.7900000000001,205,2011-07-14 13:35:00,2011-08-22 14:03:00,304.39500000000004,149,0.40859060402684566
13934.0,264,1,922.1,390,2011-03-21 08:39:00,2011-03-21 08:39:00,922.1,264,0.1153030303030303
13936.0,180,1,376.58,330,2011-06-13 08:47:00,2011-06-13 08:47:00,376.58,180,0.16911111111111113
13937.0,170,1,158.85,123,2011-06-23 16:35:00,2011-06-23 16:35:00,158.85,170,0.17905882352941177
13938.0,36,1,71.66,70,2011-11-04 14:37:00,2011-11-04 14:37:00,71.66,36,0.8455555555555555
13939.0,24,3,568.55,847,2011-02-01 11:30:00,2011-11-16 13:33:00,189.51666666666665,312,0.2926923076923077
13940.0,18,4,839.14,516,2011-07-18 16:05:00,2011-11-22 15:15:00,209.785,145,0.8397241379310345
13941.0,22,5,5112.96,2364,2010-12-02 10:17:00,2011-11-18 09:43:00,1022.592,373,0.4080428954423593
13946.0,80,3,561.5699999999999,443,2011-03-17 10:02:00,2011-09-21 13:33:00,187.18999999999997,268,0.3407462686567164
13947.0,66,1,90.6,44,2011-10-05 14:42:00,2011-10-05 14:42:00,90.6,66,0.4612121212121212
13948.0,361,1,102.0,40,2010-12-14 10:18:00,2010-12-14 10:18:00,102.0,361,0.08432132963988921
13949.0,3,6,2427.32,2474,2011-09-06 11:55:00,2011-12-07 09:35:00,404.55333333333334,95,1.9225263157894739
13950.0,12,4,745.06,323,2011-04-07 11:29:00,2011-11-28 14:44:00,186.265,247,0.49295546558704456
13951.0,177,3,674.45,459,2011-02-18 15:21:00,2011-06-16 16:43:00,224.8166666666667,295,0.30955932203389835
13952.0,218,2,3251.071,1431,2011-04-15 09:27:00,2011-05-06 09:00:00,1625.5355,239,0.2547280334728034
13953.0,8,7,3515.68,2724,2010-12-22 10:29:00,2011-12-02 16:04:00,502.23999999999995,353,0.6036260623229462
13954.0,2,2,439.92,150,2011-09-30 10:52:00,2011-12-08 12:50:00,219.96,71,0.8574647887323944
13955.0,155,2,322.96,154,2011-02-07 12:24:00,2011-07-08 17:19:00,161.48,306,0.19895424836601308
13956.0,6,5,1026.42,491,2011-03-13 12:51:00,2011-12-04 13:20:00,205.28400000000002,272,0.5595588235294118
13959.0,80,3,598.2,357,2010-12-12 13:56:00,2011-09-21 15:06:00,199.4,363,0.25157024793388433
13960.0,22,2,230.22,142,2011-09-29 12:39:00,2011-11-18 15:27:00,115.11,72,0.8455555555555555
13962.0,22,2,169.55,87,2011-04-08 11:21:00,2011-11-18 08:47:00,84.775,246,0.24747967479674796
13963.0,309,4,664.54,460,2010-12-07 09:21:00,2011-02-04 14:43:00,166.135,368,0.3308695652173913
13967.0,146,1,80.7,42,2011-07-17 12:02:00,2011-07-17 12:02:00,80.7,146,0.20849315068493152
13969.0,8,18,9053.94,4542,2010-12-09 19:32:00,2011-12-02 15:11:00,502.99666666666667,366,1.497049180327869
13971.0,19,8,2758.26,1844,2011-02-27 12:27:00,2011-11-21 12:06:00,344.7825,286,0.8514685314685314
13972.0,71,2,190.25,187,2011-05-22 11:34:00,2011-09-30 11:54:00,95.125,202,0.3013861386138614
13973.0,288,1,264.7,109,2011-02-25 15:21:00,2011-02-25 15:21:00,264.7,288,0.10569444444444444
13974.0,50,1,413.59000000000003,249,2011-10-21 14:41:00,2011-10-21 14:41:00,413.59000000000003,50,0.6088
13975.0,32,6,2526.28,1732,2011-03-08 12:19:00,2011-11-08 13:19:00,421.0466666666667,277,0.6593501805054152
13976.0,207,1,357.98,154,2011-05-17 09:13:00,2011-05-17 09:13:00,357.98,207,0.14705314009661835
13978.0,15,2,196.79000000000002,315,2011-10-25 15:04:00,2011-11-25 11:36:00,98.39500000000001,46,1.3234782608695652
13979.0,74,1,869.87,639,2011-09-27 13:32:00,2011-09-27 13:32:00,869.87,74,0.41135135135135137
13980.0,61,1,200.14,172,2011-10-10 13:34:00,2011-10-10 13:34:00,200.14,61,0.49901639344262294
13982.0,40,4,1871.81,1136,2010-12-09 13:57:00,2011-10-31 16:24:00,467.9525,366,0.3326775956284153
13983.0,30,12,2603.43,1183,2010-12-08 10:38:00,2011-11-10 11:06:00,216.9525,367,0.9953133514986378
13984.0,27,5,920.51,679,2010-12-08 15:58:00,2011-11-13 12:38:00,184.102,367,0.4147138964577657
13985.0,5,15,7060.13,3445,2011-03-20 13:48:00,2011-12-05 17:06:00,470.67533333333336,265,1.7230188679245284
13986.0,18,1,320.46,430,2011-11-22 15:00:00,2011-11-22 15:00:00,320.46,18,1.0
13988.0,20,6,4147.96,3044,2011-03-30 11:48:00,2011-11-20 10:15:00,691.3266666666667,255,0.7162352941176471
13989.0,66,2,1266.08,1313,2011-04-14 15:39:00,2011-10-05 09:47:00,633.04,240,0.2536666666666667
13990.0,214,1,311.3,190,2011-05-10 15:19:00,2011-05-10 15:19:00,311.3,214,0.14224299065420562
13991.0,13,6,855.97,998,2011-07-19 12:58:00,2011-11-27 16:18:00,142.66166666666666,144,1.2683333333333333
13992.0,31,1,76.8,64,2011-11-09 15:23:00,2011-11-09 15:23:00,76.8,31,0.9819354838709677
13993.0,43,9,3466.36,900,2011-01-13 10:43:00,2011-10-28 09:06:00,385.1511111111111,331,0.8276737160120847
13994.0,4,6,2313.14,940,2011-07-14 18:28:00,2011-12-06 11:05:00,385.5233333333333,149,1.225771812080537
13995.0,16,5,1393.69,879,2011-04-08 08:20:00,2011-11-24 14:22:00,278.738,246,0.6186991869918699
13999.0,11,12,3901.81,2243,2010-12-13 11:23:00,2011-11-29 13:40:00,325.1508333333333,362,1.009060773480663
14000.0,212,1,635.66,710,2011-05-12 16:50:00,2011-05-12 16:50:00,635.66,212,0.14358490566037738
14001.0,46,3,2043.0800000000002,962,2010-12-01 12:58:00,2011-10-25 10:31:00,681.0266666666668,374,0.2441711229946524
14002.0,135,2,529.73,877,2011-07-06 14:59:00,2011-07-28 15:55:00,264.865,157,0.3877707006369427
14004.0,44,7,4582.64,2668,2011-02-24 09:28:00,2011-10-27 14:40:00,654.6628571428572,289,0.7373010380622838
14005.0,10,5,2874.72,2478,2011-05-08 10:33:00,2011-11-30 12:41:00,574.944,216,0.7046296296296297
14006.0,116,3,962.19,641,2011-01-31 15:11:00,2011-08-16 09:39:00,320.73,313,0.2917571884984026
14009.0,199,2,695.61,365,2011-05-18 13:00:00,2011-05-25 15:47:00,347.805,206,0.2955339805825243
14012.0,278,1,328.8,160,2011-03-07 12:26:00,2011-03-07 12:26:00,328.8,278,0.10949640287769784
14013.0,111,3,473.02,462,2011-03-09 08:59:00,2011-08-21 15:01:00,157.67333333333332,276,0.3308695652173913
14014.0,78,1,505.18,1076,2011-09-23 13:18:00,2011-09-23 13:18:00,505.18,78,0.3902564102564103
14015.0,53,1,917.34,378,2011-10-18 10:02:00,2011-10-18 10:02:00,917.34,53,0.5743396226415095
14016.0,162,4,4341.21,2125,2010-12-17 14:21:00,2011-07-01 11:29:00,1085.3025,358,0.3401117318435754
14019.0,47,3,1421.61,1037,2011-07-24 15:39:00,2011-10-24 10:13:00,473.86999999999995,139,0.656978417266187
14020.0,17,2,642.8,441,2011-09-12 15:32:00,2011-11-23 09:22:00,321.4,89,0.6840449438202247
14021.0,156,3,631.9,192,2011-03-28 15:10:00,2011-07-07 15:46:00,210.63333333333333,257,0.3553307392996109
14022.0,226,1,440.0,487,2011-04-28 14:39:00,2011-04-28 14:39:00,440.0,226,0.13469026548672566
14023.0,8,2,584.07,345,2011-04-03 15:50:00,2011-12-02 13:58:00,292.035,251,0.24254980079681276
14024.0,122,2,327.7,150,2011-08-07 13:31:00,2011-08-10 11:30:00,163.85,125,0.48704
14027.0,61,1,104.82,62,2011-10-10 09:01:00,2011-10-10 09:01:00,104.82,61,0.49901639344262294
14029.0,64,2,467.66,198,2011-07-18 16:57:00,2011-10-07 14:46:00,233.83,145,0.41986206896551725
14030.0,19,8,2360.09,1479,2010-12-08 16:11:00,2011-11-21 16:48:00,295.01125,367,0.6635422343324251
14031.0,8,19,17286.86,5788,2010-12-02 16:34:00,2011-12-02 17:13:00,909.8347368421053,373,1.5505630026809654
14032.0,3,11,2975.59,2032,2010-12-08 10:53:00,2011-12-07 15:23:00,270.5081818181818,367,0.9123705722070846
14034.0,23,3,651.8199999999999,423,2011-07-05 13:06:00,2011-11-17 14:02:00,217.2733333333333,158,0.5779746835443038
14035.0,29,5,1428.02,739,2011-02-15 12:48:00,2011-11-11 10:03:00,285.604,298,0.5107382550335571
14036.0,285,1,626.65,268,2011-02-28 09:26:00,2011-02-28 09:26:00,626.65,285,0.10680701754385966
14037.0,177,2,147.20000000000002,46,2010-12-10 11:39:00,2011-06-16 13:57:00,73.60000000000001,365,0.16679452054794522
14038.0,79,3,1560.38,965,2011-05-16 14:05:00,2011-09-22 13:37:00,520.1266666666667,208,0.43903846153846154
14039.0,34,1,152.2,92,2011-11-06 13:48:00,2011-11-06 13:48:00,152.2,34,0.8952941176470588
14040.0,41,12,3614.92,1554,2011-01-12 14:57:00,2011-10-30 12:42:00,301.24333333333334,332,1.1002409638554218
14041.0,267,1,141.41,94,2011-03-18 13:25:00,2011-03-18 13:25:00,141.41,267,0.11400749063670412
14044.0,27,4,652.82,308,2011-02-03 11:39:00,2011-11-13 12:05:00,163.205,310,0.3927741935483871
14045.0,110,4,1659.75,535,2010-12-01 11:32:00,2011-08-22 15:27:00,414.9375,374,0.3255614973262032
14046.0,285,1,154.99,460,2011-02-28 14:48:00,2011-02-28 14:48:00,154.99,285,0.10680701754385966
14047.0,9,5,1308.6100000000001,381,2010-12-02 10:09:00,2011-12-01 11:43:00,261.72200000000004,373,0.4080428954423593
14048.0,306,1,409.93,288,2011-02-07 14:53:00,2011-02-07 14:53:00,409.93,306,0.09947712418300654
14049.0,17,4,5681.72,3870,2011-01-26 11:27:00,2011-11-23 12:20:00,1420.43,318,0.3828930817610063
14050.0,32,2,746.36,689,2011-08-25 13:46:00,2011-11-08 10:00:00,373.18,107,0.5689719626168225
14051.0,1,23,15610.390000000001,3756,2010-12-08 12:49:00,2011-12-09 10:20:00,678.7126086956522,367,1.9076839237057224
14052.0,20,1,225.36,89,2011-11-20 12:30:00,2011-11-20 12:30:00,225.36,20,1.0
14053.0,125,2,260.25,215,2011-07-03 12:21:00,2011-08-07 14:27:00,130.125,160,0.3805
14054.0,66,1,92.46,62,2011-10-05 15:49:00,2011-10-05 15:49:00,92.46,66,0.4612121212121212
14055.0,107,1,725.6400000000001,216,2011-08-25 15:04:00,2011-08-25 15:04:00,725.6400000000001,107,0.28448598130841124
14056.0,2,23,8214.65,4273,2011-02-28 15:19:00,2011-12-08 13:36:00,357.1586956521739,285,2.456561403508772
14057.0,24,17,6217.96,4876,2010-12-14 12:11:00,2011-11-16 10:32:00,365.76235294117646,361,1.4334626038781164
14059.0,267,1,183.6,128,2011-03-18 10:06:00,2011-03-18 10:06:00,183.6,267,0.11400749063670412
14060.0,5,19,6140.42,5386,2010-12-02 12:11:00,2011-12-05 12:29:00,323.18,373,1.5505630026809654
14062.0,10,12,10464.85,5593,2010-12-10 15:56:00,2011-11-30 10:04:00,872.0708333333333,365,1.0007671232876714
14064.0,30,5,1353.74,1788,2011-03-10 12:59:00,2011-11-10 13:14:00,270.748,275,0.5534545454545455
14066.0,267,1,152.55,45,2011-03-18 12:21:00,2011-03-18 12:21:00,152.55,267,0.11400749063670412
14067.0,64,2,374.7,361,2011-09-04 12:00:00,2011-10-07 10:21:00,187.35,97,0.6276288659793815
14068.0,321,1,265.85,73,2011-01-23 16:02:00,2011-01-23 16:02:00,265.85,321,0.09482866043613708
14071.0,4,8,1438.82,995,2011-03-20 11:33:00,2011-12-06 12:27:00,179.8525,265,0.9189433962264152
14073.0,33,1,151.04,130,2011-11-07 15:49:00,2011-11-07 15:49:00,151.04,33,0.9224242424242424
14075.0,5,3,942.26,754,2011-03-23 16:35:00,2011-12-05 08:38:00,314.08666666666664,262,0.34854961832061065
14076.0,130,1,122.47,81,2011-08-02 15:19:00,2011-08-02 15:19:00,122.47,130,0.23415384615384616
14077.0,41,5,499.41999999999996,268,2011-03-10 15:52:00,2011-10-30 12:35:00,99.88399999999999,275,0.5534545454545455
14078.0,102,6,1049.37,310,2010-12-01 12:54:00,2011-08-30 12:16:00,174.89499999999998,374,0.4883422459893048
14079.0,125,1,375.1,301,2011-08-07 12:10:00,2011-08-07 12:10:00,375.1,125,0.24352
14080.0,33,1,45.599999999999994,48,2011-11-07 11:09:00,2011-11-07 11:09:00,45.599999999999994,33,0.9224242424242424
14081.0,303,2,934.52,596,2010-12-05 15:47:00,2011-02-10 16:17:00,467.26,370,0.16454054054054054
14082.0,365,1,182.25,110,2010-12-10 11:02:00,2010-12-10 11:02:00,182.25,365,0.08339726027397261
14083.0,5,9,1018.43,732,2010-12-03 12:24:00,2011-12-05 13:14:00,113.15888888888888,372,0.7364516129032258
14085.0,3,18,4448.54,3184,2010-12-06 12:39:00,2011-12-07 13:46:00,247.14111111111112,369,1.484878048780488
14087.0,3,1,194.42,251,2011-12-07 12:41:00,2011-12-07 12:41:00,194.42,3,1.0
14088.0,11,13,50491.81,12665,2011-01-21 13:07:00,2011-11-29 16:16:00,3883.9853846153846,323,1.2251393188854491
14089.0,57,1,161.0,134,2011-10-14 10:38:00,2011-10-14 10:38:00,161.0,57,0.5340350877192983
14090.0,325,1,76.32000000000001,72,2011-01-19 10:51:00,2011-01-19 10:51:00,76.32000000000001,325,0.09366153846153848
14092.0,8,14,4076.91,2066,2010-12-16 15:47:00,2011-12-02 12:13:00,291.2078571428571,359,1.1870752089136491
14093.0,13,1,442.85,406,2011-11-27 16:27:00,2011-11-27 16:27:00,442.85,13,1.0
14096.0,5,17,65164.79,16352,2011-08-30 10:49:00,2011-12-05 17:17:00,3833.2229411764706,102,5.073333333333333
14098.0,37,1,147.35,104,2011-11-03 10:13:00,2011-11-03 10:13:00,147.35,37,0.8227027027027027
14099.0,17,11,3104.17,2179,2010-12-20 11:14:00,2011-11-23 13:53:00,282.1972727272727,355,0.9432112676056339
14100.0,138,1,194.9,64,2011-07-25 11:01:00,2011-07-25 11:01:00,194.9,138,0.22057971014492753
14101.0,74,6,5976.79,6942,2011-01-17 13:09:00,2011-09-27 12:28:00,996.1316666666667,327,0.5585321100917432
14102.0,6,5,1360.28,961,2011-10-26 12:46:00,2011-12-04 15:38:00,272.056,45,3.3822222222222225
14104.0,155,2,216.20999999999998,72,2011-06-27 12:49:00,2011-07-08 12:50:00,108.10499999999999,166,0.3667469879518072
14105.0,240,1,1266.23,800,2011-04-14 17:58:00,2011-04-14 17:58:00,1266.23,240,0.12683333333333335
14107.0,52,7,2703.23,1793,2010-12-10 13:29:00,2011-10-19 12:12:00,386.17571428571426,365,0.5837808219178083
14108.0,31,2,597.91,381,2011-08-30 11:32:00,2011-11-09 10:41:00,298.955,102,0.5968627450980393
14109.0,73,1,144.2,88,2011-09-28 10:18:00,2011-09-28 10:18:00,144.2,73,0.41698630136986303
14110.0,4,12,5683.15,2445,2011-03-18 09:59:00,2011-12-06 12:26:00,473.5958333333333,267,1.3680898876404495
14111.0,15,4,692.85,458,2011-04-12 11:36:00,2011-11-25 13:44:00,173.2125,242,0.5031404958677687
14112.0,23,7,2915.15,1651,2011-03-09 11:28:00,2011-11-17 12:30:00,416.45,276,0.7720289855072464
14113.0,4,4,1840.42,745,2010-12-20 12:14:00,2011-12-06 12:18:00,460.105,355,0.34298591549295776
14114.0,274,2,386.53,101,2011-01-13 11:05:00,2011-03-11 09:42:00,193.265,331,0.18392749244712991
14116.0,20,5,1382.74,707,2011-08-10 12:44:00,2011-11-20 10:29:00,276.548,122,1.2475409836065574
14117.0,144,1,90.0,72,2011-07-19 09:49:00,2011-07-19 09:49:00,90.0,144,0.21138888888888888
14121.0,4,4,2780.15,2082,2011-10-11 10:39:00,2011-12-06 12:19:00,695.0375,60,2.0293333333333337
14124.0,85,1,419.58000000000004,1618,2011-09-16 13:32:00,2011-09-16 13:32:00,419.58000000000004,85,0.35811764705882354
14125.0,11,3,2740.43,1640,2011-09-22 15:40:00,2011-11-29 12:47:00,913.4766666666666,79,1.1559493670886076
14126.0,8,3,706.1300000000001,508,2011-11-29 12:21:00,2011-12-02 11:45:00,235.3766666666667,11,3.0
14127.0,123,3,709.71,321,2011-02-02 12:26:00,2011-08-09 10:49:00,236.57000000000002,311,0.2936334405144695
14128.0,61,2,637.5,564,2011-03-29 10:49:00,2011-10-10 12:00:00,318.75,256,0.23781249999999998
14129.0,2,5,1123.8600000000001,592,2011-03-24 08:44:00,2011-12-08 11:02:00,224.77200000000002,261,0.5831417624521074
14130.0,320,1,483.86,258,2011-01-24 16:05:00,2011-01-24 16:05:00,483.86,320,0.095125
14132.0,3,11,3586.0299999999997,3368,2011-06-09 12:04:00,2011-12-07 13:35:00,326.00272727272727,184,1.8197826086956523
14133.0,130,3,605.64,348,2011-01-28 11:27:00,2011-08-02 11:34:00,201.88,316,0.2889873417721519
14135.0,2,15,4690.31,3850,2010-12-02 10:27:00,2011-12-08 11:38:00,312.68733333333336,373,1.224128686327078
14138.0,2,2,982.3800000000001,610,2011-10-07 09:38:00,2011-12-08 12:44:00,491.19000000000005,64,0.9512499999999999
14139.0,47,1,415.82,510,2011-10-24 13:34:00,2011-10-24 13:34:00,415.82,47,0.6476595744680851
14140.0,4,2,935.05,811,2011-11-08 11:20:00,2011-12-06 09:05:00,467.525,32,1.9024999999999999
14141.0,3,4,915.13,355,2011-08-26 14:40:00,2011-12-07 09:53:00,228.7825,106,1.148679245283019
14142.0,374,1,311.81,313,2010-12-01 16:33:00,2010-12-01 16:33:00,311.81,374,0.0813903743315508
14143.0,134,1,115.8,30,2011-07-29 09:48:00,2011-07-29 09:48:00,115.8,134,0.22716417910447761
14145.0,47,4,3742.2,756,2011-05-06 13:01:00,2011-10-24 12:10:00,935.55,218,0.5585321100917432
14146.0,9,5,4191.0,2437,2010-12-17 15:52:00,2011-12-01 10:18:00,838.2,358,0.4251396648044693
14147.0,79,2,483.4,108,2011-02-27 11:42:00,2011-09-22 18:10:00,241.7,286,0.21286713286713285
14148.0,234,1,157.2,16,2011-04-20 12:02:00,2011-04-20 12:02:00,157.2,234,0.13008547008547008
14149.0,221,1,446.62,218,2011-05-03 09:44:00,2011-05-03 09:44:00,446.62,221,0.137737556561086
14150.0,36,2,658.64,496,2010-12-15 10:04:00,2011-11-04 10:05:00,329.32,360,0.16911111111111113
14152.0,76,2,621.29,711,2011-04-19 15:46:00,2011-09-25 12:54:00,310.645,235,0.2590638297872341
14154.0,240,2,1345.62,465,2011-04-14 15:58:00,2011-04-14 16:26:00,672.81,240,0.2536666666666667
14155.0,267,1,118.75,25,2011-03-18 14:13:00,2011-03-18 14:13:00,118.75,267,0.11400749063670412
14156.0,10,55,117379.63,57885,2010-12-03 11:48:00,2011-11-30 10:54:00,2134.175090909091,372,4.5005376344086025
14157.0,20,2,432.88,284,2011-02-27 13:04:00,2011-11-20 11:32:00,216.44,286,0.21286713286713285
14158.0,41,1,507.66,781,2011-10-30 15:08:00,2011-10-30 15:08:00,507.66,41,0.7424390243902439
14159.0,20,11,4693.01,4408,2010-12-12 11:17:00,2011-11-20 12:36:00,426.6372727272728,363,0.9224242424242425
14161.0,216,3,1110.52,455,2010-12-05 13:18:00,2011-05-08 11:41:00,370.17333333333335,370,0.24681081081081083
14162.0,174,2,289.36,142,2011-02-20 12:32:00,2011-06-19 11:36:00,144.68,293,0.20778156996587033
14163.0,88,4,2445.91,893,2011-04-14 17:33:00,2011-09-13 15:18:00,611.4775,240,0.5073333333333334
14164.0,71,2,1631.77,1033,2011-09-20 12:18:00,2011-09-30 12:24:00,815.885,81,0.7516049382716049
14165.0,276,1,122.53999999999999,54,2011-03-09 12:39:00,2011-03-09 12:39:00,122.53999999999999,276,0.11028985507246376
14167.0,40,4,574.84,150,2011-01-12 15:44:00,2011-10-31 14:29:00,143.71,332,0.3667469879518072
14171.0,99,1,363.79,167,2011-09-02 16:43:00,2011-09-02 16:43:00,363.79,99,0.3074747474747475
14173.0,11,4,450.84,150,2011-05-04 14:03:00,2011-11-29 11:54:00,112.71,220,0.5534545454545455
14174.0,34,1,134.46,94,2011-11-06 13:17:00,2011-11-06 13:17:00,134.46,34,0.8952941176470588
14175.0,60,3,3222.3,1515,2011-01-14 12:22:00,2011-10-11 11:55:00,1074.1000000000001,330,0.2767272727272727
14176.0,298,4,576.9000000000001,209,2010-12-07 11:45:00,2011-02-15 13:12:00,144.22500000000002,368,0.3308695652173913
14177.0,87,4,559.41,205,2011-06-13 11:10:00,2011-09-14 15:11:00,139.8525,180,0.6764444444444445
14178.0,9,7,1620.93,1505,2011-06-10 12:51:00,2011-12-01 12:01:00,231.5614285714286,183,1.1643715846994536
14179.0,41,2,719.78,330,2011-10-18 14:00:00,2011-10-30 12:07:00,359.89,53,1.148679245283019
14180.0,11,25,4748.52,719,2010-12-02 13:08:00,2011-11-29 10:56:00,189.94080000000002,373,2.0402144772117965
14184.0,67,1,452.89,127,2011-10-04 12:43:00,2011-10-04 12:43:00,452.89,67,0.45432835820895523
14185.0,332,1,197.65,6,2011-01-12 13:52:00,2011-01-12 13:52:00,197.65,332,0.0916867469879518
14188.0,31,6,2054.36,1162,2011-02-02 13:46:00,2011-11-09 12:45:00,342.3933333333334,311,0.587266881028939
14189.0,3,15,4654.08,3937,2010-12-06 11:42:00,2011-12-07 15:55:00,310.272,369,1.23739837398374
14191.0,2,13,4684.76,3662,2011-05-03 10:30:00,2011-12-08 09:23:00,360.36615384615385,221,1.7905882352941178
14193.0,68,2,853.39,445,2011-03-15 11:38:00,2011-10-03 09:34:00,426.695,270,0.22548148148148148
14194.0,5,21,11349.52,5840,2011-02-04 14:51:00,2011-12-05 10:38:00,540.4533333333334,309,2.06873786407767
14195.0,202,2,1012.0,760,2011-04-01 16:50:00,2011-05-22 10:29:00,506.0,253,0.24063241106719369
14196.0,107,1,335.52,142,2011-08-25 10:25:00,2011-08-25 10:25:00,335.52,107,0.28448598130841124
14198.0,19,4,701.4,290,2011-04-14 14:54:00,2011-11-21 16:35:00,175.35,240,0.5073333333333334
14199.0,219,1,185.39999999999998,28,2011-05-05 13:44:00,2011-05-05 13:44:00,185.39999999999998,219,0.13899543378995435
14201.0,61,7,747.44,590,2010-12-15 13:25:00,2011-10-10 13:27:00,106.77714285714286,360,0.5918888888888889
14204.0,3,1,161.03,82,2011-12-07 13:38:00,2011-12-07 13:38:00,161.03,3,1.0
14205.0,17,2,466.7,204,2011-03-20 15:07:00,2011-11-23 10:55:00,233.35,265,0.2297358490566038
14206.0,240,1,328.15999999999997,276,2011-04-14 16:38:00,2011-04-14 16:38:00,328.15999999999997,240,0.12683333333333335
14208.0,95,1,151.74,114,2011-09-06 12:48:00,2011-09-06 12:48:00,151.74,95,0.32042105263157894
14209.0,11,6,2073.43,691,2011-01-11 12:56:00,2011-11-29 10:18:00,345.57166666666666,333,0.5484684684684685
14210.0,106,6,1905.8400000000001,760,2010-12-03 12:43:00,2011-08-26 12:36:00,317.64000000000004,372,0.49096774193548387
14211.0,54,9,2241.1,1242,2011-02-17 15:50:00,2011-10-17 13:23:00,249.0111111111111,296,0.9255405405405406
14212.0,90,1,1070.48,1152,2011-09-11 12:45:00,2011-09-11 12:45:00,1070.48,90,0.33822222222222226
14214.0,31,5,1004.38,751,2011-03-07 12:26:00,2011-11-09 10:31:00,200.876,278,0.5474820143884892
14215.0,12,6,1789.72,1358,2010-12-06 15:34:00,2011-11-28 12:19:00,298.2866666666667,369,0.49495934959349597
14216.0,4,4,1839.3,594,2011-11-02 10:51:00,2011-12-06 14:56:00,459.825,38,3.2042105263157894
14217.0,2,17,2004.98,689,2010-12-08 13:28:00,2011-12-08 11:53:00,117.94,367,1.4100272479564033
14218.0,43,1,169.48000000000002,160,2011-10-28 10:00:00,2011-10-28 10:00:00,169.48000000000002,43,0.707906976744186
14219.0,5,1,89.94,78,2011-12-05 16:23:00,2011-12-05 16:23:00,89.94,5,1.0
14220.0,248,2,632.4,272,2010-12-16 18:18:00,2011-04-06 13:23:00,316.2,359,0.1695821727019499
14221.0,43,9,3432.8,2191,2011-01-04 15:33:00,2011-10-28 13:42:00,381.4222222222222,340,0.8057647058823529
14222.0,178,1,683.17,607,2011-06-15 16:42:00,2011-06-15 16:42:00,683.17,178,0.17101123595505618
14223.0,93,3,991.13,585,2011-03-20 16:02:00,2011-09-08 13:38:00,330.37666666666667,265,0.3446037735849057
14224.0,111,4,1050.12,514,2011-01-23 13:58:00,2011-08-21 13:24:00,262.53,321,0.3793146417445483
14226.0,29,5,2232.19,1308,2011-03-15 15:36:00,2011-11-11 11:34:00,446.438,270,0.5637037037037037
14227.0,27,10,3350.96,1820,2011-02-28 12:27:00,2011-11-13 15:48:00,335.096,285,1.0680701754385966
14229.0,52,3,1547.2,610,2011-01-10 12:03:00,2011-10-19 10:04:00,515.7333333333333,334,0.27341317365269463
14231.0,184,3,925.71,409,2011-02-24 11:55:00,2011-06-09 11:05:00,308.57,289,0.3159861591695502
14232.0,43,5,2048.07,1941,2011-03-20 12:44:00,2011-10-28 11:09:00,409.61400000000003,265,0.5743396226415095
14233.0,50,4,1462.72,680,2011-01-26 12:43:00,2011-10-21 15:54:00,365.68,318,0.3828930817610063
14234.0,23,4,775.46,963,2011-10-13 13:58:00,2011-11-17 17:53:00,193.865,58,2.0993103448275865
14235.0,76,5,3144.86,1959,2011-03-24 13:23:00,2011-09-25 14:37:00,628.972,261,0.5831417624521074
14236.0,81,2,490.86,310,2010-12-02 18:49:00,2011-09-20 09:13:00,245.43,373,0.1632171581769437
14237.0,374,1,161.0,38,2010-12-01 13:20:00,2010-12-01 13:20:00,161.0,374,0.0813903743315508
14238.0,327,1,146.85,111,2011-01-17 14:40:00,2011-01-17 14:40:00,146.85,327,0.09308868501529052
14239.0,44,11,2380.85,993,2011-01-27 14:45:00,2011-10-27 14:40:00,216.4409090909091,317,1.0562776025236593
14240.0,31,2,890.34,418,2011-04-28 11:40:00,2011-11-09 13:45:00,445.17,226,0.2693805309734513
14241.0,184,1,213.70000000000002,146,2011-06-09 11:46:00,2011-06-09 11:46:00,213.70000000000002,184,0.16543478260869565
14242.0,235,2,280.55,123,2011-01-18 08:53:00,2011-04-19 11:46:00,140.275,326,0.18674846625766872
14243.0,9,10,2588.77,1221,2010-12-09 08:34:00,2011-12-01 11:12:00,258.877,366,0.8316939890710383
14245.0,220,2,1693.45,976,2011-03-21 10:41:00,2011-05-04 08:40:00,846.725,264,0.2306060606060606
14246.0,111,3,1474.06,804,2011-04-08 08:25:00,2011-08-21 11:50:00,491.3533333333333,246,0.37121951219512195
14247.0,279,1,136.76999999999998,47,2011-03-06 15:21:00,2011-03-06 15:21:00,136.76999999999998,279,0.10910394265232976
14248.0,319,1,302.58,102,2011-01-25 14:45:00,2011-01-25 14:45:00,302.58,319,0.09542319749216302
14250.0,8,3,1904.05,1200,2011-09-11 13:44:00,2011-12-02 14:30:00,634.6833333333333,90,1.0146666666666666
14251.0,2,5,2879.7000000000003,1674,2011-10-13 12:46:00,2011-12-08 08:32:00,575.94,58,2.624137931034483
14256.0,261,2,969.0600000000001,414,2010-12-10 11:44:00,2011-03-24 13:17:00,484.53000000000003,365,0.16679452054794522
14257.0,65,5,3099.7200000000003,1682,2011-01-25 10:49:00,2011-10-06 16:54:00,619.9440000000001,319,0.47711598746081507
14258.0,10,9,12669.98,7100,2011-01-06 12:18:00,2011-11-30 15:27:00,1407.7755555555555,338,0.8105325443786983
14259.0,142,1,120.0,68,2011-07-21 10:44:00,2011-07-21 10:44:00,120.0,142,0.2143661971830986
14261.0,51,2,1163.45,406,2011-09-22 10:47:00,2011-10-20 10:04:00,581.725,79,0.7706329113924051
14262.0,9,8,2618.23,1645,2011-04-13 12:23:00,2011-12-01 14:17:00,327.27875,241,1.0104564315352698
14264.0,155,2,333.97,70,2011-04-08 12:20:00,2011-07-08 10:20:00,166.985,246,0.24747967479674796
14265.0,110,2,530.18,330,2011-07-14 09:10:00,2011-08-22 13:32:00,265.09,149,0.40859060402684566
14267.0,163,3,1516.24,530,2011-03-24 11:38:00,2011-06-30 10:09:00,505.41333333333336,261,0.3498850574712644
14270.0,332,1,492.65000000000003,197,2011-01-12 09:33:00,2011-01-12 09:33:00,492.65000000000003,332,0.0916867469879518
14271.0,226,1,112.32,88,2011-04-28 12:47:00,2011-04-28 12:47:00,112.32,226,0.13469026548672566
14272.0,74,2,437.96,599,2011-03-30 13:57:00,2011-09-27 10:08:00,218.98,255,0.2387450980392157
14273.0,52,4,559.97,264,2011-04-11 13:24:00,2011-10-19 13:20:00,139.9925,243,0.5010699588477366
14276.0,99,3,1119.74,744,2011-02-23 09:38:00,2011-09-02 09:45:00,373.24666666666667,290,0.31489655172413794
14277.0,16,3,4216.2,1984,2011-05-11 13:20:00,2011-11-24 15:01:00,1405.3999999999999,213,0.4287323943661972
14280.0,197,1,134.04,52,2011-05-27 10:37:00,2011-05-27 10:37:00,134.04,197,0.15451776649746193
14282.0,4,15,3729.34,2668,2010-12-07 12:21:00,2011-12-06 17:04:00,248.62266666666667,368,1.2407608695652175
14284.0,31,2,595.25,161,2011-09-14 13:04:00,2011-11-09 08:11:00,297.625,87,0.6997701149425287
14285.0,22,4,1910.01,541,2011-06-16 12:36:00,2011-11-18 14:50:00,477.5025,177,0.687909604519774
14286.0,24,3,4628.75,4338,2011-04-11 08:16:00,2011-11-16 10:34:00,1542.9166666666667,243,0.3758024691358025
14287.0,9,3,176.63,261,2011-05-25 11:41:00,2011-12-01 13:25:00,58.876666666666665,199,0.4588944723618091
14288.0,214,1,426.6,188,2011-05-10 13:22:00,2011-05-10 13:22:00,426.6,214,0.14224299065420562
14289.0,9,6,911.26,292,2011-02-23 12:33:00,2011-12-01 11:44:00,151.87666666666667,290,0.6297931034482759
14290.0,12,5,2314.65,915,2010-12-13 10:24:00,2011-11-28 14:02:00,462.93,362,0.42044198895027624
14291.0,2,11,3883.25,2749,2011-03-09 15:20:00,2011-12-08 10:26:00,353.02272727272725,276,1.2131884057971014
14292.0,8,9,4871.93,1663,2011-03-02 08:26:00,2011-12-02 11:50:00,541.3255555555556,283,0.9680565371024735
14293.0,4,4,1046.56,709,2010-12-06 10:18:00,2011-12-06 15:17:00,261.64,369,0.32997289972899735
14295.0,41,1,166.20000000000002,84,2011-10-30 15:50:00,2011-10-30 15:50:00,166.20000000000002,41,0.7424390243902439
14297.0,18,4,1305.33,865,2011-03-10 08:31:00,2011-11-22 09:06:00,326.3325,275,0.4427636363636364
14298.0,9,44,51527.3,58343,2010-12-14 12:59:00,2011-12-01 13:12:00,1171.075,361,3.710138504155125
14299.0,9,9,3965.62,2149,2010-12-09 10:30:00,2011-12-01 16:05:00,440.6244444444444,366,0.7485245901639345
14300.0,19,1,43.2,32,2011-11-21 08:57:00,2011-11-21 08:57:00,43.2,19,1.0
14301.0,118,1,640.14,606,2011-08-14 15:33:00,2011-08-14 15:33:00,640.14,118,0.2579661016949153
14304.0,223,1,383.45,139,2011-05-01 11:50:00,2011-05-01 11:50:00,383.45,223,0.13650224215246637
14305.0,72,3,1858.96,1089,2011-07-27 14:14:00,2011-09-29 15:29:00,619.6533333333333,136,0.6714705882352942
14306.0,52,2,2093.32,1075,2011-09-15 10:31:00,2011-10-19 13:23:00,1046.66,86,0.707906976744186
14307.0,89,6,2995.72,2058,2010-12-01 11:41:00,2011-09-12 09:38:00,499.28666666666663,374,0.4883422459893048
14309.0,9,9,2352.53,1633,2010-12-16 13:05:00,2011-12-01 13:33:00,261.39222222222224,359,0.7631197771587744
14311.0,243,1,310.26,146,2011-04-11 10:14:00,2011-04-11 10:14:00,310.26,243,0.12526748971193416
14312.0,47,6,1611.59,1012,2011-01-06 16:35:00,2011-10-24 09:46:00,268.5983333333333,338,0.5403550295857988
14314.0,107,1,120.0,296,2011-08-25 10:39:00,2011-08-25 10:39:00,120.0,107,0.28448598130841124
14315.0,45,6,2481.13,1021,2011-03-18 12:59:00,2011-10-26 12:06:00,413.5216666666667,267,0.6840449438202247
14317.0,65,1,508.58000000000004,255,2011-10-06 10:44:00,2011-10-06 10:44:00,508.58000000000004,65,0.4683076923076923
14320.0,207,2,477.79,325,2011-01-11 09:12:00,2011-05-17 09:24:00,238.895,333,0.18282282282282283
14321.0,11,5,1530.75,2406,2011-01-10 11:35:00,2011-11-29 09:47:00,306.15,334,0.455688622754491
14323.0,115,2,605.0600000000001,350,2011-04-15 11:44:00,2011-08-17 11:37:00,302.53000000000003,239,0.2547280334728034
14326.0,243,1,183.85,103,2011-04-11 15:04:00,2011-04-11 15:04:00,183.85,243,0.12526748971193416
14327.0,164,1,311.65,139,2011-06-29 13:58:00,2011-06-29 13:58:00,311.65,164,0.18560975609756097
14329.0,18,7,5014.84,3095,2011-01-14 13:42:00,2011-11-22 15:50:00,716.4057142857143,330,0.6456969696969697
14331.0,125,2,462.65999999999997,252,2011-07-27 15:14:00,2011-08-07 13:17:00,231.32999999999998,136,0.4476470588235294
14332.0,23,3,866.31,481,2011-07-15 10:33:00,2011-11-17 11:54:00,288.77,148,0.617027027027027
14333.0,68,1,415.2,58,2011-10-03 10:38:00,2011-10-03 10:38:00,415.2,68,0.4476470588235294
14334.0,17,8,2552.21,1731,2010-12-16 17:37:00,2011-11-23 10:01:00,319.02625,359,0.6783286908077996
14335.0,17,2,468.26,379,2011-09-04 13:07:00,2011-11-23 13:41:00,234.13,97,0.6276288659793815
14336.0,17,4,1614.91,1759,2011-03-08 16:48:00,2011-11-23 11:40:00,403.7275,277,0.4395667870036101
14338.0,162,2,588.22,335,2011-05-27 13:30:00,2011-07-01 14:08:00,294.11,197,0.30903553299492387
14339.0,243,1,309.52,168,2011-04-11 11:06:00,2011-04-11 11:06:00,309.52,243,0.12526748971193416
14340.0,219,1,134.7,58,2011-05-05 09:44:00,2011-05-05 09:44:00,134.7,219,0.13899543378995435
14341.0,46,8,2182.28,1403,2011-01-25 13:55:00,2011-10-25 15:48:00,272.785,319,0.7633855799373042
14342.0,22,4,668.5600000000001,347,2011-05-13 13:50:00,2011-11-18 13:21:00,167.14000000000001,211,0.5770616113744076
14344.0,128,8,889.9300000000001,477,2010-12-06 11:58:00,2011-08-04 13:51:00,111.24125000000001,369,0.6599457994579947
14345.0,39,1,108.97999999999999,50,2011-11-01 09:51:00,2011-11-01 09:51:00,108.97999999999999,39,0.7805128205128206
14346.0,121,2,1021.58,605,2011-02-15 13:52:00,2011-08-11 09:47:00,510.79,298,0.20429530201342283
14348.0,261,1,409.57,183,2011-03-24 16:23:00,2011-03-24 16:23:00,409.57,261,0.11662835249042146
14349.0,11,1,133.5,86,2011-11-29 15:39:00,2011-11-29 15:39:00,133.5,11,1.0
14350.0,275,1,282.93,183,2011-03-10 14:14:00,2011-03-10 14:14:00,282.93,275,0.1106909090909091
14351.0,165,1,51.0,12,2011-06-28 11:56:00,2011-06-28 11:56:00,51.0,165,0.18448484848484847
14352.0,158,4,1078.96,538,2011-03-11 14:58:00,2011-07-05 15:41:00,269.74,274,0.4443795620437956
14353.0,216,1,90.6,64,2011-05-08 16:06:00,2011-05-08 16:06:00,90.6,216,0.14092592592592593
14354.0,6,2,163.62,210,2011-11-09 15:36:00,2011-12-04 11:32:00,81.81,31,1.9638709677419355
14355.0,366,1,174.4,92,2010-12-09 12:16:00,2010-12-09 12:16:00,174.4,366,0.08316939890710383
14356.0,80,2,701.23,277,2011-09-19 14:43:00,2011-09-21 09:18:00,350.615,82,0.7424390243902439
14357.0,44,1,225.77,148,2011-10-27 16:23:00,2011-10-27 16:23:00,225.77,44,0.6918181818181819
14359.0,20,3,912.18,371,2011-09-13 09:03:00,2011-11-20 13:17:00,304.06,88,1.0377272727272728
14360.0,32,4,2128.23,1151,2011-09-06 11:58:00,2011-11-08 09:12:00,532.0575,95,1.2816842105263158
14362.0,23,1,161.2,100,2011-11-17 15:08:00,2011-11-17 15:08:00,161.2,23,1.0
14364.0,109,8,3717.35,1967,2011-05-12 12:56:00,2011-08-23 11:01:00,464.66875,212,1.148679245283019
14367.0,9,16,9261.52,4438,2011-03-08 14:12:00,2011-12-01 13:19:00,578.845,277,1.7582671480144405
14368.0,320,1,155.0,36,2011-01-24 09:52:00,2011-01-24 09:52:00,155.0,320,0.095125
14371.0,296,1,100.5,34,2011-02-17 16:35:00,2011-02-17 16:35:00,100.5,296,0.10283783783783784
14373.0,359,1,76.55,17,2010-12-16 15:40:00,2010-12-16 15:40:00,76.55,359,0.08479108635097495
14375.0,186,1,257.68,194,2011-06-07 13:44:00,2011-06-07 13:44:00,257.68,186,0.16365591397849463
14377.0,192,2,617.05,219,2011-03-22 13:38:00,2011-06-01 13:32:00,308.525,263,0.23148288973384032
14379.0,45,2,348.1,292,2011-02-17 15:03:00,2011-10-26 16:43:00,174.05,296,0.20567567567567568
14381.0,53,1,202.68,146,2011-10-18 17:10:00,2011-10-18 17:10:00,202.68,53,0.5743396226415095
14382.0,27,1,626.0699999999999,1237,2011-11-13 16:18:00,2011-11-13 16:18:00,626.0699999999999,27,1.0
14383.0,39,3,1247.69,817,2011-06-29 10:18:00,2011-11-01 15:53:00,415.8966666666667,164,0.556829268292683
14385.0,10,3,202.11,159,2011-11-16 11:55:00,2011-11-30 15:36:00,67.37,24,3.0
14386.0,297,1,142.4,54,2011-02-16 09:45:00,2011-02-16 09:45:00,142.4,297,0.1024915824915825
14387.0,33,3,1770.56,819,2011-08-22 14:13:00,2011-11-07 12:29:00,590.1866666666666,110,0.8301818181818182
14388.0,11,8,3212.84,1941,2010-12-02 11:02:00,2011-11-29 13:32:00,401.605,373,0.6528686327077748
14389.0,66,2,1043.46,729,2011-06-02 12:04:00,2011-10-05 15:17:00,521.73,191,0.3187434554973822
14390.0,11,9,4652.82,2136,2010-12-02 11:57:00,2011-11-29 13:49:00,516.98,373,0.7344772117962467
14393.0,219,1,67.95,13,2011-05-05 18:16:00,2011-05-05 18:16:00,67.95,219,0.13899543378995435
14395.0,3,9,3507.71,1693,2010-12-02 18:15:00,2011-12-07 14:34:00,389.74555555555554,373,0.7344772117962467
14396.0,66,2,487.99,225,2010-12-03 15:19:00,2011-10-05 16:09:00,243.995,372,0.16365591397849463
14397.0,3,19,2612.96,1890,2011-05-10 12:25:00,2011-12-07 09:22:00,137.52421052631578,214,2.7026168224299068
14400.0,150,1,574.7,454,2011-07-13 15:50:00,2011-07-13 15:50:00,574.7,150,0.20293333333333333
14401.0,5,13,4051.48,4507,2010-12-15 09:07:00,2011-12-05 13:30:00,311.6523076923077,360,1.0992222222222223
14403.0,131,4,1475.81,519,2011-04-06 14:23:00,2011-08-01 12:57:00,368.9525,248,0.49096774193548387
14404.0,34,6,1474.32,839,2010-12-05 16:00:00,2011-11-06 12:30:00,245.72,370,0.49362162162162165
14406.0,120,1,156.75,77,2011-08-12 16:54:00,2011-08-12 16:54:00,156.75,120,0.2536666666666667
14407.0,108,6,2157.73,1415,2011-03-08 11:59:00,2011-08-24 14:02:00,359.62166666666667,277,0.6593501805054152
14408.0,11,7,2606.53,1616,2011-03-20 14:41:00,2011-11-29 11:41:00,372.3614285714286,265,0.8040754716981132
14409.0,72,6,2059.4500000000003,1230,2010-12-06 15:03:00,2011-09-29 18:18:00,343.24166666666673,369,0.49495934959349597
14410.0,93,9,1105.07,571,2011-02-07 09:36:00,2011-09-08 15:08:00,122.78555555555555,306,0.8952941176470588
14411.0,311,1,1063.0,196,2011-02-02 10:56:00,2011-02-02 10:56:00,1063.0,311,0.09787781350482316
14412.0,43,2,770.03,786,2011-09-28 08:48:00,2011-10-28 10:45:00,385.015,73,0.8339726027397261
14413.0,363,1,122.7,68,2010-12-12 13:37:00,2010-12-12 13:37:00,122.7,363,0.08385674931129478
14414.0,92,7,1496.98,2512,2010-12-16 11:11:00,2011-09-09 12:09:00,213.8542857142857,359,0.5935376044568246
14415.0,2,13,5900.28,3011,2010-12-14 13:31:00,2011-12-08 14:38:00,453.86769230769227,361,1.0961772853185596
14416.0,23,2,490.22,326,2011-10-28 15:10:00,2011-11-17 15:22:00,245.11,43,1.415813953488372
14418.0,4,3,1937.25,1711,2011-08-23 17:18:00,2011-12-06 11:39:00,645.75,109,0.8377981651376147
14419.0,11,6,1058.06,487,2010-12-10 10:56:00,2011-11-29 11:22:00,176.34333333333333,365,0.5003835616438357
14420.0,100,1,387.52,334,2011-09-01 18:07:00,2011-09-01 18:07:00,387.52,100,0.3044
14421.0,58,2,813.11,365,2011-05-12 10:49:00,2011-10-13 13:24:00,406.555,212,0.28716981132075475
14422.0,1,6,4263.64,2906,2011-03-17 17:26:00,2011-12-09 11:26:00,710.6066666666667,268,0.6814925373134328
14423.0,219,1,265.2,120,2011-05-05 15:12:00,2011-05-05 15:12:00,265.2,219,0.13899543378995435
14424.0,18,1,322.08,48,2011-11-22 11:48:00,2011-11-22 11:48:00,322.08,18,1.0
14426.0,24,10,4481.67,2699,2011-01-31 09:51:00,2011-11-16 12:25:00,448.16700000000003,313,0.9725239616613419
14427.0,51,2,363.34000000000003,228,2011-10-07 09:10:00,2011-10-20 14:23:00,181.67000000000002,64,0.9512499999999999
14428.0,8,5,1244.83,436,2011-01-18 16:39:00,2011-12-02 13:17:00,248.96599999999998,326,0.4668711656441718
14431.0,303,1,470.36,130,2011-02-10 10:40:00,2011-02-10 10:40:00,470.36,303,0.10046204620462047
14432.0,10,6,2255.51,2070,2011-09-11 14:09:00,2011-11-30 08:04:00,375.91833333333335,90,2.029333333333333
14434.0,22,6,1372.8,368,2011-09-28 15:31:00,2011-11-18 08:56:00,228.79999999999998,73,2.501917808219178
14436.0,99,1,89.06,129,2011-09-02 10:13:00,2011-09-02 10:13:00,89.06,99,0.3074747474747475
14437.0,366,1,63.0,60,2010-12-09 09:27:00,2010-12-09 09:27:00,63.0,366,0.08316939890710383
14438.0,307,1,131.9,82,2011-02-06 14:56:00,2011-02-06 14:56:00,131.9,307,0.09915309446254073
14439.0,320,1,2661.24,526,2011-01-24 11:39:00,2011-01-24 11:39:00,2661.24,320,0.095125
14440.0,9,5,2357.6800000000003,588,2010-12-09 12:49:00,2011-12-01 15:42:00,471.53600000000006,366,0.41584699453551915
14441.0,1,4,1712.89,446,2011-03-29 12:01:00,2011-12-09 09:07:00,428.2225,256,0.47562499999999996
14442.0,205,2,1589.82,482,2011-01-27 09:33:00,2011-05-19 11:36:00,794.91,317,0.1920504731861199
14443.0,54,4,1420.2,938,2010-12-06 11:03:00,2011-10-17 10:10:00,355.05,369,0.32997289972899735
14446.0,1,4,1039.58,933,2011-04-07 12:10:00,2011-12-09 11:34:00,259.895,247,0.49295546558704456
14447.0,19,5,1163.23,571,2011-03-04 10:49:00,2011-11-21 08:28:00,232.64600000000002,281,0.5416370106761567
14448.0,10,2,375.35,104,2010-12-10 17:26:00,2011-11-30 13:50:00,187.675,365,0.16679452054794522
14449.0,19,4,907.1,757,2010-12-02 14:09:00,2011-11-21 12:06:00,226.775,373,0.3264343163538874
14450.0,181,3,483.25,241,2011-01-23 11:53:00,2011-06-12 10:46:00,161.08333333333334,321,0.28448598130841124
14451.0,61,2,662.59,389,2011-05-29 12:35:00,2011-10-10 13:38:00,331.295,195,0.3122051282051282
14452.0,11,2,264.44,119,2011-09-07 11:32:00,2011-11-29 12:06:00,132.22,94,0.6476595744680851
14453.0,191,1,119.93,49,2011-06-02 14:15:00,2011-06-02 14:15:00,119.93,191,0.1593717277486911
14456.0,6,9,3062.4,2908,2011-07-20 13:06:00,2011-12-04 13:59:00,340.26666666666665,143,1.9158041958041958
14457.0,311,1,113.64,88,2011-02-02 09:39:00,2011-02-02 09:39:00,113.64,311,0.09787781350482316
14459.0,156,1,1837.92,760,2011-07-07 13:35:00,2011-07-07 13:35:00,1837.92,156,0.19512820512820514
14460.0,111,3,434.34,881,2011-02-02 11:55:00,2011-08-21 14:19:00,144.78,311,0.2936334405144695
14461.0,149,3,2103.06,766,2011-03-23 12:15:00,2011-07-14 17:11:00,701.02,262,0.34854961832061065
14462.0,67,11,2004.02,964,2011-01-04 12:45:00,2011-10-04 15:55:00,182.18363636363637,340,0.9848235294117648
14463.0,99,3,529.62,179,2011-05-18 14:42:00,2011-09-02 15:20:00,176.54,206,0.44330097087378645
14465.0,247,3,1058.6200000000001,405,2011-02-10 12:13:00,2011-04-07 12:38:00,352.8733333333334,303,0.30138613861386143
14466.0,30,7,2272.4,1006,2010-12-02 13:36:00,2011-11-10 14:07:00,324.62857142857143,373,0.571260053619303
14467.0,18,4,598.76,278,2011-01-31 12:35:00,2011-11-22 12:48:00,149.69,313,0.3890095846645368
14470.0,12,2,461.19,193,2011-02-25 11:56:00,2011-11-28 10:31:00,230.595,288,0.21138888888888888
14472.0,104,8,1936.84,1160,2010-12-19 14:03:00,2011-08-28 11:01:00,242.105,356,0.6840449438202247
14473.0,75,2,234.34000000000003,88,2011-03-02 13:56:00,2011-09-26 15:10:00,117.17000000000002,283,0.2151236749116608
14474.0,47,1,547.66,140,2011-10-24 13:26:00,2011-10-24 13:26:00,547.66,47,0.6476595744680851
14475.0,72,3,925.85,447,2011-02-08 10:12:00,2011-09-29 10:46:00,308.6166666666667,305,0.2994098360655738
14476.0,258,1,215.7,132,2011-03-27 15:39:00,2011-03-27 15:39:00,215.7,258,0.117984496124031
14477.0,20,4,1309.6,720,2011-02-15 15:44:00,2011-11-20 11:11:00,327.4,298,0.40859060402684566
14479.0,254,2,316.25,117,2010-12-09 12:59:00,2011-03-31 09:07:00,158.125,366,0.16633879781420766
14480.0,12,1,279.05,143,2011-11-28 16:35:00,2011-11-28 16:35:00,279.05,12,1.0
14481.0,165,2,636.51,489,2011-02-25 13:53:00,2011-06-28 10:38:00,318.255,288,0.21138888888888888
14482.0,19,6,2068.15,1646,2011-04-14 16:41:00,2011-11-21 13:14:00,344.69166666666666,240,0.761
14483.0,282,1,137.1,97,2011-03-03 10:26:00,2011-03-03 10:26:00,137.1,282,0.10794326241134751
14484.0,51,1,321.92,210,2011-10-20 14:11:00,2011-10-20 14:11:00,321.92,51,0.5968627450980393
14485.0,39,1,165.75,71,2011-11-01 12:25:00,2011-11-01 12:25:00,165.75,39,0.7805128205128206
14487.0,27,6,1196.33,735,2010-12-06 13:22:00,2011-11-13 12:17:00,199.38833333333332,369,0.49495934959349597
14488.0,68,1,1064.28,799,2011-10-03 09:30:00,2011-10-03 09:30:00,1064.28,68,0.4476470588235294
14489.0,208,1,463.38,299,2011-05-16 14:51:00,2011-05-16 14:51:00,463.38,208,0.14634615384615385
14491.0,176,2,340.93,139,2010-12-02 12:10:00,2011-06-17 15:22:00,170.465,373,0.1632171581769437
14493.0,8,5,2383.2400000000002,1285,2011-07-07 16:59:00,2011-12-02 16:14:00,476.648,156,0.9756410256410256
14494.0,26,1,139.56,92,2011-11-14 09:21:00,2011-11-14 09:21:00,139.56,26,1.0
14495.0,51,2,123.8,62,2011-08-10 14:13:00,2011-10-20 12:28:00,61.9,122,0.49901639344262294
14496.0,312,2,538.8100000000001,159,2010-12-01 15:35:00,2011-02-01 09:01:00,269.40500000000003,374,0.1627807486631016
14497.0,310,1,475.37,235,2011-02-03 17:01:00,2011-02-03 17:01:00,475.37,310,0.09819354838709678
14498.0,43,5,1957.32,1098,2010-12-13 11:29:00,2011-10-28 12:09:00,391.464,362,0.42044198895027624
14499.0,27,3,815.32,501,2011-03-06 11:55:00,2011-11-13 13:01:00,271.77333333333337,279,0.32731182795698927
14500.0,89,3,356.85,117,2011-06-03 10:08:00,2011-09-12 16:45:00,118.95,190,0.48063157894736847
14501.0,184,2,251.21,161,2011-01-24 10:43:00,2011-06-09 12:02:00,125.605,320,0.19025
14502.0,20,11,2470.67,1498,2011-01-30 15:52:00,2011-11-20 11:50:00,224.60636363636365,314,1.0663694267515924
14503.0,4,6,3543.26,2004,2011-06-14 10:00:00,2011-12-06 13:30:00,590.5433333333334,179,1.0203351955307263
14504.0,48,4,673.26,308,2011-03-06 14:38:00,2011-10-23 16:00:00,168.315,279,0.436415770609319
14505.0,18,8,5905.64,2759,2010-12-12 16:14:00,2011-11-22 15:45:00,738.205,363,0.6708539944903582
14506.0,18,5,2012.17,730,2010-12-05 14:25:00,2011-11-22 13:02:00,402.434,370,0.41135135135135137
14507.0,24,6,1383.18,600,2011-03-08 17:23:00,2011-11-16 12:21:00,230.53,277,0.6593501805054152
14508.0,23,2,276.42,131,2011-09-11 11:29:00,2011-11-17 19:48:00,138.21,90,0.6764444444444445
14511.0,12,5,1314.81,784,2011-07-29 12:13:00,2011-11-28 17:05:00,262.962,134,1.135820895522388
14512.0,188,2,275.28,122,2011-04-21 19:05:00,2011-06-05 12:39:00,137.64,233,0.26128755364806866
14513.0,101,3,455.59000000000003,361,2011-02-24 09:36:00,2011-08-31 11:25:00,151.86333333333334,289,0.3159861591695502
14514.0,62,3,1055.35,589,2011-01-12 15:22:00,2011-10-09 16:05:00,351.7833333333333,332,0.27506024096385545
14515.0,18,6,2102.09,1134,2011-05-05 12:13:00,2011-11-22 11:37:00,350.34833333333336,219,0.8339726027397261
14517.0,34,2,330.45,91,2011-07-21 11:42:00,2011-11-06 14:20:00,165.225,142,0.4287323943661972
14518.0,65,1,174.37,278,2011-10-06 14:43:00,2011-10-06 14:43:00,174.37,65,0.4683076923076923
14520.0,2,2,270.6,146,2011-02-22 09:15:00,2011-12-08 09:46:00,135.3,291,0.20920962199312718
14522.0,25,4,974.54,525,2011-05-25 16:01:00,2011-11-15 13:24:00,243.635,199,0.6118592964824121
14523.0,109,1,241.09,251,2011-08-23 13:13:00,2011-08-23 13:13:00,241.09,109,0.2792660550458716
14524.0,32,9,1867.68,676,2010-12-14 11:01:00,2011-11-08 12:29:00,207.52,361,0.7588919667590028
14525.0,20,9,4332.2,2696,2010-12-13 17:40:00,2011-11-20 11:37:00,481.35555555555555,362,0.7567955801104973
14527.0,3,55,8508.82,2089,2010-12-05 13:17:00,2011-12-07 12:19:00,154.7058181818182,370,4.524864864864865
14528.0,38,1,364.21999999999997,278,2011-11-02 17:09:00,2011-11-02 17:09:00,364.21999999999997,38,0.8010526315789473
14529.0,61,3,620.04,348,2011-08-21 14:10:00,2011-10-10 15:27:00,206.67999999999998,111,0.8227027027027027
14530.0,26,6,2925.91,1410,2011-02-16 10:47:00,2011-11-14 10:38:00,487.65166666666664,297,0.614949494949495
14532.0,237,4,932.85,284,2010-12-22 13:48:00,2011-04-17 13:05:00,233.2125,353,0.344929178470255
14533.0,25,7,1949.72,4019,2010-12-22 11:07:00,2011-11-15 12:05:00,278.5314285714286,353,0.6036260623229462
14534.0,3,18,4447.05,2047,2011-01-25 12:33:00,2011-12-07 12:19:00,247.05833333333334,319,1.7176175548589343
14535.0,61,3,2864.19,1831,2011-04-05 12:50:00,2011-10-10 15:39:00,954.73,249,0.36674698795180727
14536.0,260,1,171.8,40,2011-03-25 12:21:00,2011-03-25 12:21:00,171.8,260,0.11707692307692308
14537.0,58,1,355.56,120,2011-10-13 10:54:00,2011-10-13 10:54:00,355.56,58,0.5248275862068966
14538.0,65,2,388.25,155,2011-03-28 14:57:00,2011-10-06 10:31:00,194.125,257,0.23688715953307396
14539.0,16,2,537.48,428,2011-10-26 12:03:00,2011-11-24 09:50:00,268.74,45,1.352888888888889
14540.0,10,3,996.26,421,2011-02-03 15:02:00,2011-11-30 10:15:00,332.08666666666664,310,0.29458064516129034
14541.0,59,8,1461.65,647,2011-01-24 14:16:00,2011-10-12 10:08:00,182.70625,320,0.761
14542.0,186,1,103.25,19,2011-06-07 08:19:00,2011-06-07 08:19:00,103.25,186,0.16365591397849463
14543.0,29,16,3630.33,679,2010-12-10 11:51:00,2011-11-11 12:45:00,226.895625,365,1.3343561643835617
14544.0,25,2,2024.45,1543,2010-12-13 12:50:00,2011-11-15 15:06:00,1012.225,362,0.1681767955801105
14546.0,6,5,2578.09,1317,2011-04-05 12:37:00,2011-12-04 13:00:00,515.618,249,0.6112449799196787
14547.0,4,8,4007.54,2668,2011-10-16 14:35:00,2011-12-06 11:06:00,500.9425,55,4.427636363636364
14548.0,151,2,652.8,256,2011-01-26 08:38:00,2011-07-12 12:19:00,326.4,318,0.19144654088050314
14549.0,312,1,289.24,136,2011-02-01 13:47:00,2011-02-01 13:47:00,289.24,312,0.09756410256410257
14550.0,11,2,765.62,394,2011-10-26 12:14:00,2011-11-29 12:12:00,382.81,45,1.352888888888889
14551.0,19,2,186.23,106,2011-05-19 18:21:00,2011-11-21 13:36:00,93.115,205,0.29697560975609755
14552.0,152,1,165.07,91,2011-07-11 12:49:00,2011-07-11 12:49:00,165.07,152,0.20026315789473684
14553.0,20,5,859.27,493,2011-01-04 15:40:00,2011-11-20 13:20:00,171.85399999999998,340,0.4476470588235294
14554.0,11,4,2381.04,1478,2011-10-18 13:04:00,2011-11-29 16:44:00,595.26,53,2.297358490566038
14555.0,58,2,324.14,130,2011-02-10 17:19:00,2011-10-13 16:24:00,162.07,303,0.20092409240924095
14557.0,86,1,788.38,510,2011-09-15 15:48:00,2011-09-15 15:48:00,788.38,86,0.353953488372093
14560.0,8,22,2237.77,1260,2010-12-17 09:22:00,2011-12-02 15:22:00,101.71681818181818,358,1.8706145251396649
14561.0,76,3,1080.76,1014,2011-06-08 13:26:00,2011-09-25 12:39:00,360.25333333333333,185,0.49362162162162165
14562.0,4,18,5074.77,1834,2011-02-08 14:45:00,2011-12-06 11:05:00,281.9316666666667,305,1.7964590163934429
14565.0,96,4,3099.12,1540,2010-12-13 13:25:00,2011-09-05 09:07:00,774.78,362,0.336353591160221
14566.0,111,1,1432.0,800,2011-08-21 11:05:00,2011-08-21 11:05:00,1432.0,111,0.27423423423423426
14567.0,57,2,1530.3600000000001,412,2011-08-01 13:48:00,2011-10-14 10:21:00,765.1800000000001,131,0.46473282442748093
14569.0,2,1,227.39,79,2011-12-08 14:58:00,2011-12-08 14:58:00,227.39,2,1.0
14570.0,281,2,218.06,95,2011-03-04 10:39:00,2011-03-04 10:58:00,109.03,281,0.21665480427046266
14572.0,4,7,2832.84,1428,2011-01-19 17:23:00,2011-12-06 14:40:00,404.6914285714286,325,0.6556307692307692
14573.0,180,9,1653.42,544,2010-12-02 19:59:00,2011-06-13 11:15:00,183.71333333333334,373,0.7344772117962467
14576.0,373,1,35.400000000000006,12,2010-12-02 17:51:00,2010-12-02 17:51:00,35.400000000000006,373,0.08160857908847186
14577.0,13,4,859.71,353,2010-12-12 11:26:00,2011-11-27 12:47:00,214.9275,363,0.3354269972451791
14578.0,4,1,168.63,240,2011-12-06 17:18:00,2011-12-06 17:18:00,168.63,4,1.0
14581.0,17,1,138.6,217,2011-11-23 12:39:00,2011-11-23 12:39:00,138.6,17,1.0
14582.0,41,1,114.11,73,2011-10-30 11:56:00,2011-10-30 11:56:00,114.11,41,0.7424390243902439
14583.0,6,5,1052.55,792,2011-05-18 11:28:00,2011-12-04 12:32:00,210.51,206,0.7388349514563107
14584.0,170,4,1042.26,383,2011-05-25 17:31:00,2011-06-23 18:33:00,260.565,199,0.6118592964824121
14585.0,51,1,157.05,91,2011-10-20 14:33:00,2011-10-20 14:33:00,157.05,51,0.5968627450980393
14586.0,277,1,237.36,444,2011-03-08 10:04:00,2011-03-08 10:04:00,237.36,277,0.10989169675090253
14587.0,19,9,1601.14,761,2011-01-12 13:16:00,2011-11-21 11:34:00,177.90444444444447,332,0.8251807228915663
14589.0,372,1,39.75,5,2010-12-03 11:42:00,2010-12-03 11:42:00,39.75,372,0.08182795698924732
14591.0,16,4,1447.14,1297,2011-05-10 14:09:00,2011-11-24 13:57:00,361.785,214,0.5689719626168225
14592.0,36,3,570.46,415,2011-10-06 18:08:00,2011-11-04 16:35:00,190.15333333333334,65,1.404923076923077
14593.0,22,3,617.99,332,2011-05-25 11:14:00,2011-11-18 12:48:00,205.99666666666667,199,0.4588944723618091
14594.0,8,2,379.83,185,2010-12-01 13:54:00,2011-12-02 13:28:00,189.915,374,0.1627807486631016
14595.0,20,6,1740.6,978,2011-01-30 13:36:00,2011-11-20 12:12:00,290.09999999999997,314,0.5816560509554141
14597.0,12,2,883.15,577,2011-06-01 12:33:00,2011-11-28 13:13:00,441.575,192,0.31708333333333333
14598.0,45,1,221.97,189,2011-10-26 13:19:00,2011-10-26 13:19:00,221.97,45,0.6764444444444445
14600.0,306,1,393.33000000000004,125,2011-02-07 09:48:00,2011-02-07 09:48:00,393.33000000000004,306,0.09947712418300654
14601.0,11,1,213.96,168,2011-11-29 09:48:00,2011-11-29 09:48:00,213.96,11,1.0
14603.0,275,1,660.0,400,2011-03-10 10:27:00,2011-03-10 10:27:00,660.0,275,0.1106909090909091
14606.0,2,93,12156.65,6224,2010-12-01 16:57:00,2011-12-08 19:28:00,130.71666666666667,374,7.569304812834225
14607.0,16,14,16569.5,11766,2011-03-23 15:22:00,2011-11-24 10:35:00,1183.5357142857142,262,1.6265648854961832
14608.0,5,4,1785.15,437,2010-12-12 14:49:00,2011-12-05 16:52:00,446.2875,363,0.3354269972451791
14609.0,73,4,601.56,7026,2011-02-16 12:10:00,2011-09-28 12:54:00,150.39,297,0.40996632996633
14616.0,243,3,406.08000000000004,104,2011-01-26 12:42:00,2011-04-11 09:54:00,135.36,318,0.2871698113207547
14618.0,10,3,553.44,264,2011-01-06 11:59:00,2011-11-30 13:45:00,184.48000000000002,338,0.2701775147928994
14619.0,246,1,394.44,152,2011-04-08 07:37:00,2011-04-08 07:37:00,394.44,246,0.12373983739837398
14620.0,206,2,412.78000000000003,214,2011-03-01 08:30:00,2011-05-18 11:58:00,206.39000000000001,284,0.2143661971830986
14621.0,2,5,1788.3600000000001,993,2010-12-16 13:00:00,2011-12-08 16:22:00,357.672,359,0.4239554317548747
14622.0,185,1,320.58000000000004,146,2011-06-08 12:42:00,2011-06-08 12:42:00,320.58000000000004,185,0.16454054054054054
14623.0,33,5,889.25,419,2011-04-18 13:54:00,2011-11-07 13:56:00,177.85,236,0.6449152542372881
14624.0,58,2,225.85,162,2011-10-11 14:39:00,2011-10-13 13:44:00,112.925,60,1.0146666666666668
14625.0,197,2,899.63,335,2010-12-13 15:36:00,2011-05-27 15:32:00,449.815,362,0.1681767955801105
14626.0,24,4,2791.27,1403,2011-04-20 13:18:00,2011-11-16 10:37:00,697.8175,234,0.5203418803418803
14628.0,92,2,671.96,272,2011-04-11 14:43:00,2011-09-09 14:58:00,335.98,243,0.2505349794238683
14629.0,5,2,959.01,380,2011-10-23 16:13:00,2011-12-05 16:55:00,479.505,48,1.2683333333333333
14631.0,51,3,1006.98,622,2011-02-14 09:31:00,2011-10-20 11:17:00,335.66,299,0.3054180602006689
14632.0,263,1,114.56,96,2011-03-22 08:49:00,2011-03-22 08:49:00,114.56,263,0.11574144486692016
14633.0,267,1,344.90000000000003,96,2011-03-18 17:07:00,2011-03-18 17:07:00,344.90000000000003,267,0.11400749063670412
14636.0,37,2,609.85,241,2011-03-16 09:52:00,2011-11-03 16:12:00,304.925,269,0.2263197026022305
14638.0,51,1,443.6,166,2011-10-20 10:10:00,2011-10-20 10:10:00,443.6,51,0.5968627450980393
14639.0,53,6,2984.49,1431,2010-12-13 13:50:00,2011-10-18 15:06:00,497.41499999999996,362,0.5045303867403315
14640.0,25,6,2125.08,886,2011-04-26 12:31:00,2011-11-15 13:07:00,354.18,228,0.8010526315789475
14641.0,22,1,110.46,90,2011-11-18 10:42:00,2011-11-18 10:42:00,110.46,22,1.0
14642.0,59,1,96.12,76,2011-10-12 11:08:00,2011-10-12 11:08:00,96.12,59,0.5159322033898306
14643.0,171,2,693.8100000000001,815,2010-12-16 17:53:00,2011-06-22 14:41:00,346.90500000000003,359,0.1695821727019499
14644.0,68,2,830.76,258,2011-02-14 14:14:00,2011-10-03 08:30:00,415.38,299,0.2036120401337793
14645.0,157,2,597.09,381,2011-03-09 09:52:00,2011-07-06 09:15:00,298.545,276,0.22057971014492753
14646.0,2,73,280206.02,196915,2010-12-20 10:09:00,2011-12-08 12:12:00,3838.4386301369864,355,6.259492957746479
14647.0,202,1,243.22,95,2011-05-22 13:40:00,2011-05-22 13:40:00,243.22,202,0.1506930693069307
14649.0,5,4,1417.29,1018,2011-05-11 14:37:00,2011-12-05 12:30:00,354.3225,213,0.5716431924882629
14651.0,68,2,654.6,344,2011-05-12 16:29:00,2011-10-03 15:52:00,327.3,212,0.28716981132075475
14652.0,78,1,114.18,53,2011-09-23 14:21:00,2011-09-23 14:21:00,114.18,78,0.3902564102564103
14653.0,2,7,1947.55,950,2011-01-05 13:40:00,2011-12-08 13:45:00,278.2214285714286,339,0.6285545722713864
14655.0,9,4,1932.23,1089,2011-05-01 14:59:00,2011-12-01 16:28:00,483.0575,223,0.5460089686098655
14656.0,170,2,291.05,120,2011-03-01 13:19:00,2011-06-23 13:51:00,145.525,284,0.2143661971830986
14657.0,18,4,848.22,466,2011-01-17 15:19:00,2011-11-22 12:47:00,212.055,327,0.3723547400611621
14658.0,6,2,247.15,47,2011-08-14 15:42:00,2011-12-04 15:35:00,123.575,118,0.5159322033898306
14659.0,9,9,2529.93,1195,2011-01-28 12:43:00,2011-12-01 12:17:00,281.1033333333333,316,0.8669620253164557
14660.0,87,2,285.74,228,2011-08-31 10:40:00,2011-09-14 11:34:00,142.87,101,0.6027722772277228
14661.0,27,1,107.95,35,2011-11-13 11:51:00,2011-11-13 11:51:00,107.95,27,1.0
14662.0,29,4,771.17,602,2011-01-27 17:41:00,2011-11-11 12:13:00,192.7925,317,0.3841009463722398
14664.0,20,2,637.89,466,2011-11-06 14:56:00,2011-11-20 10:59:00,318.945,34,1.7905882352941176
14665.0,61,5,1835.7,740,2011-02-02 09:08:00,2011-10-10 09:14:00,367.14,311,0.4893890675241158
14666.0,25,1,195.25,161,2011-11-15 12:57:00,2011-11-15 12:57:00,195.25,25,1.0
14667.0,11,25,9241.2,5385,2010-12-06 13:13:00,2011-11-29 11:30:00,369.648,369,2.062330623306233
14669.0,242,3,1269.99,775,2011-01-11 12:30:00,2011-04-12 11:43:00,423.33,333,0.27423423423423426
14670.0,281,2,411.53,337,2011-03-04 13:58:00,2011-03-04 14:13:00,205.765,281,0.21665480427046266
14672.0,235,2,765.55,454,2011-01-07 15:48:00,2011-04-19 10:19:00,382.775,337,0.18065281899109795
14673.0,4,5,1736.4,1004,2010-12-07 12:49:00,2011-12-06 14:31:00,347.28000000000003,368,0.41358695652173916
14675.0,17,1,604.75,341,2011-11-23 12:58:00,2011-11-23 12:58:00,604.75,17,1.0
14676.0,32,6,2548.2400000000002,2500,2011-03-01 14:26:00,2011-11-08 13:29:00,424.7066666666667,284,0.6430985915492957
14680.0,26,16,28754.11,13476,2010-12-03 12:05:00,2011-11-14 16:59:00,1797.131875,372,1.309247311827957
14681.0,72,3,498.95,76,2011-05-12 10:45:00,2011-09-29 15:52:00,166.31666666666666,212,0.4307547169811321
14682.0,188,2,52.0,80,2011-05-22 12:51:00,2011-06-05 12:12:00,26.0,202,0.3013861386138614
14684.0,26,5,1236.28,853,2010-12-12 12:44:00,2011-11-14 11:33:00,247.256,363,0.4192837465564739
14687.0,107,1,628.38,470,2011-08-25 11:59:00,2011-08-25 11:59:00,628.38,107,0.28448598130841124
14688.0,8,21,5630.87,3621,2010-12-01 09:37:00,2011-12-02 12:26:00,268.13666666666666,374,1.7091978609625669
14689.0,209,1,112.8,76,2011-05-15 11:22:00,2011-05-15 11:22:00,112.8,209,0.14564593301435408
14690.0,45,2,371.7,170,2011-07-11 11:58:00,2011-10-26 15:39:00,185.85,152,0.4005263157894737
14691.0,31,5,2114.33,707,2011-05-11 09:55:00,2011-11-09 12:30:00,422.866,213,0.7145539906103286
14692.0,138,4,591.55,265,2011-01-21 13:47:00,2011-07-25 15:08:00,147.8875,323,0.37696594427244584
14693.0,265,1,172.9,34,2011-03-20 12:50:00,2011-03-20 12:50:00,172.9,265,0.1148679245283019
14696.0,5,7,2078.95,1630,2010-12-01 15:37:00,2011-12-05 13:43:00,296.99285714285713,374,0.5697326203208556
14697.0,219,2,188.60999999999999,181,2011-05-05 15:29:00,2011-05-05 15:39:00,94.30499999999999,219,0.2779908675799087
14698.0,2,5,1250.76,615,2011-10-19 12:54:00,2011-12-08 12:26:00,250.152,52,2.926923076923077
14699.0,215,1,109.13000000000001,77,2011-05-09 14:54:00,2011-05-09 14:54:00,109.13000000000001,215,0.1415813953488372
14700.0,33,3,2235.3,1342,2011-04-15 13:16:00,2011-11-07 14:40:00,745.1,239,0.38209205020920506
14701.0,11,9,2549.37,932,2011-01-27 12:40:00,2011-11-29 12:38:00,283.2633333333333,317,0.8642271293375395
14702.0,2,17,3292.14,1454,2010-12-09 19:23:00,2011-12-08 19:29:00,193.65529411764706,366,1.413879781420765
14703.0,15,1,318.17,183,2011-11-25 09:23:00,2011-11-25 09:23:00,318.17,15,1.0
14704.0,12,9,1546.91,1082,2011-06-12 13:59:00,2011-11-28 12:51:00,171.8788888888889,181,1.5135911602209946
14705.0,199,1,179.0,100,2011-05-25 12:39:00,2011-05-25 12:39:00,179.0,199,0.15296482412060303
14708.0,3,3,1126.37,621,2010-12-06 12:23:00,2011-12-07 08:21:00,375.45666666666665,369,0.24747967479674798
14709.0,16,13,4921.04,2484,2010-12-16 13:43:00,2011-11-24 15:41:00,378.54153846153844,359,1.1022841225626743
14710.0,15,4,606.13,378,2011-10-11 13:49:00,2011-11-25 14:53:00,151.5325,60,2.0293333333333337
14711.0,11,11,2868.8,978,2011-03-22 13:32:00,2011-11-29 14:58:00,260.8,263,1.2731558935361218
14712.0,30,3,917.07,315,2011-08-19 13:33:00,2011-11-10 12:59:00,305.69,113,0.808141592920354
14713.0,10,11,2666.36,1615,2010-12-09 18:58:00,2011-11-30 16:26:00,242.39636363636365,366,0.9148633879781422
14714.0,25,1,160.19,229,2011-11-15 13:07:00,2011-11-15 13:07:00,160.19,25,1.0
14715.0,25,4,867.38,521,2011-01-12 13:27:00,2011-11-15 12:10:00,216.845,332,0.3667469879518072
14716.0,44,2,329.68,604,2011-07-14 12:42:00,2011-10-27 17:29:00,164.84,149,0.40859060402684566
14719.0,2,5,1602.13,1032,2011-04-04 14:17:00,2011-12-08 12:43:00,320.42600000000004,250,0.6088
14720.0,6,3,663.81,219,2011-08-05 12:06:00,2011-12-04 12:02:00,221.26999999999998,127,0.7190551181102361
14722.0,148,1,187.92000000000002,120,2011-07-15 14:58:00,2011-07-15 14:58:00,187.92000000000002,148,0.20567567567567568
14723.0,11,6,1158.3,695,2010-12-03 14:18:00,2011-11-29 15:23:00,193.04999999999998,372,0.49096774193548387
14725.0,25,1,718.08,593,2011-11-15 12:42:00,2011-11-15 12:42:00,718.08,25,1.0
14727.0,275,1,268.58,62,2011-03-10 14:45:00,2011-03-10 14:45:00,268.58,275,0.1106909090909091
14729.0,374,1,313.49,197,2010-12-01 12:43:00,2010-12-01 12:43:00,313.49,374,0.0813903743315508
14730.0,2,8,2005.06,1132,2011-03-08 12:49:00,2011-12-08 14:39:00,250.6325,277,0.8791335740072203
14731.0,48,3,380.02,256,2011-05-11 13:06:00,2011-10-23 15:54:00,126.67333333333333,213,0.4287323943661972
14732.0,9,8,2702.4900000000002,1405,2011-01-04 14:40:00,2011-12-01 14:34:00,337.81125000000003,340,0.7162352941176471
14733.0,17,12,9585.91,3764,2010-12-07 11:30:00,2011-11-23 15:39:00,798.8258333333333,368,0.9926086956521739
14735.0,4,32,6065.69,2264,2010-12-16 16:05:00,2011-12-06 12:09:00,189.5528125,359,2.7133147632311982
14737.0,4,3,1164.55,345,2010-12-21 13:49:00,2011-12-06 10:16:00,388.18333333333334,354,0.25796610169491524
14738.0,43,7,1314.45,601,2011-01-27 14:10:00,2011-10-28 08:56:00,187.77857142857144,317,0.6721766561514196
14739.0,5,7,3902.28,3820,2010-12-07 14:58:00,2011-12-05 16:54:00,557.4685714285714,368,0.5790217391304348
14740.0,198,3,1448.21,735,2011-03-01 08:35:00,2011-05-26 18:17:00,482.7366666666667,284,0.32154929577464786
14741.0,12,6,1400.34,841,2010-12-02 08:43:00,2011-11-28 08:48:00,233.39,373,0.48965147453083113
14744.0,17,7,1099.98,627,2010-12-08 10:21:00,2011-11-23 12:51:00,157.14000000000001,367,0.580599455040872
14745.0,113,5,1220.26,1038,2011-02-27 15:25:00,2011-08-19 10:05:00,244.052,286,0.5321678321678321
14747.0,250,1,328.2,84,2011-04-04 14:09:00,2011-04-04 14:09:00,328.2,250,0.12176
14748.0,30,5,1415.75,1223,2010-12-06 10:19:00,2011-11-10 18:33:00,283.15,369,0.41246612466124666
14752.0,44,1,389.64,260,2011-10-27 11:55:00,2011-10-27 11:55:00,389.64,44,0.6918181818181819
14753.0,88,1,563.15,211,2011-09-13 14:50:00,2011-09-13 14:50:00,563.15,88,0.34590909090909094
14754.0,45,2,638.05,486,2011-02-17 12:21:00,2011-10-26 12:01:00,319.025,296,0.20567567567567568
14755.0,10,11,5010.28,2219,2011-01-09 14:02:00,2011-11-30 11:24:00,455.47999999999996,335,0.9995223880597016
14756.0,16,1,738.96,416,2011-11-24 18:13:00,2011-11-24 18:13:00,738.96,16,1.0
14757.0,76,1,420.5,160,2011-09-25 14:36:00,2011-09-25 14:36:00,420.5,76,0.4005263157894737
14758.0,145,4,1484.06,419,2011-03-25 12:10:00,2011-07-18 08:21:00,371.015,260,0.4683076923076923
14759.0,5,3,1625.97,569,2011-04-21 10:55:00,2011-12-05 12:03:00,541.99,233,0.39193133047210305
14760.0,298,1,89.2,40,2011-02-15 16:27:00,2011-02-15 16:27:00,89.2,298,0.10214765100671142
14761.0,59,2,255.9,118,2011-01-09 12:03:00,2011-10-12 12:10:00,127.95,335,0.18173134328358212
14762.0,264,1,300.52,341,2011-03-21 08:20:00,2011-03-21 08:20:00,300.52,264,0.1153030303030303
14764.0,47,1,278.3,190,2011-10-24 11:54:00,2011-10-24 11:54:00,278.3,47,0.6476595744680851
14765.0,30,3,254.11,135,2011-06-16 19:49:00,2011-11-10 19:53:00,84.70333333333333,177,0.5159322033898305
14766.0,9,6,2473.37,1349,2010-12-08 15:33:00,2011-12-01 16:05:00,412.2283333333333,367,0.4976566757493189
14768.0,18,2,192.60000000000002,52,2011-08-04 13:25:00,2011-11-22 12:54:00,96.30000000000001,128,0.47562499999999996
14769.0,3,8,10674.75,7436,2010-12-17 11:40:00,2011-12-07 10:24:00,1334.34375,358,0.6802234636871508
14770.0,233,2,876.42,490,2011-01-20 15:00:00,2011-04-21 14:21:00,438.21,324,0.18790123456790123
14772.0,113,1,139.26,82,2011-08-19 15:04:00,2011-08-19 15:04:00,139.26,113,0.2693805309734513
14775.0,59,3,1011.9,1174,2010-12-02 16:38:00,2011-10-12 15:27:00,337.3,373,0.24482573726541557
14776.0,52,11,2538.3,3134,2011-01-31 13:17:00,2011-10-19 15:34:00,230.75454545454548,313,1.0697763578274762
14778.0,128,2,730.86,306,2011-02-04 11:43:00,2011-08-04 15:23:00,365.43,309,0.19702265372168287
14779.0,281,3,386.15,84,2011-01-20 12:04:00,2011-03-04 12:42:00,128.71666666666667,324,0.28185185185185185
14780.0,55,2,447.68,310,2011-09-21 15:15:00,2011-10-16 12:46:00,223.84,80,0.761
14782.0,320,1,200.10000000000002,114,2011-01-24 11:12:00,2011-01-24 11:12:00,200.10000000000002,320,0.095125
14784.0,27,2,289.99,237,2011-01-20 09:25:00,2011-11-13 13:30:00,144.995,324,0.18790123456790123
14785.0,11,2,77.4,84,2011-11-24 13:40:00,2011-11-29 13:21:00,38.7,16,2.0
14788.0,8,2,679.4399999999999,421,2011-11-13 15:52:00,2011-12-02 17:06:00,339.71999999999997,27,2.0
14789.0,29,1,197.64,116,2011-11-11 08:59:00,2011-11-11 08:59:00,197.64,29,1.0
14790.0,17,4,745.06,699,2011-03-31 11:49:00,2011-11-23 09:28:00,186.265,254,0.47937007874015747
14792.0,64,1,6.2,2,2011-10-07 09:19:00,2011-10-07 09:19:00,6.2,64,0.47562499999999996
14793.0,22,1,228.99,91,2011-11-18 14:50:00,2011-11-18 14:50:00,228.99,22,1.0
14794.0,3,7,1319.91,673,2011-01-09 16:11:00,2011-12-07 10:11:00,188.55857142857144,335,0.6360597014925373
14795.0,167,1,131.45000000000002,17,2011-06-26 13:04:00,2011-06-26 13:04:00,131.45000000000002,167,0.1822754491017964
14796.0,2,17,8022.49,6025,2010-12-08 10:40:00,2011-12-08 15:31:00,471.9111764705882,367,1.4100272479564033
14798.0,53,3,173.74,150,2011-02-02 15:26:00,2011-10-18 10:58:00,57.913333333333334,311,0.2936334405144695
14799.0,52,1,157.7,146,2011-10-19 16:16:00,2011-10-19 16:16:00,157.7,52,0.5853846153846154
14800.0,48,12,4339.74,3655,2010-12-05 11:10:00,2011-10-23 12:46:00,361.645,370,0.9872432432432433
14801.0,62,1,193.14,175,2011-10-09 15:24:00,2011-10-09 15:24:00,193.14,62,0.49096774193548387
14803.0,163,3,845.55,370,2011-02-20 13:21:00,2011-06-30 13:58:00,281.84999999999997,293,0.31167235494880546
14804.0,9,1,353.27,121,2011-12-01 11:20:00,2011-12-01 11:20:00,353.27,9,1.0
14805.0,16,4,554.65,115,2011-01-30 10:43:00,2011-11-24 16:20:00,138.6625,314,0.3877707006369427
14806.0,76,1,193.39000000000001,330,2011-09-25 15:32:00,2011-09-25 15:32:00,193.39000000000001,76,0.4005263157894737
14808.0,40,8,2741.17,2147,2011-06-20 12:53:00,2011-10-31 12:21:00,342.64625,173,1.4076300578034682
14810.0,41,11,2087.88,1016,2010-12-05 12:08:00,2011-10-30 11:19:00,189.80727272727273,370,0.904972972972973
14813.0,370,2,155.43,67,2010-12-05 11:54:00,2010-12-05 11:57:00,77.715,370,0.16454054054054054
14815.0,37,2,778.5,744,2011-10-03 11:36:00,2011-11-03 11:36:00,389.25,68,0.8952941176470588
14816.0,198,1,271.85,5,2011-05-26 13:16:00,2011-05-26 13:16:00,271.85,198,0.15373737373737376
14817.0,201,2,1110.34,655,2011-03-07 13:51:00,2011-05-23 13:35:00,555.17,278,0.21899280575539568
14818.0,74,3,657.8,324,2011-03-31 12:28:00,2011-09-27 11:01:00,219.26666666666665,254,0.3595275590551181
14819.0,65,2,272.07,109,2011-05-31 13:50:00,2011-10-06 13:41:00,136.035,193,0.31544041450777205
14820.0,22,4,507.29,253,2011-06-19 14:56:00,2011-11-18 15:41:00,126.8225,174,0.6997701149425287
14821.0,367,1,48.800000000000004,20,2010-12-08 08:43:00,2010-12-08 08:43:00,48.800000000000004,367,0.08294277929155314
14823.0,181,3,321.43,88,2011-05-29 12:48:00,2011-06-12 13:12:00,107.14333333333333,195,0.4683076923076923
14824.0,11,4,1127.71,525,2011-09-09 14:12:00,2011-11-29 14:20:00,281.9275,92,1.3234782608695652
14825.0,4,12,2226.91,991,2010-12-06 12:30:00,2011-12-06 11:38:00,185.57583333333332,369,0.9899186991869919
14828.0,197,3,2139.76,2172,2011-01-07 09:50:00,2011-05-27 10:16:00,713.2533333333334,337,0.2709792284866469
14829.0,30,4,697.55,452,2010-12-02 16:12:00,2011-11-10 16:16:00,174.3875,373,0.3264343163538874
14830.0,54,1,197.13,169,2011-10-17 14:29:00,2011-10-17 14:29:00,197.13,54,0.5637037037037037
14834.0,18,6,1720.3,734,2011-04-13 15:00:00,2011-11-22 10:30:00,286.71666666666664,241,0.7578423236514523
14836.0,11,3,102.44999999999999,45,2011-11-09 13:26:00,2011-11-29 16:45:00,34.15,31,2.945806451612903
14837.0,90,4,1649.5,1436,2011-05-22 12:49:00,2011-09-11 10:58:00,412.375,202,0.6027722772277228
14840.0,268,1,62.85,31,2011-03-17 12:00:00,2011-03-17 12:00:00,62.85,268,0.11358208955223881
14841.0,54,6,3295.76,1778,2010-12-16 10:28:00,2011-10-17 15:03:00,549.2933333333334,359,0.5087465181058496
14842.0,44,4,2824.69,1166,2011-02-04 15:32:00,2011-10-27 12:37:00,706.1725,309,0.39404530744336574
14844.0,64,4,3189.81,1833,2011-04-12 13:10:00,2011-10-07 10:41:00,797.4525,242,0.5031404958677687
14847.0,149,1,309.4,120,2011-07-14 10:52:00,2011-07-14 10:52:00,309.4,149,0.20429530201342283
14849.0,22,25,7930.54,5694,2010-12-01 12:22:00,2011-11-18 10:58:00,317.2216,374,2.03475935828877
14850.0,312,1,325.75,293,2011-02-01 11:21:00,2011-02-01 11:21:00,325.75,312,0.09756410256410257
14851.0,24,2,511.35,325,2011-03-28 14:59:00,2011-11-16 14:20:00,255.675,257,0.23688715953307396
14852.0,59,6,2836.69,1747,2011-04-01 13:22:00,2011-10-12 13:20:00,472.7816666666667,253,0.7218972332015811
14853.0,25,2,475.8,82,2011-05-12 15:17:00,2011-11-15 16:56:00,237.9,212,0.28716981132075475
14854.0,79,7,2759.83,1832,2011-03-10 12:22:00,2011-09-22 17:00:00,394.26142857142855,275,0.7748363636363637
14855.0,120,2,645.65,267,2011-07-28 12:06:00,2011-08-12 14:02:00,322.825,135,0.45096296296296295
14856.0,37,3,1311.3799999999999,714,2011-10-14 09:35:00,2011-11-03 14:53:00,437.1266666666666,57,1.602105263157895
14857.0,60,2,1173.12,464,2011-07-14 15:03:00,2011-10-11 09:23:00,586.56,149,0.40859060402684566
14859.0,13,4,1353.74,671,2011-05-19 14:42:00,2011-11-27 11:18:00,338.435,205,0.5939512195121951
14860.0,20,1,170.32,232,2011-11-20 14:17:00,2011-11-20 14:17:00,170.32,20,1.0
14861.0,53,1,125.79,117,2011-10-18 12:54:00,2011-10-18 12:54:00,125.79,53,0.5743396226415095
14862.0,26,2,841.1999999999999,772,2011-07-14 11:20:00,2011-11-14 10:01:00,420.59999999999997,149,0.40859060402684566
14863.0,30,1,266.76,132,2011-11-10 15:04:00,2011-11-10 15:04:00,266.76,30,1.0
14865.0,8,2,52.2,108,2010-12-02 18:23:00,2011-12-02 16:25:00,26.1,373,0.1632171581769437
14866.0,11,12,14389.9,6752,2010-12-08 14:58:00,2011-11-29 11:45:00,1199.1583333333333,367,0.9953133514986378
14867.0,186,3,710.28,328,2011-01-07 16:34:00,2011-06-07 11:39:00,236.76,337,0.2709792284866469
14868.0,4,8,2953.59,1405,2011-04-20 13:36:00,2011-12-06 14:49:00,369.19875,234,1.0406837606837607
14869.0,9,2,725.7,550,2011-08-28 16:09:00,2011-12-01 12:36:00,362.85,104,0.5853846153846154
14870.0,262,1,327.25,119,2011-03-23 10:51:00,2011-03-23 10:51:00,327.25,262,0.11618320610687023
14871.0,4,4,522.38,185,2010-12-14 12:18:00,2011-12-06 13:42:00,130.595,361,0.33728531855955685
14873.0,211,1,519.68,168,2011-05-13 13:52:00,2011-05-13 13:52:00,519.68,211,0.1442654028436019
14875.0,108,2,1465.3200000000002,558,2011-03-22 11:53:00,2011-08-24 12:20:00,732.6600000000001,263,0.23148288973384032
14878.0,13,9,1485.54,802,2010-12-16 12:11:00,2011-11-27 11:15:00,165.06,359,0.7631197771587744
14880.0,78,3,706.19,373,2011-02-24 12:27:00,2011-09-23 13:42:00,235.39666666666668,289,0.3159861591695502
14881.0,20,1,255.4,316,2011-11-20 11:06:00,2011-11-20 11:06:00,255.4,20,1.0
14882.0,27,2,589.7,158,2011-11-06 10:15:00,2011-11-13 12:47:00,294.85,34,1.7905882352941176
14883.0,19,6,761.59,790,2011-05-12 09:49:00,2011-11-21 10:23:00,126.93166666666667,212,0.8615094339622642
14885.0,132,1,765.3199999999999,724,2011-07-31 12:05:00,2011-07-31 12:05:00,765.3199999999999,132,0.2306060606060606
14886.0,253,1,364.8,160,2011-04-01 08:56:00,2011-04-01 08:56:00,364.8,253,0.12031620553359684
14887.0,80,1,1862.0,1100,2011-09-21 15:32:00,2011-09-21 15:32:00,1862.0,80,0.3805
14888.0,208,1,369.2,184,2011-05-16 14:58:00,2011-05-16 14:58:00,369.2,208,0.14634615384615385
14889.0,337,1,135.9,90,2011-01-07 15:19:00,2011-01-07 15:19:00,135.9,337,0.09032640949554897
14890.0,254,1,125.65,51,2011-03-31 11:57:00,2011-03-31 11:57:00,125.65,254,0.11984251968503937
14891.0,149,2,554.38,505,2011-06-05 10:58:00,2011-07-14 18:08:00,277.19,188,0.32382978723404254
14893.0,10,2,1237.8500000000001,799,2011-11-28 10:49:00,2011-11-30 12:31:00,618.9250000000001,12,2.0
14894.0,86,1,655.75,265,2011-09-15 13:51:00,2011-09-15 13:51:00,655.75,86,0.353953488372093
14895.0,8,20,11138.710000000001,4851,2011-02-22 13:08:00,2011-12-02 09:23:00,556.9355,291,2.0920962199312716
14896.0,205,2,468.77000000000004,279,2010-12-09 12:24:00,2011-05-19 10:20:00,234.38500000000002,366,0.16633879781420766
14897.0,8,4,1366.38,468,2011-02-16 08:37:00,2011-12-02 10:32:00,341.595,297,0.40996632996633
14898.0,24,6,1303.52,1020,2010-12-03 15:25:00,2011-11-16 14:54:00,217.25333333333333,372,0.49096774193548387
14901.0,12,9,1421.29,661,2010-12-02 11:20:00,2011-11-28 17:09:00,157.92111111111112,373,0.7344772117962467
14902.0,26,1,332.66,218,2011-11-14 10:34:00,2011-11-14 10:34:00,332.66,26,1.0
14903.0,22,5,2810.63,1536,2011-03-06 11:50:00,2011-11-18 16:07:00,562.126,279,0.5455197132616488
14904.0,3,2,1025.44,1985,2011-11-14 09:13:00,2011-12-07 12:55:00,512.72,26,2.0
14905.0,158,2,616.15,287,2011-04-20 10:48:00,2011-07-05 12:41:00,308.075,234,0.26017094017094017
14907.0,4,7,3501.1,1691,2010-12-07 10:14:00,2011-12-06 14:14:00,500.15714285714284,368,0.5790217391304348
14908.0,75,1,277.8,132,2011-09-26 12:56:00,2011-09-26 12:56:00,277.8,75,0.40586666666666665
14910.0,3,4,434.35,238,2011-10-16 11:06:00,2011-12-07 10:06:00,108.5875,55,2.213818181818182
14911.0,2,201,143825.06,80265,2010-12-01 14:05:00,2011-12-08 15:54:00,715.5475621890547,374,16.35946524064171
14912.0,17,2,867.85,971,2011-04-07 11:06:00,2011-11-23 09:20:00,433.925,247,0.24647773279352228
14913.0,36,4,1227.43,1743,2010-12-15 14:35:00,2011-11-04 08:29:00,306.8575,360,0.33822222222222226
14915.0,92,2,307.48,112,2011-03-07 09:39:00,2011-09-09 13:34:00,153.74,278,0.21899280575539568
14916.0,71,4,1268.98,1136,2011-01-19 15:30:00,2011-09-30 09:20:00,317.245,325,0.3746461538461539
14918.0,116,2,1610.15,675,2011-07-08 12:50:00,2011-08-16 11:50:00,805.075,155,0.3927741935483871
14920.0,213,2,977.77,509,2011-05-11 10:31:00,2011-05-11 10:32:00,488.885,213,0.28582159624413145
14921.0,31,2,1316.07,953,2011-05-22 12:51:00,2011-11-09 13:17:00,658.035,202,0.3013861386138614
14923.0,51,1,749.1,418,2011-10-20 11:51:00,2011-10-20 11:51:00,749.1,51,0.5968627450980393
14924.0,246,1,310.05,64,2011-04-08 09:25:00,2011-04-08 09:25:00,310.05,246,0.12373983739837398
14929.0,33,1,223.88,136,2011-11-07 17:21:00,2011-11-07 17:21:00,223.88,33,0.9224242424242424
14930.0,109,3,2372.86,1166,2011-03-10 14:42:00,2011-08-23 10:31:00,790.9533333333334,275,0.3320727272727273
14931.0,5,5,1257.68,417,2011-04-13 09:32:00,2011-12-05 10:19:00,251.536,241,0.6315352697095437
14932.0,366,1,363.53,80,2010-12-09 11:48:00,2010-12-09 11:48:00,363.53,366,0.08316939890710383
14934.0,82,2,1890.94,1042,2011-03-02 11:48:00,2011-09-19 10:10:00,945.47,283,0.2151236749116608
14935.0,298,1,1784.71,935,2011-02-15 14:44:00,2011-02-15 14:44:00,1784.71,298,0.10214765100671142
14936.0,34,8,8137.02,4085,2011-03-09 11:53:00,2011-11-06 10:30:00,1017.1275,276,0.8823188405797101
14937.0,57,3,1621.88,484,2011-08-01 14:16:00,2011-10-14 12:29:00,540.6266666666667,131,0.6970992366412213
14944.0,30,12,5900.25,2815,2011-02-16 12:47:00,2011-11-10 09:10:00,491.6875,297,1.22989898989899
14946.0,15,1,100.9,22,2011-11-25 13:33:00,2011-11-25 13:33:00,100.9,15,1.0
14947.0,73,2,290.82,179,2011-08-01 09:31:00,2011-09-28 15:48:00,145.41,131,0.46473282442748093
14948.0,24,6,1101.97,673,2011-05-04 14:52:00,2011-11-16 17:16:00,183.66166666666666,220,0.8301818181818182
14950.0,20,1,371.2,136,2011-11-20 13:48:00,2011-11-20 13:48:00,371.2,20,1.0
14951.0,80,1,311.69,311,2011-09-21 15:15:00,2011-09-21 15:15:00,311.69,80,0.3805
14952.0,60,11,8099.49,3355,2010-12-10 12:48:00,2011-10-11 10:33:00,736.3172727272727,365,0.9173698630136987
14953.0,26,1,289.82,225,2011-11-14 14:59:00,2011-11-14 14:59:00,289.82,26,1.0
14954.0,13,1,336.17,127,2011-11-27 14:30:00,2011-11-27 14:30:00,336.17,13,1.0
14957.0,254,1,58.49,34,2011-03-31 17:59:00,2011-03-31 17:59:00,58.49,254,0.11984251968503937
14958.0,148,3,499.68,129,2011-04-08 11:28:00,2011-07-15 14:20:00,166.56,246,0.37121951219512195
14959.0,65,4,695.42,494,2011-02-16 13:00:00,2011-10-06 18:23:00,173.855,297,0.40996632996633
14960.0,9,2,221.27,221,2011-06-21 13:38:00,2011-12-01 12:54:00,110.635,172,0.353953488372093
14961.0,11,9,7044.68,3708,2010-12-14 11:38:00,2011-11-29 09:42:00,782.7422222222223,361,0.7588919667590028
14962.0,271,1,126.7,44,2011-03-14 09:42:00,2011-03-14 09:42:00,126.7,271,0.11232472324723249
14963.0,10,5,1487.8,1176,2011-06-09 12:30:00,2011-11-30 12:16:00,297.56,184,0.8271739130434783
14964.0,248,1,206.21,143,2011-04-06 14:13:00,2011-04-06 14:13:00,206.21,248,0.12274193548387097
14965.0,97,2,599.0,365,2011-09-04 13:15:00,2011-09-04 13:20:00,299.5,97,0.6276288659793815
14966.0,15,1,191.32,187,2011-11-25 12:20:00,2011-11-25 12:20:00,191.32,15,1.0
14967.0,50,1,463.8,140,2011-10-21 11:06:00,2011-10-21 11:06:00,463.8,50,0.6088
14968.0,31,1,147.59,127,2011-11-09 13:58:00,2011-11-09 13:58:00,147.59,31,0.9819354838709677
14970.0,69,4,1592.06,250,2011-01-27 12:23:00,2011-10-02 13:44:00,398.015,317,0.3841009463722398
14971.0,36,3,1116.57,644,2011-10-27 13:33:00,2011-11-04 17:07:00,372.19,44,2.0754545454545457
14972.0,129,1,114.77,28,2011-08-03 14:54:00,2011-08-03 14:54:00,114.77,129,0.235968992248062
14973.0,108,3,1314.45,369,2011-04-28 12:22:00,2011-08-24 15:51:00,438.15000000000003,226,0.404070796460177
14974.0,38,1,114.39,44,2011-11-02 13:01:00,2011-11-02 13:01:00,114.39,38,0.8010526315789473
14975.0,58,1,279.94,380,2011-10-13 14:08:00,2011-10-13 14:08:00,279.94,58,0.5248275862068966
14976.0,58,7,790.86,234,2011-01-17 11:09:00,2011-10-13 16:37:00,112.98,327,0.6516207951070337
14978.0,73,5,1931.42,525,2011-01-13 12:03:00,2011-09-28 13:07:00,386.284,331,0.45981873111782484
14981.0,247,1,102.12,97,2011-04-07 13:45:00,2011-04-07 13:45:00,102.12,247,0.12323886639676114
14984.0,20,2,213.27,60,2011-06-12 11:04:00,2011-11-20 14:28:00,106.635,181,0.336353591160221
14985.0,199,2,296.75,260,2010-12-16 19:51:00,2011-05-25 14:29:00,148.375,359,0.1695821727019499
14987.0,16,2,326.4,128,2010-12-09 12:13:00,2011-11-24 09:59:00,163.2,366,0.16633879781420766
14988.0,212,1,334.54,141,2011-05-12 12:05:00,2011-05-12 12:05:00,334.54,212,0.14358490566037738
14995.0,39,2,233.23000000000002,103,2011-03-04 13:14:00,2011-11-01 11:39:00,116.61500000000001,281,0.21665480427046266
14997.0,47,3,546.1999999999999,1120,2011-06-14 16:52:00,2011-10-24 13:28:00,182.06666666666663,179,0.5101675977653631
14998.0,171,2,429.87,270,2011-04-12 16:28:00,2011-06-22 17:30:00,214.935,242,0.25157024793388433
15000.0,48,1,490.52,218,2011-10-23 11:42:00,2011-10-23 11:42:00,490.52,48,0.6341666666666667
15002.0,116,4,1641.76,862,2010-12-07 13:16:00,2011-08-16 10:44:00,410.44,368,0.3308695652173913
15004.0,148,1,1246.32,630,2011-07-15 14:05:00,2011-07-15 14:05:00,1246.32,148,0.20567567567567568
15005.0,16,28,6316.57,4247,2010-12-08 14:36:00,2011-11-24 12:25:00,225.5917857142857,367,2.322397820163488
15006.0,52,1,502.09,302,2011-10-19 15:08:00,2011-10-19 15:08:00,502.09,52,0.5853846153846154
15007.0,160,1,156.91,69,2011-07-03 16:00:00,2011-07-03 16:00:00,156.91,160,0.19025
15009.0,13,3,1261.78,642,2011-11-14 17:40:00,2011-11-27 13:35:00,420.5933333333333,26,3.0
15010.0,36,1,308.94,184,2011-11-04 12:42:00,2011-11-04 12:42:00,308.94,36,0.8455555555555555
15012.0,54,2,423.04,231,2010-12-01 12:49:00,2011-10-17 12:22:00,211.52,374,0.1627807486631016
15014.0,44,2,260.17,151,2011-06-16 19:40:00,2011-10-27 20:07:00,130.085,177,0.343954802259887
15016.0,173,1,170.04,76,2011-06-20 12:06:00,2011-06-20 12:06:00,170.04,173,0.17595375722543352
15017.0,34,1,125.58,63,2011-11-06 10:33:00,2011-11-06 10:33:00,125.58,34,0.8952941176470588
15018.0,39,3,496.21000000000004,189,2010-12-07 10:47:00,2011-11-01 12:47:00,165.40333333333334,368,0.24815217391304348
15019.0,267,1,266.0,159,2011-03-18 12:35:00,2011-03-18 12:35:00,266.0,267,0.11400749063670412
15021.0,9,9,1914.82,847,2010-12-08 12:17:00,2011-12-01 11:53:00,212.75777777777776,367,0.7464850136239782
15022.0,12,4,905.04,543,2011-10-23 15:47:00,2011-11-28 12:35:00,226.26,48,2.5366666666666666
15023.0,4,11,6802.76,2871,2010-12-05 13:49:00,2011-12-06 17:23:00,618.4327272727273,370,0.904972972972973
15024.0,10,10,1661.33,920,2010-12-07 13:20:00,2011-11-30 12:06:00,166.13299999999998,368,0.8271739130434783
15025.0,34,1,377.01,189,2011-11-06 15:20:00,2011-11-06 15:20:00,377.01,34,0.8952941176470588
15026.0,81,3,469.0,285,2011-03-07 13:45:00,2011-09-20 13:52:00,156.33333333333334,278,0.3284892086330935
15027.0,31,4,1066.1499999999999,565,2011-04-15 14:14:00,2011-11-09 10:16:00,266.53749999999997,239,0.5094560669456067
15028.0,9,4,627.13,459,2010-12-06 12:47:00,2011-12-01 14:06:00,156.7825,369,0.32997289972899735
15030.0,72,2,518.28,372,2011-03-16 15:34:00,2011-09-29 10:50:00,259.14,269,0.2263197026022305
15031.0,5,4,668.14,401,2011-03-02 14:46:00,2011-12-05 14:19:00,167.035,283,0.4302473498233216
15032.0,257,3,4959.1,2968,2010-12-08 12:57:00,2011-03-28 15:03:00,1653.0333333333335,367,0.24882833787465944
15033.0,5,10,2586.67,1695,2011-01-14 13:28:00,2011-12-05 12:40:00,258.66700000000003,330,0.9224242424242425
15034.0,16,8,4308.61,2422,2010-12-21 09:47:00,2011-11-24 12:11:00,538.57625,354,0.687909604519774
15035.0,90,1,252.73000000000002,245,2011-09-11 11:08:00,2011-09-11 11:08:00,252.73000000000002,90,0.33822222222222226
15036.0,73,3,465.55,327,2011-06-13 12:19:00,2011-09-28 15:42:00,155.18333333333334,180,0.5073333333333333
15038.0,59,6,705.49,217,2010-12-05 10:54:00,2011-10-12 11:33:00,117.58166666666666,370,0.49362162162162165
15039.0,10,47,19914.44,9209,2010-12-06 11:26:00,2011-11-30 11:31:00,423.7114893617021,369,3.8771815718157185
15041.0,171,1,180.35,104,2011-06-22 16:16:00,2011-06-22 16:16:00,180.35,171,0.17801169590643276
15042.0,200,1,135.93,30,2011-05-24 16:25:00,2011-05-24 16:25:00,135.93,200,0.1522
15043.0,32,1,537.0,300,2011-11-08 14:26:00,2011-11-08 14:26:00,537.0,32,0.9512499999999999
15044.0,20,17,7700.2300000000005,2795,2010-12-12 14:27:00,2011-11-20 13:20:00,452.954705882353,363,1.4255647382920111
15045.0,152,2,735.66,114,2011-03-27 11:44:00,2011-07-11 11:33:00,367.83,258,0.235968992248062
15046.0,10,15,5213.7699999999995,3451,2011-01-05 15:30:00,2011-11-30 15:50:00,347.58466666666664,339,1.3469026548672567
15047.0,270,1,343.62,222,2011-03-15 10:49:00,2011-03-15 10:49:00,343.62,270,0.11274074074074074
15048.0,66,4,384.05,195,2010-12-06 12:15:00,2011-10-05 14:55:00,96.0125,369,0.32997289972899735
15049.0,274,1,121.17000000000002,63,2011-03-11 12:13:00,2011-03-11 12:13:00,121.17000000000002,274,0.1110948905109489
15050.0,26,3,1782.09,1224,2011-09-29 13:22:00,2011-11-14 16:17:00,594.03,72,1.2683333333333333
15051.0,24,3,1391.61,1011,2011-07-12 15:29:00,2011-11-16 15:38:00,463.86999999999995,151,0.6047682119205298
15052.0,320,1,215.78,82,2011-01-24 15:52:00,2011-01-24 15:52:00,215.78,320,0.095125
15053.0,5,3,697.79,986,2011-03-03 12:06:00,2011-12-05 12:08:00,232.59666666666666,282,0.32382978723404254
15054.0,13,2,302.1,198,2011-10-30 14:33:00,2011-11-27 15:02:00,151.05,41,1.4848780487804878
15057.0,276,2,1489.5,668,2011-01-28 09:09:00,2011-03-09 15:17:00,744.75,316,0.19265822784810127
15058.0,26,11,2124.9900000000002,1069,2011-01-31 15:35:00,2011-11-14 14:57:00,193.18090909090913,313,1.0697763578274762
15059.0,41,9,1337.72,604,2011-01-09 11:54:00,2011-10-30 11:35:00,148.63555555555556,335,0.8177910447761195
15060.0,9,4,303.09,263,2011-11-30 14:03:00,2011-12-01 13:47:00,75.7725,10,4.0
15061.0,4,48,54534.14,28920,2010-12-02 15:19:00,2011-12-06 12:06:00,1136.1279166666666,373,3.917211796246649
15062.0,72,4,987.86,763,2010-12-15 15:37:00,2011-09-29 16:51:00,246.965,360,0.33822222222222226
15063.0,214,1,370.79999999999995,56,2011-05-10 13:25:00,2011-05-10 13:25:00,370.79999999999995,214,0.14224299065420562
15065.0,38,4,3158.13,1383,2011-02-21 12:54:00,2011-11-02 09:45:00,789.5325,292,0.41698630136986303
15066.0,54,1,893.59,317,2011-10-17 13:25:00,2011-10-17 13:25:00,893.59,54,0.5637037037037037
15067.0,79,3,1744.76,954,2011-03-02 12:10:00,2011-09-22 13:20:00,581.5866666666667,283,0.3226855123674912
15068.0,47,2,553.36,364,2011-03-28 14:27:00,2011-10-24 14:47:00,276.68,257,0.23688715953307396
15069.0,180,1,1109.53,520,2011-06-13 14:16:00,2011-06-13 14:16:00,1109.53,180,0.16911111111111113
15070.0,373,1,106.2,36,2010-12-02 11:23:00,2010-12-02 11:23:00,106.2,373,0.08160857908847186
15071.0,94,2,982.07,269,2011-03-09 10:19:00,2011-09-07 11:43:00,491.035,276,0.22057971014492753
15073.0,10,3,1043.41,491,2011-06-06 09:59:00,2011-11-30 10:44:00,347.80333333333334,187,0.4883422459893048
15074.0,106,1,748.87,455,2011-08-26 14:45:00,2011-08-26 14:45:00,748.87,106,0.28716981132075475
15075.0,78,1,773.03,447,2011-09-23 12:27:00,2011-09-23 12:27:00,773.03,78,0.3902564102564103
15076.0,173,1,880.85,571,2011-06-20 08:23:00,2011-06-20 08:23:00,880.85,173,0.17595375722543352
15078.0,8,32,9743.11,5105,2010-12-06 12:38:00,2011-12-02 15:41:00,304.4721875,369,2.639783197831979
15079.0,213,4,895.61,389,2010-12-09 09:25:00,2011-05-11 12:45:00,223.9025,366,0.3326775956284153
15081.0,23,5,504.8,190,2010-12-07 16:20:00,2011-11-17 17:08:00,100.96000000000001,368,0.41358695652173916
15083.0,257,1,88.2,38,2011-03-28 12:18:00,2011-03-28 12:18:00,88.2,257,0.11844357976653698
15087.0,282,1,306.94,470,2011-03-03 10:34:00,2011-03-03 10:34:00,306.94,282,0.10794326241134751
15088.0,22,2,1160.07,460,2011-10-03 14:05:00,2011-11-18 13:14:00,580.035,68,0.8952941176470588
15089.0,11,6,2420.84,1359,2011-08-03 14:14:00,2011-11-29 16:31:00,403.47333333333336,129,1.415813953488372
15090.0,309,1,381.32,208,2011-02-04 14:03:00,2011-02-04 14:03:00,381.32,309,0.09851132686084144
15091.0,68,1,480.71,346,2011-10-03 12:47:00,2011-10-03 12:47:00,480.71,68,0.4476470588235294
15092.0,216,2,457.81,135,2011-03-01 12:24:00,2011-05-08 14:10:00,228.905,284,0.2143661971830986
15093.0,19,6,4597.02,3760,2010-12-02 18:25:00,2011-11-21 13:09:00,766.1700000000001,373,0.48965147453083113
15095.0,104,4,1370.6,1079,2011-05-20 14:27:00,2011-08-28 12:01:00,342.65,204,0.5968627450980393
15096.0,43,1,219.39000000000001,120,2011-10-28 10:27:00,2011-10-28 10:27:00,219.39000000000001,43,0.707906976744186
15097.0,5,1,248.08,170,2011-12-05 14:03:00,2011-12-05 14:03:00,248.08,5,1.0
15098.0,183,3,39916.5,121,2011-06-10 15:22:00,2011-06-10 15:33:00,13305.5,183,0.49901639344262294
15099.0,85,1,410.48,343,2011-09-16 13:13:00,2011-09-16 13:13:00,410.48,85,0.35811764705882354
15100.0,334,3,876.0,80,2010-12-01 09:09:00,2011-01-10 10:35:00,292.0,374,0.2441711229946524
15101.0,9,2,317.53,241,2010-12-15 12:54:00,2011-12-01 10:18:00,158.765,360,0.16911111111111113
15103.0,32,2,703.36,329,2011-09-14 13:54:00,2011-11-08 14:53:00,351.68,87,0.6997701149425287
15104.0,197,2,1027.44,637,2011-03-02 14:16:00,2011-05-27 12:29:00,513.72,283,0.2151236749116608
15105.0,19,7,2298.93,1211,2011-07-28 10:09:00,2011-11-21 16:54:00,328.4185714285714,135,1.5783703703703704
15106.0,18,5,1422.52,1181,2011-03-15 12:52:00,2011-11-22 09:16:00,284.504,270,0.5637037037037037
15107.0,312,6,319.5,169,2010-12-02 13:45:00,2011-02-01 14:46:00,53.25,373,0.48965147453083113
15108.0,142,4,1300.25,499,2011-04-26 10:54:00,2011-07-21 10:24:00,325.0625,228,0.5340350877192983
15109.0,246,1,484.95,131,2011-04-08 09:58:00,2011-04-08 09:58:00,484.95,246,0.12373983739837398
15110.0,24,4,996.1,246,2011-01-25 11:41:00,2011-11-16 11:16:00,249.025,319,0.3816927899686521
15111.0,30,3,1567.48,710,2010-12-02 11:45:00,2011-11-10 16:58:00,522.4933333333333,373,0.24482573726541557
15113.0,10,3,3609.33,2386,2011-10-16 15:27:00,2011-11-30 08:23:00,1203.11,55,1.6603636363636365
15114.0,31,10,2760.56,3096,2011-02-11 08:45:00,2011-11-09 15:05:00,276.056,302,1.0079470198675498
15115.0,19,1,340.11,157,2011-11-21 14:59:00,2011-11-21 14:59:00,340.11,19,1.0
15116.0,18,4,1352.75,648,2011-05-19 08:50:00,2011-11-22 12:25:00,338.1875,205,0.5939512195121951
15117.0,15,5,1551.78,1948,2011-05-08 12:38:00,2011-11-25 08:12:00,310.356,216,0.7046296296296297
15118.0,135,1,244.8,1440,2011-07-28 14:54:00,2011-07-28 14:54:00,244.8,135,0.22548148148148148
15119.0,246,1,266.4,88,2011-04-08 09:08:00,2011-04-08 09:08:00,266.4,246,0.12373983739837398
15120.0,134,1,358.82,296,2011-07-29 09:48:00,2011-07-29 09:48:00,358.82,134,0.22716417910447761
15121.0,51,2,457.72,199,2011-02-24 12:41:00,2011-10-20 14:51:00,228.86,289,0.2106574394463668
15122.0,115,3,1633.78,800,2011-02-15 09:59:00,2011-08-17 16:48:00,544.5933333333334,298,0.30644295302013425
15123.0,8,2,2199.31,1195,2011-05-17 14:57:00,2011-12-02 13:12:00,1099.655,207,0.2941062801932367
15124.0,23,2,184.19,233,2011-06-01 09:06:00,2011-11-17 10:09:00,92.095,192,0.31708333333333333
15125.0,26,15,11528.48,6193,2011-03-14 09:59:00,2011-11-14 13:57:00,768.5653333333333,271,1.6848708487084871
15127.0,66,1,406.53,251,2011-10-05 10:30:00,2011-10-05 10:30:00,406.53,66,0.4612121212121212
15128.0,61,4,1471.0,1343,2011-05-04 12:32:00,2011-10-10 13:54:00,367.75,220,0.5534545454545455
15129.0,51,11,3447.4,1794,2011-02-21 09:09:00,2011-10-20 14:40:00,313.40000000000003,292,1.1467123287671233
15130.0,170,1,330.11,197,2011-06-23 10:15:00,2011-06-23 10:15:00,330.11,170,0.17905882352941177
15132.0,19,5,977.9300000000001,679,2011-03-22 12:02:00,2011-11-21 17:10:00,195.586,263,0.5787072243346008
15133.0,128,3,982.42,680,2011-02-11 10:38:00,2011-08-04 10:44:00,327.4733333333333,302,0.3023841059602649
15134.0,15,8,1387.99,887,2011-04-13 11:05:00,2011-11-25 08:55:00,173.49875,241,1.0104564315352698
15135.0,240,1,139.05,43,2011-04-14 19:16:00,2011-04-14 19:16:00,139.05,240,0.12683333333333335
15136.0,3,4,1286.7,776,2011-09-04 16:05:00,2011-12-07 12:26:00,321.675,97,1.255257731958763
15139.0,240,2,178.96,208,2011-01-07 12:44:00,2011-04-14 11:39:00,89.48,337,0.18065281899109795
15140.0,53,7,2354.25,1572,2011-03-20 14:37:00,2011-10-18 14:07:00,336.32142857142856,265,0.8040754716981132
15142.0,47,1,498.74,365,2011-10-24 12:51:00,2011-10-24 12:51:00,498.74,47,0.6476595744680851
15143.0,226,1,259.45,150,2011-04-28 12:03:00,2011-04-28 12:03:00,259.45,226,0.13469026548672566
15144.0,9,17,6580.44,3050,2011-01-31 13:17:00,2011-12-01 15:12:00,387.0847058823529,313,1.6532907348242813
15145.0,5,4,1194.73,756,2011-04-05 15:20:00,2011-12-05 17:21:00,298.6825,249,0.488995983935743
15146.0,165,2,1327.16,1473,2011-02-21 13:07:00,2011-06-28 12:09:00,663.58,292,0.20849315068493152
15147.0,241,1,623.5,366,2011-04-13 15:57:00,2011-04-13 15:57:00,623.5,241,0.12630705394190872
15148.0,11,1,301.29,187,2011-11-29 08:21:00,2011-11-29 08:21:00,301.29,11,1.0
15149.0,134,1,520.8000000000001,128,2011-07-29 10:58:00,2011-07-29 10:58:00,520.8000000000001,134,0.22716417910447761
15150.0,18,10,5314.47,3658,2011-03-15 14:21:00,2011-11-22 12:52:00,531.447,270,1.1274074074074074
15152.0,10,13,4745.69,2704,2011-06-05 15:36:00,2011-11-30 12:32:00,365.0530769230769,188,2.104893617021277
15153.0,32,1,329.25,198,2011-11-08 17:09:00,2011-11-08 17:09:00,329.25,32,0.9512499999999999
15154.0,76,1,296.42,104,2011-09-25 16:05:00,2011-09-25 16:05:00,296.42,76,0.4005263157894737
15156.0,2,3,961.49,597,2011-11-06 12:41:00,2011-12-08 18:22:00,320.49666666666667,34,2.6858823529411766
15157.0,4,3,1936.07,2392,2010-12-16 13:44:00,2011-12-06 11:28:00,645.3566666666667,359,0.2543732590529248
15158.0,46,1,401.40000000000003,198,2011-10-25 13:53:00,2011-10-25 13:53:00,401.40000000000003,46,0.6617391304347826
15159.0,2,30,18641.010000000002,11441,2010-12-13 15:44:00,2011-12-08 12:05:00,621.3670000000001,362,2.5226519337016575
15160.0,358,1,158.16,84,2010-12-17 14:15:00,2010-12-17 14:15:00,158.16,358,0.08502793296089385
15163.0,19,2,304.47,186,2011-05-31 15:22:00,2011-11-21 13:10:00,152.235,193,0.31544041450777205
15164.0,69,3,843.05,360,2011-01-04 14:21:00,2011-10-02 12:05:00,281.01666666666665,340,0.2685882352941176
15165.0,374,1,487.75,160,2010-12-01 14:03:00,2010-12-01 14:03:00,487.75,374,0.0813903743315508
15167.0,321,1,163.0,67,2011-01-23 12:41:00,2011-01-23 12:41:00,163.0,321,0.09482866043613708
15168.0,26,1,106.56,52,2011-11-14 11:26:00,2011-11-14 11:26:00,106.56,26,1.0
15171.0,332,1,1289.5,290,2011-01-12 15:36:00,2011-01-12 15:36:00,1289.5,332,0.0916867469879518
15172.0,9,5,1624.05,1611,2011-04-17 11:56:00,2011-12-01 11:51:00,324.81,237,0.6421940928270042
15174.0,323,1,135.75,145,2011-01-21 09:06:00,2011-01-21 09:06:00,135.75,323,0.09424148606811146
15175.0,72,1,224.14,454,2011-09-29 11:31:00,2011-09-29 11:31:00,224.14,72,0.42277777777777775
15178.0,261,1,40.5,30,2011-03-24 15:12:00,2011-03-24 15:12:00,40.5,261,0.11662835249042146
15179.0,19,5,2206.95,1938,2011-01-24 13:48:00,2011-11-21 12:53:00,441.39,320,0.475625
15180.0,368,1,87.5,36,2010-12-07 14:57:00,2010-12-07 14:57:00,87.5,368,0.08271739130434783
15181.0,67,3,689.4799999999999,544,2011-03-15 12:03:00,2011-10-04 13:58:00,229.82666666666663,270,0.3382222222222222
15182.0,155,2,622.85,253,2011-03-16 12:42:00,2011-07-08 13:37:00,311.425,269,0.2263197026022305
15184.0,30,2,406.76,223,2011-06-02 12:06:00,2011-11-10 13:41:00,203.38,191,0.3187434554973822
15185.0,71,1,310.62,666,2011-09-30 14:06:00,2011-09-30 14:06:00,310.62,71,0.4287323943661972
15186.0,15,2,411.41,215,2011-06-24 14:54:00,2011-11-25 14:58:00,205.705,169,0.3602366863905325
15187.0,2,16,4777.18,1887,2011-05-11 13:49:00,2011-12-08 11:56:00,298.57375,213,2.2865727699530516
15189.0,2,41,16225.39,6149,2011-01-11 12:29:00,2011-12-08 13:22:00,395.74121951219513,333,3.747867867867868
15192.0,120,3,1044.32,918,2010-12-09 14:56:00,2011-08-12 11:41:00,348.1066666666666,366,0.24950819672131147
15193.0,61,1,499.32,144,2011-10-10 08:23:00,2011-10-10 08:23:00,499.32,61,0.49901639344262294
15194.0,4,15,7616.53,5703,2010-12-06 15:00:00,2011-12-06 15:10:00,507.76866666666666,369,1.23739837398374
15195.0,3,1,3861.0,1404,2011-12-07 12:20:00,2011-12-07 12:20:00,3861.0,3,1.0
15197.0,11,3,1079.6100000000001,469,2010-12-16 18:01:00,2011-11-29 10:00:00,359.87000000000006,359,0.2543732590529248
15198.0,93,2,193.64,120,2011-08-07 15:16:00,2011-09-08 14:42:00,96.82,125,0.48704
15199.0,60,4,1268.7,396,2011-02-04 14:04:00,2011-10-11 15:12:00,317.175,309,0.39404530744336574
15201.0,88,5,1236.54,1210,2011-04-06 14:02:00,2011-09-13 14:53:00,247.308,248,0.6137096774193548
15203.0,26,6,1827.8,1753,2011-02-01 12:29:00,2011-11-14 08:16:00,304.6333333333333,312,0.5853846153846154
15204.0,358,1,316.58,258,2010-12-17 13:49:00,2010-12-17 13:49:00,316.58,358,0.08502793296089385
15205.0,86,2,653.24,378,2011-08-04 16:07:00,2011-09-15 19:36:00,326.62,128,0.47562499999999996
15206.0,11,4,420.29999999999995,162,2011-03-09 08:59:00,2011-11-29 13:41:00,105.07499999999999,276,0.44115942028985505
15208.0,2,5,870.12,316,2010-12-21 13:03:00,2011-12-08 17:24:00,174.024,354,0.42994350282485877
15210.0,226,1,331.18,228,2011-04-28 16:11:00,2011-04-28 16:11:00,331.18,226,0.13469026548672566
15211.0,61,2,894.4100000000001,240,2010-12-09 16:08:00,2011-10-10 13:31:00,447.20500000000004,366,0.16633879781420766
15212.0,242,1,101.8,36,2011-04-12 13:45:00,2011-04-12 13:45:00,101.8,242,0.12578512396694216
15213.0,319,2,328.35,272,2011-01-14 11:05:00,2011-01-25 12:21:00,164.175,330,0.18448484848484847
15214.0,2,8,1661.44,1254,2011-04-11 09:46:00,2011-12-08 12:07:00,207.68,243,1.0021399176954733
15215.0,47,3,734.94,225,2011-09-04 12:24:00,2011-10-24 11:41:00,244.98000000000002,97,0.9414432989690722
15216.0,88,1,96.6,28,2011-09-13 11:41:00,2011-09-13 11:41:00,96.6,88,0.34590909090909094
15218.0,11,11,5756.89,3329,2011-01-25 11:20:00,2011-11-29 11:48:00,523.3536363636364,319,1.0496551724137932
15219.0,177,1,305.75,45,2011-06-16 16:57:00,2011-06-16 16:57:00,305.75,177,0.1719774011299435
15220.0,52,6,1778.96,1393,2011-03-04 10:24:00,2011-10-19 12:39:00,296.49333333333334,281,0.649964412811388
15221.0,367,1,403.25,43,2010-12-08 13:08:00,2010-12-08 13:08:00,403.25,367,0.08294277929155314
15222.0,319,1,585.0,440,2011-01-25 08:03:00,2011-01-25 08:03:00,585.0,319,0.09542319749216302
15223.0,226,2,755.75,213,2011-04-04 12:17:00,2011-04-28 11:31:00,377.875,250,0.24352
15224.0,359,2,322.08,152,2010-12-12 12:34:00,2010-12-16 15:02:00,161.04,363,0.16771349862258955
15225.0,235,1,409.40000000000003,226,2011-04-19 14:51:00,2011-04-19 14:51:00,409.40000000000003,235,0.12953191489361704
15226.0,311,1,154.41,71,2011-02-02 11:41:00,2011-02-02 11:41:00,154.41,311,0.09787781350482316
15227.0,37,5,1219.4,750,2011-01-26 15:31:00,2011-11-03 11:59:00,243.88000000000002,318,0.47861635220125787
15228.0,67,4,3386.71,2255,2011-02-18 09:04:00,2011-10-04 13:56:00,846.6775,295,0.4127457627118644
15230.0,240,2,429.6,351,2011-04-13 11:04:00,2011-04-14 14:39:00,214.8,241,0.25261410788381744
15232.0,114,2,612.06,686,2011-07-22 12:21:00,2011-08-18 16:27:00,306.03,141,0.43177304964539004
15234.0,277,1,197.0,196,2011-03-08 08:53:00,2011-03-08 08:53:00,197.0,277,0.10989169675090253
15235.0,218,12,2247.51,1324,2010-12-01 17:22:00,2011-05-06 09:44:00,187.29250000000002,374,0.9766844919786096
15236.0,299,1,321.05,269,2011-02-14 10:52:00,2011-02-14 10:52:00,321.05,299,0.10180602006688964
15237.0,2,4,1412.32,1071,2011-04-26 15:04:00,2011-12-08 09:46:00,353.08,228,0.5340350877192983
15238.0,30,3,1071.99,692,2011-06-08 16:00:00,2011-11-10 14:28:00,357.33,185,0.49362162162162165
15239.0,11,2,780.59,594,2011-09-22 09:53:00,2011-11-29 14:14:00,390.295,79,0.7706329113924051
15240.0,45,5,1706.57,1369,2011-02-01 08:23:00,2011-10-26 09:50:00,341.31399999999996,312,0.4878205128205128
15241.0,67,8,1756.44,1818,2011-03-01 11:02:00,2011-10-04 09:05:00,219.555,284,0.8574647887323944
15243.0,75,1,316.68,185,2011-09-26 14:12:00,2011-09-26 14:12:00,316.68,75,0.40586666666666665
15244.0,66,2,631.57,405,2011-04-05 15:12:00,2011-10-05 13:19:00,315.785,249,0.2444979919678715
15245.0,135,3,2515.84,1784,2011-03-23 13:42:00,2011-07-28 18:56:00,838.6133333333333,262,0.34854961832061065
15246.0,239,2,514.15,247,2010-12-16 09:46:00,2011-04-15 14:45:00,257.075,359,0.1695821727019499
15247.0,123,1,356.0,160,2011-08-09 12:52:00,2011-08-09 12:52:00,356.0,123,0.24747967479674796
15249.0,32,13,6688.46,3577,2011-03-28 12:49:00,2011-11-08 11:45:00,514.496923076923,257,1.5397665369649807
15251.0,10,11,10484.99,6171,2011-04-12 10:38:00,2011-11-30 15:02:00,953.180909090909,242,1.3836363636363638
15252.0,37,2,740.78,522,2011-06-09 14:15:00,2011-11-03 13:30:00,370.39,184,0.3308695652173913
15253.0,17,5,918.1999999999999,866,2011-06-23 12:19:00,2011-11-23 16:22:00,183.64,170,0.8952941176470588
15254.0,128,1,300.36,275,2011-08-04 15:04:00,2011-08-04 15:04:00,300.36,128,0.23781249999999998
15255.0,67,1,890.85,489,2011-10-04 12:43:00,2011-10-04 12:43:00,890.85,67,0.45432835820895523
15256.0,149,1,98.45,55,2011-07-14 11:47:00,2011-07-14 11:47:00,98.45,149,0.20429530201342283
15257.0,284,1,317.15,46,2011-03-01 12:58:00,2011-03-01 12:58:00,317.15,284,0.1071830985915493
15258.0,169,2,623.16,142,2011-05-06 14:16:00,2011-06-24 12:30:00,311.58,218,0.2792660550458716
15260.0,101,7,1810.77,885,2010-12-02 12:09:00,2011-08-31 13:55:00,258.68142857142857,373,0.571260053619303
15261.0,136,1,254.82,270,2011-07-27 15:20:00,2011-07-27 15:20:00,254.82,136,0.2238235294117647
15262.0,324,1,178.95000000000002,73,2011-01-20 12:16:00,2011-01-20 12:16:00,178.95000000000002,324,0.09395061728395061
15263.0,107,1,156.51,89,2011-08-25 10:26:00,2011-08-25 10:26:00,156.51,107,0.28448598130841124
15264.0,65,1,393.74,265,2011-10-06 13:49:00,2011-10-06 13:49:00,393.74,65,0.4683076923076923
15265.0,152,2,1506.1200000000001,612,2011-04-18 12:16:00,2011-07-11 14:46:00,753.0600000000001,236,0.2579661016949153
15266.0,339,1,119.3,18,2011-01-05 13:40:00,2011-01-05 13:40:00,119.3,339,0.08979351032448378
15267.0,23,5,1717.36,944,2011-06-10 10:24:00,2011-11-17 15:59:00,343.472,183,0.8316939890710383
15269.0,24,1,408.8,26,2011-11-16 09:32:00,2011-11-16 09:32:00,408.8,24,1.0
15270.0,16,7,2379.49,1521,2011-02-02 13:25:00,2011-11-24 09:24:00,339.9271428571428,311,0.6851446945337621
15271.0,8,15,2507.07,1262,2010-12-09 13:47:00,2011-12-02 14:11:00,167.138,366,1.2475409836065574
15272.0,58,2,721.94,310,2011-09-14 16:36:00,2011-10-13 12:59:00,360.97,87,0.6997701149425287
15274.0,5,2,716.57,619,2011-11-21 14:17:00,2011-12-05 16:57:00,358.285,19,2.0
15275.0,38,1,615.14,498,2011-11-02 11:20:00,2011-11-02 11:20:00,615.14,38,0.8010526315789473
15276.0,67,1,135.31,64,2011-10-04 16:39:00,2011-10-04 16:39:00,135.31,67,0.45432835820895523
15277.0,47,1,255.89999999999998,205,2011-10-24 10:08:00,2011-10-24 10:08:00,255.89999999999998,47,0.6476595744680851
15279.0,355,1,290.51,189,2010-12-20 10:48:00,2010-12-20 10:48:00,290.51,355,0.08574647887323944
15280.0,173,1,113.12,154,2011-06-20 17:14:00,2011-06-20 17:14:00,113.12,173,0.17595375722543352
15281.0,59,9,2332.15,1211,2011-01-10 15:51:00,2011-10-12 09:10:00,259.1277777777778,334,0.8202395209580838
15286.0,50,1,240.55,55,2011-10-21 11:08:00,2011-10-21 11:08:00,240.55,50,0.6088
15287.0,23,2,486.69,433,2011-09-30 12:30:00,2011-11-17 15:34:00,243.345,71,0.8574647887323944
15288.0,44,5,2306.52,775,2010-12-09 13:59:00,2011-10-27 16:58:00,461.304,366,0.41584699453551915
15289.0,30,3,939.78,1008,2011-04-04 12:44:00,2011-11-10 13:49:00,313.26,250,0.36528
15290.0,5,18,7943.22,4501,2010-12-15 16:03:00,2011-12-05 11:39:00,441.29,360,1.522
15291.0,26,15,4668.3,2103,2010-12-01 09:32:00,2011-11-14 11:02:00,311.22,374,1.2208556149732621
15292.0,202,1,180.94,56,2011-05-22 15:00:00,2011-05-22 15:00:00,180.94,202,0.1506930693069307
15296.0,51,6,3672.86,1766,2011-01-17 11:57:00,2011-10-20 11:47:00,612.1433333333333,327,0.5585321100917432
15297.0,11,3,641.94,292,2011-10-07 09:42:00,2011-11-29 16:32:00,213.98000000000002,64,1.426875
15298.0,3,12,4799.9,3116,2010-12-08 13:55:00,2011-12-07 17:17:00,399.9916666666666,367,0.9953133514986378
15299.0,68,7,4507.01,2948,2010-12-02 16:48:00,2011-10-03 14:19:00,643.8585714285715,373,0.571260053619303
15300.0,65,1,496.44,292,2011-10-06 17:08:00,2011-10-06 17:08:00,496.44,65,0.4683076923076923
15301.0,51,12,5070.35,2775,2010-12-06 12:21:00,2011-10-20 09:57:00,422.5291666666667,369,0.9899186991869919
15303.0,291,1,574.02,248,2011-02-22 13:59:00,2011-02-22 13:59:00,574.02,291,0.10460481099656359
15304.0,61,8,694.4000000000001,104,2010-12-06 11:42:00,2011-10-10 10:23:00,86.80000000000001,369,0.6599457994579947
15306.0,65,3,1174.35,810,2011-07-14 15:22:00,2011-10-06 12:56:00,391.45,149,0.6128859060402685
15307.0,96,1,205.3,37,2011-09-05 11:38:00,2011-09-05 11:38:00,205.3,96,0.31708333333333333
15308.0,275,1,310.47,175,2011-03-10 13:08:00,2011-03-10 13:08:00,310.47,275,0.1106909090909091
15311.0,1,91,60767.9,38194,2010-12-01 09:41:00,2011-12-09 12:00:00,667.7791208791209,374,7.406524064171124
15312.0,76,4,924.85,516,2010-12-20 12:51:00,2011-09-25 13:10:00,231.2125,355,0.34298591549295776
15313.0,111,1,52.0,25,2011-08-21 16:02:00,2011-08-21 16:02:00,52.0,111,0.27423423423423426
15314.0,200,1,327.97,313,2011-05-24 14:39:00,2011-05-24 14:39:00,327.97,200,0.1522
15315.0,65,2,570.5,862,2011-08-15 15:17:00,2011-10-06 12:51:00,285.25,117,0.5203418803418803
15316.0,327,1,165.0,100,2011-01-17 11:34:00,2011-01-17 11:34:00,165.0,327,0.09308868501529052
15318.0,4,1,312.62,642,2011-12-06 11:30:00,2011-12-06 11:30:00,312.62,4,1.0
15319.0,284,1,204.5,175,2011-03-01 12:48:00,2011-03-01 12:48:00,204.5,284,0.1071830985915493
15320.0,45,1,267.13,326,2011-10-26 13:27:00,2011-10-26 13:27:00,267.13,45,0.6764444444444445
15321.0,71,3,2748.31,1181,2011-02-21 11:10:00,2011-09-30 09:40:00,916.1033333333334,292,0.31273972602739725
15322.0,86,1,679.68,416,2011-09-15 09:34:00,2011-09-15 09:34:00,679.68,86,0.353953488372093
15325.0,104,1,162.29,232,2011-08-28 11:55:00,2011-08-28 11:55:00,162.29,104,0.2926923076923077
15326.0,334,1,311.71,386,2011-01-10 11:38:00,2011-01-10 11:38:00,311.71,334,0.0911377245508982
15327.0,53,1,208.75,116,2011-10-18 11:55:00,2011-10-18 11:55:00,208.75,53,0.5743396226415095
15329.0,40,3,1049.7,486,2011-06-21 10:37:00,2011-10-31 15:36:00,349.90000000000003,172,0.5309302325581395
15330.0,33,2,714.96,1312,2011-10-10 12:30:00,2011-11-07 17:50:00,357.48,61,0.9980327868852459
15332.0,367,4,1661.06,652,2010-12-05 12:00:00,2010-12-08 14:43:00,415.265,370,0.3290810810810811
15333.0,209,1,1028.56,344,2011-05-15 13:27:00,2011-05-15 13:27:00,1028.56,209,0.14564593301435408
15334.0,157,3,351.67,274,2011-06-19 13:51:00,2011-07-06 11:22:00,117.22333333333334,174,0.5248275862068965
15335.0,54,1,173.97,80,2011-10-17 12:50:00,2011-10-17 12:50:00,173.97,54,0.5637037037037037
15339.0,67,2,574.07,416,2011-01-25 13:15:00,2011-10-04 12:51:00,287.035,319,0.19084639498432604
15341.0,81,1,2020.52,812,2011-09-20 09:40:00,2011-09-20 09:40:00,2020.52,81,0.37580246913580245
15342.0,130,1,406.09,283,2011-08-02 10:19:00,2011-08-02 10:19:00,406.09,130,0.23415384615384616
15343.0,88,1,364.5,84,2011-09-13 13:55:00,2011-09-13 13:55:00,364.5,88,0.34590909090909094
15344.0,1,3,563.94,116,2011-09-26 14:48:00,2011-12-09 10:45:00,187.98000000000002,75,1.2176
15345.0,46,1,393.54,81,2011-10-25 11:28:00,2011-10-25 11:28:00,393.54,46,0.6617391304347826
15346.0,333,1,252.42000000000002,144,2011-01-11 11:18:00,2011-01-11 11:18:00,252.42000000000002,333,0.09141141141141142
15347.0,367,1,201.60000000000002,130,2010-12-08 15:25:00,2010-12-08 15:25:00,201.60000000000002,367,0.08294277929155314
15348.0,73,1,158.04,84,2011-09-28 13:17:00,2011-09-28 13:17:00,158.04,73,0.41698630136986303
15349.0,159,2,473.81,327,2011-06-05 15:46:00,2011-07-04 16:06:00,236.905,188,0.32382978723404254
15350.0,374,1,115.65,51,2010-12-01 13:33:00,2010-12-01 13:33:00,115.65,374,0.0813903743315508
15351.0,13,7,1960.1100000000001,753,2010-12-05 11:49:00,2011-11-27 12:52:00,280.0157142857143,370,0.5758918918918919
15353.0,255,2,777.02,343,2010-12-07 11:49:00,2011-03-30 12:15:00,388.51,368,0.16543478260869565
15355.0,30,2,277.05,45,2011-10-17 15:22:00,2011-11-10 13:44:00,138.525,54,1.1274074074074074
15356.0,32,10,2766.5,1673,2010-12-06 14:05:00,2011-11-08 13:11:00,276.65,369,0.8249322493224933
15358.0,5,22,8347.2,7050,2010-12-09 10:04:00,2011-12-05 09:04:00,379.41818181818184,366,1.8297267759562843
15360.0,40,1,427.93,223,2011-10-31 09:35:00,2011-10-31 09:35:00,427.93,40,0.761
15361.0,362,1,418.92,336,2010-12-13 09:52:00,2010-12-13 09:52:00,418.92,362,0.08408839779005525
15363.0,373,1,326.0,144,2010-12-02 12:28:00,2010-12-02 12:28:00,326.0,373,0.08160857908847186
15364.0,96,2,913.19,493,2011-03-30 13:39:00,2011-09-05 09:46:00,456.595,255,0.2387450980392157
15365.0,26,7,2314.32,1084,2011-01-28 13:08:00,2011-11-14 08:29:00,330.6171428571429,316,0.6743037974683544
15366.0,76,2,602.51,621,2010-12-16 15:59:00,2011-09-25 15:01:00,301.255,359,0.1695821727019499
15367.0,58,4,1877.59,1057,2011-03-09 13:53:00,2011-10-13 14:13:00,469.3975,276,0.44115942028985505
15368.0,22,1,446.94000000000005,230,2011-11-18 14:42:00,2011-11-18 14:42:00,446.94000000000005,22,1.0
15370.0,41,7,2386.05,830,2011-01-11 11:32:00,2011-10-30 10:58:00,340.86428571428576,333,0.6398798798798799
15372.0,138,1,2007.3999999999999,2924,2011-07-25 16:39:00,2011-07-25 16:39:00,2007.3999999999999,138,0.22057971014492753
15373.0,9,12,2415.91,500,2010-12-03 14:40:00,2011-12-01 15:05:00,201.32583333333332,372,0.9819354838709677
15374.0,129,1,168.0,126,2011-08-03 09:59:00,2011-08-03 09:59:00,168.0,129,0.235968992248062
15376.0,41,3,1233.3600000000001,619,2011-05-01 13:45:00,2011-10-30 15:04:00,411.12000000000006,223,0.4095067264573991
15379.0,170,7,3703.29,2305,2010-12-16 13:02:00,2011-06-23 13:13:00,529.0414285714286,359,0.5935376044568246
15380.0,9,5,1690.2600000000002,376,2010-12-09 15:01:00,2011-12-01 12:13:00,338.052,366,0.41584699453551915
15381.0,214,2,596.85,171,2011-03-16 13:44:00,2011-05-10 11:55:00,298.425,269,0.2263197026022305
15382.0,15,6,5955.71,4012,2011-02-17 12:01:00,2011-11-25 10:58:00,992.6183333333333,296,0.617027027027027
15384.0,170,2,642.41,596,2010-12-15 11:34:00,2011-06-23 10:57:00,321.205,360,0.16911111111111113
15385.0,41,1,316.88,161,2011-10-30 15:11:00,2011-10-30 15:11:00,316.88,41,0.7424390243902439
15386.0,187,1,394.14,446,2011-06-06 13:47:00,2011-06-06 13:47:00,394.14,187,0.1627807486631016
15388.0,271,1,140.54,88,2011-03-14 13:53:00,2011-03-14 13:53:00,140.54,271,0.11232472324723249
15389.0,173,1,500.0,400,2011-06-20 16:18:00,2011-06-20 16:18:00,500.0,173,0.17595375722543352
15392.0,5,4,1535.53,1277,2010-12-14 15:50:00,2011-12-05 11:01:00,383.8825,361,0.33728531855955685
15393.0,17,2,231.86,150,2011-03-03 16:58:00,2011-11-23 16:48:00,115.93,282,0.21588652482269502
15394.0,10,4,2183.54,910,2010-12-16 12:46:00,2011-11-30 11:49:00,545.885,359,0.3391643454038998
15395.0,326,1,107.45,17,2011-01-18 12:40:00,2011-01-18 12:40:00,107.45,326,0.09337423312883436
15396.0,113,1,288.18,122,2011-08-19 10:56:00,2011-08-19 10:56:00,288.18,113,0.2693805309734513
15397.0,290,1,94.0,20,2011-02-23 09:25:00,2011-02-23 09:25:00,94.0,290,0.10496551724137931
15398.0,17,2,1345.53,769,2011-09-22 14:56:00,2011-11-23 16:47:00,672.765,79,0.7706329113924051
15399.0,2,3,815.77,611,2011-09-21 15:57:00,2011-12-08 13:04:00,271.92333333333335,80,1.1415
15400.0,93,5,716.2,390,2011-03-06 11:27:00,2011-09-08 13:57:00,143.24,279,0.5455197132616488
15402.0,149,2,626.77,694,2011-05-27 13:32:00,2011-07-14 12:17:00,313.385,197,0.30903553299492387
15405.0,190,1,349.1,193,2011-06-03 14:44:00,2011-06-03 14:44:00,349.1,190,0.16021052631578947
15406.0,32,2,510.71000000000004,254,2011-02-11 16:19:00,2011-11-08 13:22:00,255.35500000000002,302,0.20158940397350994
15407.0,34,4,1056.44,558,2011-02-07 13:18:00,2011-11-06 11:55:00,264.11,306,0.39790849673202616
15408.0,265,1,267.18,106,2011-03-20 15:02:00,2011-03-20 15:02:00,267.18,265,0.1148679245283019
15410.0,85,8,3450.84,1200,2011-03-23 10:15:00,2011-09-16 14:47:00,431.355,262,0.9294656488549619
15411.0,27,4,1358.88,530,2011-06-10 12:30:00,2011-11-13 15:19:00,339.72,183,0.6653551912568306
15412.0,172,1,190.53,108,2011-06-21 15:24:00,2011-06-21 15:24:00,190.53,172,0.1769767441860465
15414.0,10,3,774.9000000000001,443,2011-04-11 13:45:00,2011-11-30 09:50:00,258.3,243,0.3758024691358025
15415.0,314,1,572.8100000000001,575,2011-01-30 14:13:00,2011-01-30 14:13:00,572.8100000000001,314,0.09694267515923567
15416.0,65,4,3984.32,2090,2011-03-02 08:41:00,2011-10-06 09:38:00,996.08,283,0.4302473498233216
15417.0,86,1,508.8,284,2011-09-15 15:26:00,2011-09-15 15:26:00,508.8,86,0.353953488372093
15419.0,25,1,135.86,230,2011-11-15 09:23:00,2011-11-15 09:23:00,135.86,25,1.0
15421.0,59,4,950.36,500,2011-02-02 14:36:00,2011-10-12 09:20:00,237.59,311,0.39151125401929265
15422.0,324,2,97.7,38,2011-01-20 14:17:00,2011-01-20 16:17:00,48.85,324,0.18790123456790123
15423.0,39,1,43.5,101,2011-11-01 14:01:00,2011-11-01 14:01:00,43.5,39,0.7805128205128206
15424.0,255,2,383.34,554,2011-03-30 13:00:00,2011-03-30 13:02:00,191.67,255,0.2387450980392157
15426.0,20,5,1447.39,674,2010-12-05 13:55:00,2011-11-20 15:36:00,289.478,370,0.41135135135135137
15427.0,34,3,1483.14,1013,2011-10-23 14:47:00,2011-11-06 14:29:00,494.38000000000005,48,1.9025
15428.0,16,1,93.78,102,2011-11-24 16:54:00,2011-11-24 16:54:00,93.78,16,1.0
15429.0,27,2,397.35,380,2011-09-25 13:42:00,2011-11-13 12:28:00,198.675,76,0.8010526315789473
15432.0,24,1,171.19,65,2011-11-16 16:30:00,2011-11-16 16:30:00,171.19,24,1.0
15433.0,214,2,533.3,534,2011-03-17 14:12:00,2011-05-10 10:45:00,266.65,268,0.22716417910447761
15434.0,9,5,1041.48,647,2011-05-23 14:18:00,2011-12-01 13:33:00,208.296,201,0.7572139303482588
15435.0,23,1,149.29,54,2011-11-17 16:39:00,2011-11-17 16:39:00,149.29,23,1.0
15436.0,13,3,1122.53,613,2011-04-19 16:52:00,2011-11-27 16:05:00,374.1766666666667,235,0.38859574468085106
15437.0,263,1,200.16,79,2011-03-22 13:11:00,2011-03-22 13:11:00,200.16,263,0.11574144486692016
15438.0,132,1,156.57999999999998,59,2011-07-31 14:19:00,2011-07-31 14:19:00,156.57999999999998,132,0.2306060606060606
15440.0,55,3,383.68,197,2011-05-15 11:30:00,2011-10-16 12:16:00,127.89333333333333,209,0.43693779904306224
15442.0,249,1,594.0,120,2011-04-05 12:24:00,2011-04-05 12:24:00,594.0,249,0.12224899598393575
15443.0,2,7,3236.91,1663,2011-01-23 13:25:00,2011-12-08 10:40:00,462.4157142857143,321,0.6638006230529596
15444.0,10,2,1418.26,764,2011-10-30 16:12:00,2011-11-30 17:37:00,709.13,41,1.4848780487804878
15445.0,265,1,113.5,58,2011-03-20 15:06:00,2011-03-20 15:06:00,113.5,265,0.1148679245283019
15447.0,331,1,155.17,85,2011-01-13 11:26:00,2011-01-13 11:26:00,155.17,331,0.09196374622356496
15448.0,313,1,494.64,232,2011-01-31 10:42:00,2011-01-31 10:42:00,494.64,313,0.0972523961661342
15449.0,27,3,974.52,812,2011-03-23 10:43:00,2011-11-13 15:02:00,324.84,262,0.34854961832061065
15450.0,31,1,429.84,376,2011-11-09 17:11:00,2011-11-09 17:11:00,429.84,31,0.9819354838709677
15452.0,30,3,538.73,283,2011-03-20 15:21:00,2011-11-10 12:13:00,179.57666666666668,265,0.3446037735849057
15453.0,2,7,1388.37,845,2011-06-05 12:37:00,2011-12-08 10:59:00,198.3385714285714,188,1.133404255319149
15454.0,363,1,179.1,86,2010-12-12 14:21:00,2010-12-12 14:21:00,179.1,363,0.08385674931129478
15456.0,284,3,447.22,660,2010-12-15 15:34:00,2011-03-01 13:51:00,149.07333333333335,360,0.25366666666666665
15457.0,263,1,237.07,132,2011-03-22 15:31:00,2011-03-22 15:31:00,237.07,263,0.11574144486692016
15458.0,26,1,161.64,156,2011-11-14 13:08:00,2011-11-14 13:08:00,161.64,26,1.0
15460.0,355,1,216.76,109,2010-12-20 16:08:00,2010-12-20 16:08:00,216.76,355,0.08574647887323944
15462.0,95,3,234.6,172,2011-06-05 15:36:00,2011-09-06 13:11:00,78.2,188,0.48574468085106387
15463.0,30,1,126.14,106,2011-11-10 12:57:00,2011-11-10 12:57:00,126.14,30,1.0
15464.0,339,1,1048.85,350,2011-01-05 15:56:00,2011-01-05 15:56:00,1048.85,339,0.08979351032448378
15465.0,20,18,7354.62,1257,2010-12-05 10:12:00,2011-11-20 10:11:00,408.59,370,1.480864864864865
15466.0,86,1,334.53,246,2011-09-15 14:08:00,2011-09-15 14:08:00,334.53,86,0.353953488372093
15467.0,10,3,524.88,310,2011-07-10 14:42:00,2011-11-30 14:17:00,174.96,153,0.5968627450980393
15468.0,52,2,467.51,155,2011-10-19 13:38:00,2011-10-19 13:49:00,233.755,52,1.1707692307692308
15469.0,51,2,538.55,153,2011-08-11 16:54:00,2011-10-20 16:21:00,269.275,121,0.5031404958677687
15471.0,3,1,469.48,266,2011-12-07 14:12:00,2011-12-07 14:12:00,469.48,3,1.0
15472.0,114,1,371.56,251,2011-08-18 15:17:00,2011-08-18 15:17:00,371.56,114,0.26701754385964915
15473.0,15,7,1771.2,672,2011-10-10 11:12:00,2011-11-25 15:15:00,253.02857142857144,61,3.4931147540983605
15475.0,78,1,454.10999999999996,319,2011-09-23 15:20:00,2011-09-23 15:20:00,454.10999999999996,78,0.3902564102564103
15478.0,41,2,1441.42,585,2011-10-14 11:09:00,2011-10-30 14:19:00,720.71,57,1.0680701754385966
15480.0,117,1,905.5,303,2011-08-15 14:32:00,2011-08-15 14:32:00,905.5,117,0.26017094017094017
15482.0,16,12,11054.96,5020,2010-12-16 10:08:00,2011-11-24 10:46:00,921.2466666666666,359,1.0174930362116992
15483.0,162,4,233.81,295,2011-03-18 12:26:00,2011-07-01 13:07:00,58.4525,267,0.4560299625468165
15484.0,2,4,3594.31,3152,2011-09-22 13:31:00,2011-12-08 15:03:00,898.5775,79,1.5412658227848102
15485.0,31,3,2575.0,1306,2010-12-01 13:23:00,2011-11-09 14:31:00,858.3333333333334,374,0.2441711229946524
15488.0,93,1,91.32000000000001,73,2011-09-08 10:11:00,2011-09-08 10:11:00,91.32000000000001,93,0.32731182795698927
15489.0,23,3,1134.28,608,2011-05-12 12:54:00,2011-11-17 08:53:00,378.0933333333333,212,0.4307547169811321
15491.0,96,6,3100.09,1646,2011-04-18 10:04:00,2011-09-05 15:56:00,516.6816666666667,236,0.7738983050847458
15492.0,29,2,659.4599999999999,483,2011-09-26 14:02:00,2011-11-11 14:53:00,329.72999999999996,75,0.8117333333333333
15493.0,33,5,2001.8,560,2011-03-14 11:44:00,2011-11-07 12:04:00,400.36,271,0.5616236162361624
15494.0,22,2,1299.23,1148,2011-08-10 15:29:00,2011-11-18 14:51:00,649.615,122,0.49901639344262294
15497.0,18,2,1262.2,624,2011-01-24 10:01:00,2011-11-22 11:51:00,631.1,320,0.19025
15498.0,3,27,13316.4,6105,2010-12-08 12:29:00,2011-12-07 12:48:00,493.2,367,2.2394550408719347
15500.0,9,4,1131.56,572,2011-09-19 13:47:00,2011-12-01 13:47:00,282.89,82,1.4848780487804878
15502.0,16,12,10384.93,4236,2010-12-05 15:40:00,2011-11-24 12:48:00,865.4108333333334,370,0.9872432432432433
15503.0,363,1,147.09,74,2010-12-12 10:57:00,2010-12-12 10:57:00,147.09,363,0.08385674931129478
15504.0,82,1,52.83,33,2011-09-19 13:45:00,2011-09-19 13:45:00,52.83,82,0.37121951219512195
15505.0,53,5,3610.96,2390,2011-07-07 13:33:00,2011-10-18 07:56:00,722.192,156,0.9756410256410256
15506.0,23,3,979.26,848,2011-07-24 11:45:00,2011-11-17 12:11:00,326.42,139,0.656978417266187
15507.0,172,1,492.36,162,2011-06-21 11:19:00,2011-06-21 11:19:00,492.36,172,0.1769767441860465
15508.0,190,6,1000.27,440,2011-04-18 15:31:00,2011-06-03 15:43:00,166.71166666666667,236,0.7738983050847458
15510.0,331,1,250.0,2,2011-01-13 12:10:00,2011-01-13 12:10:00,250.0,331,0.09196374622356496
15511.0,12,5,909.23,271,2011-09-15 15:05:00,2011-11-28 09:43:00,181.846,86,1.7697674418604652
15512.0,156,2,121.0,68,2010-12-15 12:01:00,2011-07-07 10:20:00,60.5,360,0.16911111111111113
15513.0,34,19,14758.220000000001,5709,2010-12-01 11:22:00,2011-11-06 14:36:00,776.7484210526317,374,1.5464171122994652
15514.0,13,11,4139.46,2160,2010-12-10 13:50:00,2011-11-27 14:40:00,376.31454545454545,365,0.9173698630136987
15516.0,45,3,62.43,27,2011-10-24 11:33:00,2011-10-26 10:51:00,20.81,47,1.9429787234042555
15517.0,234,1,267.03,293,2011-04-20 14:02:00,2011-04-20 14:02:00,267.03,234,0.13008547008547008
15518.0,65,8,1942.45,1273,2011-01-11 12:55:00,2011-10-06 13:05:00,242.80625,333,0.7312912912912913
15520.0,2,1,343.5,314,2011-12-08 10:58:00,2011-12-08 10:58:00,343.5,2,1.0
15521.0,41,8,3000.2,1836,2011-03-30 09:15:00,2011-10-30 13:42:00,375.025,255,0.9549803921568628
15522.0,33,2,398.84,573,2011-09-13 12:26:00,2011-11-07 11:26:00,199.42,88,0.6918181818181819
15523.0,85,1,412.01000000000005,132,2011-09-16 16:29:00,2011-09-16 16:29:00,412.01000000000005,85,0.35811764705882354
15524.0,25,1,440.0,4,2011-11-15 12:09:00,2011-11-15 12:09:00,440.0,25,1.0
15525.0,3,3,825.92,416,2010-12-01 13:17:00,2011-12-07 14:43:00,275.3066666666667,374,0.2441711229946524
15526.0,34,2,148.44,24,2011-11-06 15:01:00,2011-11-06 15:04:00,74.22,34,1.7905882352941176
15527.0,19,8,2429.78,992,2010-12-20 14:15:00,2011-11-21 12:17:00,303.7225,355,0.6859718309859155
15528.0,255,1,229.33,123,2011-03-30 16:14:00,2011-03-30 16:14:00,229.33,255,0.11937254901960785
15529.0,23,11,3995.23,3496,2010-12-08 12:24:00,2011-11-17 11:29:00,363.20272727272726,367,0.9123705722070846
15530.0,22,4,1502.35,950,2011-04-07 11:16:00,2011-11-18 12:25:00,375.5875,247,0.49295546558704456
15531.0,9,2,2007.44,1105,2011-11-09 17:47:00,2011-12-01 18:43:00,1003.72,31,1.9638709677419355
15532.0,26,4,1580.93,521,2010-12-16 16:45:00,2011-11-14 14:51:00,395.2325,359,0.3391643454038998
15533.0,20,3,807.57,289,2011-09-11 15:41:00,2011-11-20 15:35:00,269.19,90,1.0146666666666666
15535.0,174,4,536.4,143,2011-01-16 12:35:00,2011-06-19 16:02:00,134.1,328,0.37121951219512195
15537.0,164,1,110.92,29,2011-06-29 13:10:00,2011-06-29 13:10:00,110.92,164,0.18560975609756097
15539.0,8,1,538.46,410,2011-12-02 13:36:00,2011-12-02 13:36:00,538.46,8,1.0
15540.0,12,1,213.3,200,2011-11-28 13:51:00,2011-11-28 13:51:00,213.3,12,1.0
15541.0,115,1,85.13000000000001,49,2011-08-17 14:58:00,2011-08-17 14:58:00,85.13000000000001,115,0.26469565217391305
15543.0,289,1,127.86,86,2011-02-24 15:26:00,2011-02-24 15:26:00,127.86,289,0.1053287197231834
15544.0,10,9,3546.71,3109,2010-12-02 12:47:00,2011-11-30 16:43:00,394.0788888888889,373,0.7344772117962467
15545.0,55,2,292.71999999999997,163,2010-12-03 17:28:00,2011-10-16 13:24:00,146.35999999999999,372,0.16365591397849463
15547.0,8,14,4954.84,4032,2010-12-12 13:26:00,2011-12-02 12:52:00,353.9171428571429,363,1.1739944903581268
15549.0,78,3,1693.26,698,2011-01-27 15:38:00,2011-09-23 16:22:00,564.42,317,0.28807570977917984
15550.0,5,4,575.63,295,2011-02-11 12:49:00,2011-12-05 15:38:00,143.9075,302,0.4031788079470199
15551.0,37,1,436.06,218,2011-11-03 12:37:00,2011-11-03 12:37:00,436.06,37,0.8227027027027027
15552.0,218,1,90.12,60,2011-05-06 14:47:00,2011-05-06 14:47:00,90.12,218,0.1396330275229358
15553.0,61,1,437.23,451,2011-10-10 14:02:00,2011-10-10 14:02:00,437.23,61,0.49901639344262294
15554.0,278,1,217.2,74,2011-03-07 09:00:00,2011-03-07 09:00:00,217.2,278,0.10949640287769784
15555.0,13,16,4805.17,4439,2010-12-05 14:45:00,2011-11-27 16:19:00,300.323125,370,1.3163243243243243
15556.0,25,1,279.77,236,2011-11-15 16:08:00,2011-11-15 16:08:00,279.77,25,1.0
15557.0,29,1,473.65000000000003,219,2011-11-11 12:46:00,2011-11-11 12:46:00,473.65000000000003,29,1.0
15561.0,12,4,800.59,267,2011-05-08 11:38:00,2011-11-28 11:07:00,200.1475,216,0.5637037037037037
15562.0,352,1,134.55,39,2010-12-23 09:55:00,2010-12-23 09:55:00,134.55,352,0.08647727272727274
15563.0,23,4,1400.44,1501,2010-12-16 11:27:00,2011-11-17 14:50:00,350.11,359,0.3391643454038998
15565.0,51,2,173.16,60,2011-09-30 10:44:00,2011-10-20 14:33:00,86.58,71,0.8574647887323944
15567.0,19,1,186.01,223,2011-11-21 10:48:00,2011-11-21 10:48:00,186.01,19,1.0
15568.0,3,3,758.29,461,2011-09-27 14:37:00,2011-12-07 11:27:00,252.76333333333332,74,1.234054054054054
15569.0,104,5,1375.71,666,2011-01-11 13:26:00,2011-08-28 10:15:00,275.142,333,0.4570570570570571
15570.0,8,12,4165.52,2067,2010-12-05 12:57:00,2011-12-02 14:47:00,347.1266666666667,370,0.9872432432432433
15571.0,12,4,650.4300000000001,264,2011-09-22 13:15:00,2011-11-28 10:02:00,162.60750000000002,79,1.5412658227848102
15572.0,5,7,2552.86,1229,2011-03-06 14:44:00,2011-12-05 10:09:00,364.69428571428574,279,0.7637275985663083
15573.0,32,2,607.45,363,2011-09-15 12:16:00,2011-11-08 11:38:00,303.725,86,0.707906976744186
15574.0,178,4,702.25,349,2010-12-02 15:46:00,2011-06-15 12:01:00,175.5625,373,0.3264343163538874
15576.0,38,1,940.6700000000001,404,2011-11-02 12:03:00,2011-11-02 12:03:00,940.6700000000001,38,0.8010526315789473
15577.0,152,3,258.88,89,2011-02-07 13:32:00,2011-07-11 17:03:00,86.29333333333334,306,0.29843137254901964
15578.0,163,1,127.1,52,2011-06-30 13:03:00,2011-06-30 13:03:00,127.1,163,0.18674846625766872
15579.0,69,2,348.6,120,2011-01-30 12:09:00,2011-10-02 12:45:00,174.3,314,0.19388535031847134
15581.0,121,13,3679.9700000000003,286,2010-12-08 14:38:00,2011-08-11 09:38:00,283.0746153846154,367,1.0782561307901908
15582.0,25,3,682.9100000000001,453,2011-05-03 13:36:00,2011-11-15 09:55:00,227.63666666666668,221,0.4132126696832579
15584.0,24,4,725.11,314,2011-06-30 16:39:00,2011-11-16 10:55:00,181.2775,163,0.7469938650306749
15585.0,177,1,455.3,320,2011-06-16 08:38:00,2011-06-16 08:38:00,455.3,177,0.1719774011299435
15587.0,51,4,913.6800000000001,312,2010-12-23 09:59:00,2011-10-20 13:37:00,228.42000000000002,352,0.34590909090909094
15589.0,256,3,478.53000000000003,243,2011-02-02 10:46:00,2011-03-29 09:54:00,159.51000000000002,311,0.2936334405144695
15592.0,47,1,388.58,354,2011-10-24 08:59:00,2011-10-24 08:59:00,388.58,47,0.6476595744680851
15593.0,71,1,199.8,60,2011-09-30 11:46:00,2011-09-30 11:46:00,199.8,71,0.4287323943661972
15594.0,16,5,1771.78,983,2011-04-19 10:08:00,2011-11-24 08:53:00,354.356,235,0.6476595744680852
15596.0,101,5,1406.59,561,2010-12-09 16:10:00,2011-08-31 10:55:00,281.318,366,0.41584699453551915
15597.0,36,1,324.57,279,2011-11-04 13:26:00,2011-11-04 13:26:00,324.57,36,0.8455555555555555
15598.0,54,1,240.68,160,2011-10-17 16:04:00,2011-10-17 16:04:00,240.68,54,0.5637037037037037
15599.0,27,2,761.74,718,2011-05-19 13:05:00,2011-11-13 11:44:00,380.87,205,0.29697560975609755
15601.0,12,14,6776.56,4983,2010-12-02 10:39:00,2011-11-28 15:15:00,484.04,373,1.142520107238606
15602.0,9,9,1297.8700000000001,1137,2010-12-06 15:35:00,2011-12-01 14:14:00,144.20777777777778,369,0.742439024390244
15603.0,79,1,48.480000000000004,96,2011-09-22 10:04:00,2011-09-22 10:04:00,48.480000000000004,79,0.38531645569620254
15604.0,53,1,216.39,159,2011-10-18 14:47:00,2011-10-18 14:47:00,216.39,53,0.5743396226415095
15605.0,37,5,1198.23,441,2010-12-01 13:38:00,2011-11-03 14:17:00,239.64600000000002,374,0.40695187165775404
15606.0,62,9,2920.16,892,2011-01-19 12:07:00,2011-10-09 15:47:00,324.4622222222222,325,0.8429538461538463
15607.0,337,1,104.76,202,2011-01-07 12:44:00,2011-01-07 12:44:00,104.76,337,0.09032640949554897
15608.0,29,4,1093.68,714,2011-08-11 09:56:00,2011-11-11 13:20:00,273.42,121,1.0062809917355373
15609.0,185,1,298.48,148,2011-06-08 13:00:00,2011-06-08 13:00:00,298.48,185,0.16454054054054054
15610.0,52,1,112.46000000000001,66,2011-10-19 10:36:00,2011-10-19 10:36:00,112.46000000000001,52,0.5853846153846154
15611.0,10,13,1591.45,504,2011-01-09 11:32:00,2011-11-30 12:36:00,122.41923076923078,335,1.1812537313432836
15612.0,37,2,195.15,52,2011-10-09 12:49:00,2011-11-03 14:52:00,97.575,62,0.9819354838709677
15615.0,11,23,10399.74,5508,2010-12-15 16:21:00,2011-11-29 14:42:00,452.1626086956522,360,1.944777777777778
15618.0,33,4,776.851,454,2011-07-26 10:13:00,2011-11-07 08:34:00,194.21275,137,0.8887591240875912
15619.0,11,1,336.40000000000003,136,2011-11-29 08:14:00,2011-11-29 08:14:00,336.40000000000003,11,1.0
15620.0,57,3,1553.18,915,2010-12-16 14:34:00,2011-10-14 12:41:00,517.7266666666667,359,0.2543732590529248
15621.0,5,4,1293.03,501,2011-11-18 11:49:00,2011-12-05 14:01:00,323.2575,22,4.0
15622.0,44,9,3709.56,1674,2011-03-02 13:42:00,2011-10-27 16:44:00,412.17333333333335,283,0.9680565371024735
15623.0,142,1,301.03,125,2011-07-21 17:26:00,2011-07-21 17:26:00,301.03,142,0.2143661971830986
15624.0,117,4,588.13,357,2011-03-28 13:32:00,2011-08-15 11:38:00,147.0325,257,0.4737743190661479
15625.0,104,4,1534.26,1188,2011-04-18 14:01:00,2011-08-28 10:21:00,383.565,236,0.5159322033898306
15626.0,75,2,675.8,766,2011-01-14 10:10:00,2011-09-26 10:03:00,337.9,330,0.18448484848484847
15628.0,5,9,2870.2400000000002,1894,2010-12-08 09:51:00,2011-12-05 10:24:00,318.91555555555556,367,0.7464850136239782
15630.0,46,2,1186.35,800,2011-05-19 10:16:00,2011-10-25 15:36:00,593.175,205,0.29697560975609755
15632.0,16,8,3285.31,2109,2011-03-10 08:29:00,2011-11-24 09:51:00,410.66375,275,0.8855272727272728
15634.0,18,1,243.55,99,2011-11-22 16:28:00,2011-11-22 16:28:00,243.55,18,1.0
15636.0,90,2,724.76,284,2011-03-02 14:50:00,2011-09-11 11:17:00,362.38,283,0.2151236749116608
15637.0,53,1,223.36,128,2011-10-18 08:28:00,2011-10-18 08:28:00,223.36,53,0.5743396226415095
15639.0,135,1,425.32,323,2011-07-28 14:30:00,2011-07-28 14:30:00,425.32,135,0.22548148148148148
15640.0,5,15,12515.66,6607,2010-12-02 15:40:00,2011-12-05 14:35:00,834.3773333333334,373,1.224128686327078
15641.0,106,4,1887.2,1562,2010-12-15 14:45:00,2011-08-26 14:04:00,471.8,360,0.33822222222222226
15643.0,192,3,664.0,246,2011-03-02 14:34:00,2011-06-01 07:38:00,221.33333333333334,283,0.3226855123674912
15644.0,167,4,813.0,557,2011-03-23 15:37:00,2011-06-26 14:54:00,203.25,262,0.46473282442748093
15645.0,19,1,612.01,256,2011-11-21 11:55:00,2011-11-21 11:55:00,612.01,19,1.0
15646.0,158,3,447.64000000000004,394,2010-12-02 16:59:00,2011-07-05 09:53:00,149.21333333333334,373,0.24482573726541557
15648.0,205,2,657.35,221,2011-03-17 18:59:00,2011-05-19 15:53:00,328.675,268,0.22716417910447761
15649.0,337,2,816.0,192,2010-12-07 10:06:00,2011-01-07 13:34:00,408.0,368,0.16543478260869565
15651.0,37,3,646.3,479,2011-03-24 08:56:00,2011-11-03 08:41:00,215.4333333333333,261,0.3498850574712644
15652.0,92,1,337.74,208,2011-09-09 14:22:00,2011-09-09 14:22:00,337.74,92,0.3308695652173913
15653.0,93,2,877.4399999999999,1200,2011-08-16 09:50:00,2011-09-08 10:49:00,438.71999999999997,116,0.5248275862068966
15654.0,10,2,922.53,475,2011-11-13 15:15:00,2011-11-30 13:08:00,461.265,27,2.0
15655.0,244,1,560.67,324,2011-04-10 15:25:00,2011-04-10 15:25:00,560.67,244,0.12475409836065574
15656.0,46,4,748.5,343,2011-02-28 15:32:00,2011-10-25 14:56:00,187.125,285,0.4272280701754386
15657.0,23,1,30.0,24,2011-11-17 12:19:00,2011-11-17 12:19:00,30.0,23,1.0
15658.0,191,5,1024.1000000000001,242,2010-12-02 10:53:00,2011-06-02 15:22:00,204.82000000000002,373,0.4080428954423593
15659.0,44,1,306.45,111,2011-10-27 09:23:00,2011-10-27 09:23:00,306.45,44,0.6918181818181819
15660.0,26,9,1600.86,1050,2010-12-09 09:49:00,2011-11-14 16:58:00,177.87333333333333,366,0.7485245901639345
15661.0,318,2,309.8,236,2011-01-05 12:32:00,2011-01-26 13:56:00,154.9,339,0.17958702064896756
15663.0,107,1,138.14,106,2011-08-25 15:50:00,2011-08-25 15:50:00,138.14,107,0.28448598130841124
15664.0,51,1,386.43,157,2011-10-20 10:57:00,2011-10-20 10:57:00,386.43,51,0.5968627450980393
15665.0,169,2,2242.01,1666,2011-04-10 15:09:00,2011-06-24 14:57:00,1121.005,244,0.24950819672131147
15667.0,40,1,301.32,240,2011-10-31 10:56:00,2011-10-31 10:56:00,301.32,40,0.761
15668.0,218,1,76.32000000000001,72,2011-05-06 10:39:00,2011-05-06 10:39:00,76.32000000000001,218,0.1396330275229358
15669.0,41,4,684.34,342,2011-03-21 09:13:00,2011-10-30 16:03:00,171.085,264,0.4612121212121212
15670.0,297,1,173.05,91,2011-02-16 10:50:00,2011-02-16 10:50:00,173.05,297,0.1024915824915825
15671.0,19,7,2657.13,1699,2011-03-14 09:37:00,2011-11-21 12:43:00,379.59000000000003,271,0.7862730627306274
15673.0,89,4,2881.02,1514,2011-01-16 16:25:00,2011-09-12 16:12:00,720.255,328,0.37121951219512195
15674.0,74,5,2446.6,1275,2011-03-30 09:19:00,2011-09-27 15:17:00,489.32,255,0.5968627450980393
15675.0,82,3,323.69,527,2011-03-04 14:21:00,2011-09-19 13:48:00,107.89666666666666,281,0.324982206405694
15676.0,19,3,3435.76,2252,2011-03-01 10:19:00,2011-11-21 12:40:00,1145.2533333333333,284,0.32154929577464786
15677.0,50,1,657.23,319,2011-10-21 15:36:00,2011-10-21 15:36:00,657.23,50,0.6088
15678.0,53,1,352.7,184,2011-10-18 09:25:00,2011-10-18 09:25:00,352.7,53,0.5743396226415095
15679.0,25,4,781.28,1170,2011-06-10 08:24:00,2011-11-15 16:19:00,195.32,183,0.6653551912568306
15680.0,10,3,1333.68,952,2010-12-08 14:43:00,2011-11-30 13:46:00,444.56,367,0.24882833787465944
15681.0,26,5,1426.16,816,2011-03-04 13:46:00,2011-11-14 16:30:00,285.232,281,0.5416370106761567
15683.0,118,1,193.75,131,2011-08-14 12:56:00,2011-08-14 12:56:00,193.75,118,0.2579661016949153
15687.0,9,9,2993.1,1310,2011-01-13 15:13:00,2011-12-01 08:33:00,332.56666666666666,331,0.8276737160120847
15689.0,120,2,254.1,84,2010-12-13 09:57:00,2011-08-12 09:37:00,127.05,362,0.1681767955801105
15690.0,5,2,239.76,408,2011-08-31 11:40:00,2011-12-05 15:59:00,119.88,101,0.6027722772277228
15691.0,253,1,136.8,72,2011-04-01 15:13:00,2011-04-01 15:13:00,136.8,253,0.12031620553359684
15692.0,29,1,191.04,138,2011-11-11 14:12:00,2011-11-11 14:12:00,191.04,29,1.0
15694.0,1,14,6479.4,1677,2010-12-02 07:49:00,2011-12-09 09:44:00,462.8142857142857,373,1.142520107238606
15695.0,267,2,409.98,212,2011-03-18 08:31:00,2011-03-18 08:32:00,204.99,267,0.22801498127340825
15696.0,34,8,2736.46,1028,2011-01-17 11:24:00,2011-11-06 14:02:00,342.0575,327,0.7447094801223242
15699.0,18,1,309.65,113,2011-11-22 08:26:00,2011-11-22 08:26:00,309.65,18,1.0
15700.0,173,2,696.68,357,2011-06-19 15:36:00,2011-06-20 16:53:00,348.34,174,0.34988505747126436
15701.0,3,4,1542.14,923,2011-08-21 12:36:00,2011-12-07 14:39:00,385.535,111,1.096936936936937
15703.0,265,1,211.5,66,2011-03-20 10:51:00,2011-03-20 10:51:00,211.5,265,0.1148679245283019
15704.0,141,4,2293.62,1028,2011-05-08 12:42:00,2011-07-22 13:35:00,573.405,216,0.5637037037037037
15705.0,202,1,143.1,62,2011-05-22 15:37:00,2011-05-22 15:37:00,143.1,202,0.1506930693069307
15706.0,64,4,1060.56,321,2011-08-15 14:32:00,2011-10-07 10:09:00,265.14,117,1.0406837606837607
15707.0,36,4,945.58,605,2011-09-14 14:19:00,2011-11-04 14:35:00,236.395,87,1.3995402298850574
15708.0,41,7,3364.2400000000002,1267,2010-12-05 11:12:00,2011-10-30 10:54:00,480.6057142857143,370,0.5758918918918919
15709.0,284,1,133.25,121,2011-03-01 10:38:00,2011-03-01 10:38:00,133.25,284,0.1071830985915493
15712.0,10,5,1072.3600000000001,486,2011-02-25 11:32:00,2011-11-30 14:09:00,214.47200000000004,288,0.5284722222222222
15713.0,144,2,356.7,150,2010-12-08 15:16:00,2011-07-19 13:34:00,178.35,367,0.16588555858310627
15714.0,12,2,330.88,187,2011-09-23 11:25:00,2011-11-28 11:26:00,165.44,78,0.7805128205128206
15716.0,146,4,1118.81,744,2010-12-05 12:26:00,2011-07-17 11:59:00,279.7025,370,0.3290810810810811
15717.0,235,1,150.3,70,2011-04-19 13:21:00,2011-04-19 13:21:00,150.3,235,0.12953191489361704
15719.0,33,13,5045.61,2725,2011-01-06 12:31:00,2011-11-07 12:29:00,388.1238461538461,338,1.1707692307692308
15720.0,25,1,598.73,281,2011-11-15 14:48:00,2011-11-15 14:48:00,598.73,25,1.0
15721.0,12,1,507.08,409,2011-11-28 12:14:00,2011-11-28 12:14:00,507.08,12,1.0
15722.0,36,5,2222.56,1026,2011-02-22 12:24:00,2011-11-04 11:43:00,444.512,291,0.5230240549828179
15723.0,365,1,203.1,87,2010-12-10 11:12:00,2010-12-10 11:12:00,203.1,365,0.08339726027397261
15724.0,202,2,218.25,73,2011-02-28 10:40:00,2011-05-22 14:40:00,109.125,285,0.2136140350877193
15725.0,16,1,415.25,221,2011-11-24 14:51:00,2011-11-24 14:51:00,415.25,16,1.0
15727.0,17,7,5178.96,3065,2010-12-15 15:47:00,2011-11-23 12:36:00,739.8514285714285,360,0.5918888888888889
15729.0,213,1,85.0,28,2011-05-11 12:36:00,2011-05-11 12:36:00,85.0,213,0.14291079812206572
15730.0,66,3,1120.88,689,2011-05-17 12:43:00,2011-10-05 12:31:00,373.6266666666667,207,0.4411594202898551
15732.0,213,2,294.12,215,2010-12-02 15:00:00,2011-05-11 14:24:00,147.06,373,0.1632171581769437
15733.0,283,1,162.3,62,2011-03-02 09:05:00,2011-03-02 09:05:00,162.3,283,0.1075618374558304
15734.0,115,2,1339.45,346,2011-05-23 14:59:00,2011-08-17 10:50:00,669.725,201,0.3028855721393035
15737.0,15,8,1205.1200000000001,599,2011-04-11 10:01:00,2011-11-25 11:21:00,150.64000000000001,243,1.0021399176954733
15738.0,19,16,4812.42,2982,2010-12-02 12:50:00,2011-11-21 08:26:00,300.77625,373,1.3057372654155497
15739.0,67,1,449.12,472,2011-10-04 13:42:00,2011-10-04 13:42:00,449.12,67,0.45432835820895523
15740.0,50,1,154.88,152,2011-10-21 14:29:00,2011-10-21 14:29:00,154.88,50,0.6088
15743.0,17,4,784.46,216,2011-06-08 10:14:00,2011-11-23 17:19:00,196.115,185,0.6581621621621622
15744.0,78,1,34.8,120,2011-09-23 09:52:00,2011-09-23 09:52:00,34.8,78,0.3902564102564103
15745.0,20,4,1094.59,421,2011-04-17 13:04:00,2011-11-20 13:45:00,273.6475,237,0.5137552742616034
15746.0,135,1,196.88,178,2011-07-28 15:21:00,2011-07-28 15:21:00,196.88,135,0.22548148148148148
15747.0,13,3,974.04,480,2011-06-20 11:30:00,2011-11-27 12:26:00,324.68,173,0.5278612716763006
15748.0,41,1,149.31,51,2011-10-30 12:51:00,2011-10-30 12:51:00,149.31,41,0.7424390243902439
15749.0,236,3,44534.3,18028,2011-01-11 12:55:00,2011-04-18 13:20:00,14844.766666666668,333,0.27423423423423426
15750.0,3,8,2465.48,1786,2010-12-08 10:36:00,2011-12-07 12:34:00,308.185,367,0.6635422343324251
15752.0,40,7,2637.38,1978,2010-12-02 09:43:00,2011-10-31 11:37:00,376.7685714285714,373,0.571260053619303
15753.0,305,1,79.2,144,2011-02-08 12:41:00,2011-02-08 12:41:00,79.2,305,0.0998032786885246
15754.0,52,3,458.57,199,2011-04-07 12:24:00,2011-10-19 14:40:00,152.85666666666665,247,0.36971659919028343
15755.0,11,6,2364.25,1427,2011-02-18 11:53:00,2011-11-29 14:57:00,394.0416666666667,295,0.6191186440677967
15756.0,62,4,532.96,242,2011-04-04 14:00:00,2011-10-09 13:30:00,133.24,250,0.48704
15757.0,66,2,714.42,491,2011-05-06 11:40:00,2011-10-05 12:14:00,357.21,218,0.2792660550458716
15758.0,25,1,205.25,47,2011-11-15 10:48:00,2011-11-15 10:48:00,205.25,25,1.0
15759.0,219,3,253.04,60,2010-12-16 15:29:00,2011-05-05 15:13:00,84.34666666666666,359,0.2543732590529248
15762.0,66,2,583.75,251,2011-09-23 15:17:00,2011-10-05 16:15:00,291.875,78,0.7805128205128206
15763.0,32,2,1086.92,271,2011-09-23 12:10:00,2011-11-08 09:44:00,543.46,78,0.7805128205128206
15764.0,89,6,3279.97,2050,2011-03-08 09:23:00,2011-09-12 17:58:00,546.6616666666666,277,0.6593501805054152
15766.0,65,1,315.06,170,2011-10-06 17:03:00,2011-10-06 17:03:00,315.06,65,0.4683076923076923
15768.0,116,3,621.8299999999999,244,2011-04-28 09:20:00,2011-08-16 10:48:00,207.27666666666664,226,0.404070796460177
15769.0,8,26,56252.72,29672,2010-12-03 15:16:00,2011-12-02 13:52:00,2163.566153846154,372,2.12752688172043
15773.0,6,1,635.6800000000001,311,2011-12-04 12:48:00,2011-12-04 12:48:00,635.6800000000001,6,1.0
15774.0,69,1,270.8,87,2011-10-02 12:04:00,2011-10-02 12:04:00,270.8,69,0.44115942028985505
15775.0,246,1,104.9,68,2011-04-08 12:56:00,2011-04-08 12:56:00,104.9,246,0.12373983739837398
15776.0,134,1,241.62,138,2011-07-29 13:46:00,2011-07-29 13:46:00,241.62,134,0.22716417910447761
15777.0,242,4,1047.11,378,2010-12-13 16:38:00,2011-04-12 16:43:00,261.7775,362,0.336353591160221
15780.0,184,3,475.28000000000003,220,2010-12-17 11:43:00,2011-06-09 12:01:00,158.42666666666668,358,0.25508379888268157
15781.0,26,3,345.46,180,2011-02-07 09:15:00,2011-11-14 14:57:00,115.15333333333332,306,0.29843137254901964
15782.0,10,3,2614.7400000000002,864,2011-09-11 14:29:00,2011-11-30 10:49:00,871.58,90,1.0146666666666666
15783.0,11,1,246.3,212,2011-11-29 09:50:00,2011-11-29 09:50:00,246.3,11,1.0
15785.0,33,5,2328.9700000000003,1612,2011-02-17 14:17:00,2011-11-07 11:33:00,465.79400000000004,296,0.5141891891891892
15786.0,47,3,4932.2,3364,2011-08-17 13:33:00,2011-10-24 14:13:00,1644.0666666666666,115,0.7940869565217392
15787.0,27,3,948.05,540,2011-10-09 13:11:00,2011-11-13 14:55:00,316.01666666666665,62,1.4729032258064516
15789.0,359,1,351.3,438,2010-12-16 14:35:00,2010-12-16 14:35:00,351.3,359,0.08479108635097495
15790.0,11,1,220.85,114,2011-11-29 14:53:00,2011-11-29 14:53:00,220.85,11,1.0
15791.0,44,2,1612.69,731,2011-05-19 15:15:00,2011-10-27 10:14:00,806.345,205,0.29697560975609755
15793.0,15,3,965.61,553,2011-03-16 10:45:00,2011-11-25 09:31:00,321.87,269,0.3394795539033458
15795.0,150,1,610.01,581,2011-07-13 10:43:00,2011-07-13 10:43:00,610.01,150,0.20293333333333333
15796.0,2,8,2711.56,861,2011-02-10 15:40:00,2011-12-08 19:55:00,338.945,303,0.8036963696369638
15797.0,114,4,2207.4,873,2011-01-24 15:47:00,2011-08-18 17:04:00,551.85,320,0.3805
15799.0,76,3,884.14,955,2011-01-09 15:13:00,2011-09-25 12:46:00,294.7133333333333,335,0.27259701492537314
15800.0,108,2,699.08,335,2011-04-07 12:39:00,2011-08-24 14:23:00,349.54,247,0.24647773279352228
15801.0,47,3,1063.95,570,2011-08-22 09:53:00,2011-10-24 13:52:00,354.65000000000003,110,0.8301818181818182
15802.0,143,1,451.42,1,2011-07-20 11:38:00,2011-07-20 11:38:00,451.42,143,0.21286713286713285
15803.0,52,1,415.82000000000005,290,2011-10-19 14:56:00,2011-10-19 14:56:00,415.82000000000005,52,0.5853846153846154
15804.0,1,13,4206.39,2565,2011-05-25 10:12:00,2011-12-09 12:31:00,323.5684615384616,199,1.9885427135678393
15805.0,24,17,5528.4800000000005,3387,2010-12-10 09:33:00,2011-11-16 16:32:00,325.204705882353,365,1.4177534246575343
15806.0,47,3,784.58,602,2011-03-08 09:24:00,2011-10-24 14:35:00,261.5266666666667,277,0.3296750902527076
15807.0,51,3,903.9,430,2011-09-23 14:43:00,2011-10-20 14:10:00,301.3,78,1.1707692307692308
15808.0,307,4,3734.9700000000003,1343,2010-12-05 13:05:00,2011-02-06 14:33:00,933.7425000000001,370,0.3290810810810811
15809.0,37,5,515.77,301,2011-02-10 11:16:00,2011-11-03 16:40:00,103.154,303,0.5023102310231023
15810.0,79,4,1391.98,861,2011-02-16 09:11:00,2011-09-22 09:38:00,347.995,297,0.40996632996633
15811.0,23,6,2218.62,1071,2010-12-09 15:29:00,2011-11-17 15:31:00,369.77,366,0.49901639344262294
15812.0,108,5,1801.14,922,2011-01-26 12:12:00,2011-08-24 14:19:00,360.228,318,0.47861635220125787
15813.0,208,2,1303.9099999999999,603,2011-04-14 09:09:00,2011-05-16 08:13:00,651.9549999999999,240,0.2536666666666667
15814.0,17,4,1945.33,1271,2011-10-20 09:04:00,2011-11-23 08:17:00,486.3325,51,2.387450980392157
15815.0,64,5,2100.6,1856,2011-03-25 08:43:00,2011-10-07 12:42:00,420.12,260,0.5853846153846154
15819.0,50,4,1905.45,1357,2011-03-08 09:45:00,2011-10-21 14:50:00,476.3625,277,0.4395667870036101
15820.0,320,1,206.98,128,2011-01-24 12:00:00,2011-01-24 12:00:00,206.98,320,0.095125
15821.0,45,2,570.96,202,2011-10-09 13:28:00,2011-10-26 15:48:00,285.48,62,0.9819354838709677
15822.0,4,2,885.47,375,2010-12-15 13:38:00,2011-12-06 14:50:00,442.735,360,0.16911111111111113
15823.0,373,1,15.0,1,2010-12-02 15:08:00,2010-12-02 15:08:00,15.0,373,0.08160857908847186
15825.0,173,1,532.94,220,2011-06-20 13:27:00,2011-06-20 13:27:00,532.94,173,0.17595375722543352
15826.0,57,3,1654.31,963,2011-05-13 10:44:00,2011-10-14 16:05:00,551.4366666666666,211,0.4327962085308057
15827.0,74,14,1836.0900000000001,882,2010-12-02 13:06:00,2011-09-27 15:35:00,131.14928571428572,373,1.142520107238606
15829.0,100,2,636.14,996,2011-07-22 10:23:00,2011-09-01 16:45:00,318.07,141,0.43177304964539004
15830.0,38,1,576.0,415,2011-11-02 10:40:00,2011-11-02 10:40:00,576.0,38,0.8010526315789473
15831.0,59,3,801.76,1105,2011-01-19 14:52:00,2011-10-12 13:14:00,267.25333333333333,325,0.2809846153846154
15832.0,255,1,836.79,465,2011-03-30 15:29:00,2011-03-30 15:29:00,836.79,255,0.11937254901960785
15834.0,71,4,2233.75,965,2011-03-07 17:52:00,2011-09-30 14:41:00,558.4375,278,0.43798561151079135
15835.0,45,4,954.09,439,2011-01-13 10:35:00,2011-10-26 15:47:00,238.5225,331,0.36785498489425983
15836.0,51,1,137.37,26,2011-10-20 17:13:00,2011-10-20 17:13:00,137.37,51,0.5968627450980393
15837.0,65,1,391.98,189,2011-10-06 09:01:00,2011-10-06 09:01:00,391.98,65,0.4683076923076923
15838.0,12,19,33643.08,18368,2010-12-07 11:26:00,2011-11-28 14:00:00,1770.6884210526316,368,1.5716304347826087
15839.0,34,3,1048.49,675,2011-07-14 16:35:00,2011-11-06 13:54:00,349.49666666666667,149,0.6128859060402685
15840.0,59,2,355.56,396,2011-06-20 11:42:00,2011-10-12 09:08:00,177.78,173,0.35190751445086704
15841.0,73,4,1224.06,942,2011-01-05 11:25:00,2011-09-28 12:15:00,306.015,339,0.3591740412979351
15843.0,304,1,118.95000000000002,27,2011-02-09 10:19:00,2011-02-09 10:19:00,118.95000000000002,304,0.10013157894736842
15844.0,47,1,130.73999999999998,134,2011-10-24 15:19:00,2011-10-24 15:19:00,130.73999999999998,47,0.6476595744680851
15845.0,18,8,3711.77,1926,2011-01-06 17:19:00,2011-11-22 09:42:00,463.97125,338,0.720473372781065
15847.0,39,2,389.27,449,2011-02-24 16:46:00,2011-11-01 14:41:00,194.635,289,0.2106574394463668
15850.0,20,2,238.85,302,2011-06-24 14:16:00,2011-11-20 14:14:00,119.425,169,0.3602366863905325
15852.0,187,2,160.71,48,2011-05-26 13:26:00,2011-06-06 11:22:00,80.355,198,0.3074747474747475
15853.0,52,1,110.8,135,2011-10-19 10:38:00,2011-10-19 10:38:00,110.8,52,0.5853846153846154
15854.0,5,12,2974.65,939,2010-12-13 11:47:00,2011-12-05 13:39:00,247.88750000000002,362,1.009060773480663
15855.0,137,5,712.24,470,2011-03-21 12:32:00,2011-07-26 10:20:00,142.448,264,0.5765151515151515
15856.0,5,27,16387.57,11005,2010-12-09 13:34:00,2011-12-05 17:09:00,606.947037037037,366,2.2455737704918035
15857.0,19,1,297.0,308,2011-11-21 12:18:00,2011-11-21 12:18:00,297.0,19,1.0
15858.0,16,5,1438.85,1167,2010-12-07 14:31:00,2011-11-24 12:48:00,287.77,368,0.41358695652173916
15860.0,41,8,977.21,440,2010-12-06 11:38:00,2011-10-30 11:25:00,122.15125,369,0.6599457994579947
15861.0,13,8,3165.36,2544,2011-03-17 20:12:00,2011-11-27 15:59:00,395.67,268,0.9086567164179105
15862.0,9,4,832.88,585,2010-12-01 11:21:00,2011-12-01 13:28:00,208.22,374,0.3255614973262032
15863.0,26,2,68.84,19,2011-05-31 11:36:00,2011-11-14 12:49:00,34.42,193,0.31544041450777205
15864.0,23,6,1936.3200000000002,1192,2011-01-27 16:43:00,2011-11-17 13:32:00,322.72,317,0.5761514195583597
15865.0,41,3,895.13,368,2011-05-10 11:44:00,2011-10-30 12:43:00,298.37666666666667,214,0.42672897196261683
15866.0,102,1,230.53,126,2011-08-30 14:09:00,2011-08-30 14:09:00,230.53,102,0.29843137254901964
15867.0,6,15,3812.64,2054,2010-12-05 14:17:00,2011-12-04 13:32:00,254.176,370,1.234054054054054
15869.0,278,2,149.64,175,2011-03-07 17:19:00,2011-03-07 17:23:00,74.82,278,0.21899280575539568
15870.0,33,1,354.09000000000003,335,2011-11-07 10:58:00,2011-11-07 10:58:00,354.09000000000003,33,0.9224242424242424
15872.0,15,2,360.93,212,2011-11-25 11:54:00,2011-11-25 11:55:00,180.465,15,2.0
15874.0,64,7,4405.88,2534,2011-02-28 13:28:00,2011-10-07 12:31:00,629.4114285714286,285,0.7476491228070176
15877.0,2,2,493.28,371,2011-11-22 11:18:00,2011-12-08 11:53:00,246.64,18,2.0
15880.0,370,1,343.28000000000003,211,2010-12-05 13:00:00,2010-12-05 13:00:00,343.28000000000003,370,0.08227027027027027
15881.0,313,5,501.39000000000004,260,2010-12-10 13:32:00,2011-01-31 16:59:00,100.278,365,0.41698630136986303
15882.0,199,4,516.36,276,2010-12-06 13:01:00,2011-05-25 11:35:00,129.09,369,0.32997289972899735
15883.0,3,2,396.48,223,2011-11-06 14:50:00,2011-12-07 17:05:00,198.24,34,1.7905882352941176
15885.0,93,3,379.35,111,2011-02-03 15:28:00,2011-09-08 10:43:00,126.45,310,0.29458064516129034
15886.0,61,1,181.09,147,2011-10-10 14:25:00,2011-10-10 14:25:00,181.09,61,0.49901639344262294
15888.0,81,1,168.31,76,2011-09-20 12:30:00,2011-09-20 12:30:00,168.31,81,0.37580246913580245
15889.0,157,2,446.87,215,2010-12-05 15:12:00,2011-07-06 11:10:00,223.435,370,0.16454054054054054
15891.0,227,1,524.52,442,2011-04-27 12:35:00,2011-04-27 12:35:00,524.52,227,0.13409691629955947
15894.0,254,2,263.55,168,2010-12-05 14:06:00,2011-03-31 13:50:00,131.775,370,0.16454054054054054
15895.0,150,1,179.17,94,2011-07-13 10:27:00,2011-07-13 10:27:00,179.17,150,0.20293333333333333
15897.0,195,2,222.05,261,2011-05-29 13:32:00,2011-05-29 13:50:00,111.025,195,0.3122051282051282
15898.0,2,5,1388.88,570,2010-12-06 11:01:00,2011-12-08 15:23:00,277.776,369,0.41246612466124666
15899.0,369,1,56.25,39,2010-12-06 10:36:00,2010-12-06 10:36:00,56.25,369,0.08249322493224934
15900.0,24,1,351.11,221,2011-11-16 12:19:00,2011-11-16 12:19:00,351.11,24,1.0
15901.0,17,3,363.88,384,2011-07-08 12:18:00,2011-11-23 12:43:00,121.29333333333334,155,0.5891612903225807
15903.0,10,7,5126.76,2410,2011-02-17 14:04:00,2011-11-30 08:08:00,732.3942857142857,296,0.7198648648648649
15904.0,9,1,164.68,84,2011-12-01 14:50:00,2011-12-01 14:50:00,164.68,9,1.0
15906.0,20,7,1567.69,544,2011-03-29 13:28:00,2011-11-20 12:24:00,223.9557142857143,256,0.8323437499999999
15907.0,4,3,967.45,509,2011-05-13 13:01:00,2011-12-06 12:21:00,322.48333333333335,211,0.4327962085308057
15909.0,174,1,191.94,98,2011-06-19 10:38:00,2011-06-19 10:38:00,191.94,174,0.17494252873563218
15910.0,1,8,1232.18,1015,2011-01-27 11:55:00,2011-12-09 10:51:00,154.0225,317,0.7682018927444796
15912.0,179,2,264.62,185,2011-04-20 17:10:00,2011-06-14 14:29:00,132.31,234,0.26017094017094017
15916.0,17,8,1528.09,757,2010-12-08 13:07:00,2011-11-23 13:46:00,191.01125,367,0.6635422343324251
15917.0,248,1,123.1,42,2011-04-06 10:40:00,2011-04-06 10:40:00,123.1,248,0.12274193548387097
15918.0,191,2,334.23,153,2011-03-13 15:55:00,2011-06-02 11:42:00,167.115,272,0.2238235294117647
15919.0,20,2,639.89,545,2010-12-06 11:26:00,2011-11-20 11:28:00,319.945,369,0.16498644986449867
15920.0,155,4,167.5,99,2011-07-08 15:16:00,2011-07-08 15:31:00,41.875,155,0.7855483870967742
15921.0,173,1,336.03000000000003,166,2011-06-20 11:03:00,2011-06-20 11:03:00,336.03000000000003,173,0.17595375722543352
15922.0,374,1,369.5,138,2010-12-01 13:51:00,2010-12-01 13:51:00,369.5,374,0.0813903743315508
15923.0,373,1,127.08,122,2010-12-02 12:16:00,2010-12-02 12:16:00,127.08,373,0.08160857908847186
15925.0,195,1,207.15,93,2011-05-29 15:35:00,2011-05-29 15:35:00,207.15,195,0.1561025641025641
15930.0,68,1,426.63,139,2011-10-03 14:52:00,2011-10-03 14:52:00,426.63,68,0.4476470588235294
15932.0,5,8,2495.87,2325,2011-02-23 14:50:00,2011-12-05 17:13:00,311.98375,290,0.8397241379310345
15933.0,22,3,1107.46,885,2011-09-14 12:05:00,2011-11-18 13:14:00,369.15333333333336,87,1.049655172413793
15935.0,240,2,416.86,115,2011-04-12 09:35:00,2011-04-14 13:27:00,208.43,242,0.25157024793388433
15937.0,65,1,145.35,73,2011-10-06 15:48:00,2011-10-06 15:48:00,145.35,65,0.4683076923076923
15938.0,113,5,404.58,240,2011-01-20 10:11:00,2011-08-19 12:56:00,80.916,324,0.4697530864197531
15939.0,90,15,6115.01,4728,2011-01-12 12:43:00,2011-09-11 11:30:00,407.6673333333334,332,1.3753012048192772
15940.0,312,1,35.8,4,2011-02-01 16:18:00,2011-02-01 16:18:00,35.8,312,0.09756410256410257
15942.0,134,1,337.44,232,2011-07-29 09:01:00,2011-07-29 09:01:00,337.44,134,0.22716417910447761
15944.0,277,1,325.1,50,2011-03-08 10:33:00,2011-03-08 10:33:00,325.1,277,0.10989169675090253
15945.0,366,1,181.0,52,2010-12-09 13:14:00,2010-12-09 13:14:00,181.0,366,0.08316939890710383
15947.0,83,1,1708.24,898,2011-09-18 10:46:00,2011-09-18 10:46:00,1708.24,83,0.3667469879518072
15948.0,9,2,955.24,567,2011-10-27 08:35:00,2011-12-01 15:32:00,477.62,44,1.3836363636363638
15949.0,17,2,364.72,284,2011-09-29 17:34:00,2011-11-23 09:09:00,182.36,72,0.8455555555555555
15950.0,32,4,1765.51,729,2010-12-15 11:56:00,2011-11-08 11:09:00,441.3775,360,0.33822222222222226
15951.0,9,2,708.22,313,2011-02-27 11:57:00,2011-12-01 08:34:00,354.11,286,0.21286713286713285
15952.0,34,4,806.57,399,2011-04-28 12:55:00,2011-11-06 11:18:00,201.6425,226,0.5387610619469027
15953.0,16,8,1659.3799999999999,892,2010-12-05 15:15:00,2011-11-24 15:32:00,207.42249999999999,370,0.6581621621621622
15955.0,25,14,4416.26,2135,2010-12-02 11:22:00,2011-11-15 14:15:00,315.44714285714286,373,1.142520107238606
15957.0,32,1,428.89,211,2011-11-08 12:14:00,2011-11-08 12:14:00,428.89,32,0.9512499999999999
15958.0,75,1,104.35,33,2011-09-26 13:41:00,2011-09-26 13:41:00,104.35,75,0.40586666666666665
15963.0,20,2,470.76,298,2011-10-25 13:05:00,2011-11-20 11:33:00,235.38,46,1.3234782608695652
15965.0,18,4,845.64,453,2010-12-07 13:18:00,2011-11-22 16:44:00,211.41,368,0.3308695652173913
15967.0,24,2,418.83,211,2011-01-25 11:57:00,2011-11-16 15:41:00,209.415,319,0.19084639498432604
15969.0,3,3,666.1,124,2011-06-07 12:19:00,2011-12-07 11:06:00,222.03333333333333,186,0.49096774193548387
15970.0,304,1,314.1,116,2011-02-09 12:08:00,2011-02-09 12:08:00,314.1,304,0.10013157894736842
15971.0,18,12,4199.85,1717,2011-02-01 16:47:00,2011-11-22 12:50:00,349.9875,312,1.1707692307692308
15973.0,367,1,307.82000000000005,106,2010-12-08 11:42:00,2010-12-08 11:42:00,307.82000000000005,367,0.08294277929155314
15974.0,40,7,3442.15,2262,2011-02-24 10:10:00,2011-10-31 13:13:00,491.7357142857143,289,0.7373010380622838
15975.0,85,1,371.01,243,2011-09-16 13:33:00,2011-09-16 13:33:00,371.01,85,0.35811764705882354
15976.0,166,2,430.94,277,2011-05-03 17:12:00,2011-06-27 13:00:00,215.47,221,0.275475113122172
15977.0,18,2,1054.73,1016,2011-10-31 16:24:00,2011-11-22 13:29:00,527.365,40,1.522
15978.0,78,1,1098.78,888,2011-09-23 15:21:00,2011-09-23 15:21:00,1098.78,78,0.3902564102564103
15980.0,89,3,2398.86,1560,2011-03-30 15:05:00,2011-09-12 09:41:00,799.62,255,0.35811764705882354
15981.0,25,8,3408.48,1866,2011-02-01 13:50:00,2011-11-15 08:00:00,426.06,312,0.7805128205128206
15983.0,23,4,1475.02,892,2010-12-01 12:15:00,2011-11-17 17:34:00,368.755,374,0.3255614973262032
15984.0,3,10,2837.67,1843,2010-12-06 13:21:00,2011-12-07 12:16:00,283.767,369,0.8249322493224933
15985.0,124,2,1142.42,1086,2011-04-17 11:04:00,2011-08-08 16:31:00,571.21,237,0.2568776371308017
15986.0,31,1,168.12,268,2011-11-09 15:17:00,2011-11-09 15:17:00,168.12,31,0.9819354838709677
15987.0,13,7,1451.28,1556,2010-12-06 08:34:00,2011-11-27 15:38:00,207.32571428571427,369,0.5774525745257453
15988.0,20,1,158.03,181,2011-11-20 13:23:00,2011-11-20 13:23:00,158.03,20,1.0
15990.0,45,2,792.11,443,2011-02-25 15:35:00,2011-10-26 15:58:00,396.055,288,0.21138888888888888
15992.0,4,1,41.989999999999995,17,2011-12-06 11:00:00,2011-12-06 11:00:00,41.989999999999995,4,1.0
15993.0,9,7,2797.57,2051,2011-10-26 16:21:00,2011-12-01 10:45:00,399.65285714285716,45,4.735111111111111
15994.0,55,1,427.07,177,2011-10-16 12:28:00,2011-10-16 12:28:00,427.07,55,0.5534545454545455
15996.0,89,6,1060.68,384,2010-12-08 15:59:00,2011-09-12 15:14:00,176.78,367,0.4976566757493189
15998.0,37,5,3089.97,2041,2010-12-12 13:32:00,2011-11-03 12:45:00,617.9939999999999,363,0.4192837465564739
16000.0,3,3,12393.7,5110,2011-12-07 12:14:00,2011-12-07 12:17:00,4131.233333333334,3,3.0
16003.0,30,5,2735.37,1185,2010-12-15 12:09:00,2011-11-10 09:57:00,547.074,360,0.4227777777777778
16005.0,13,4,615.39,300,2011-03-14 11:46:00,2011-11-27 13:47:00,153.8475,271,0.44929889298892994
16006.0,212,1,101.4,84,2011-05-12 13:12:00,2011-05-12 13:12:00,101.4,212,0.14358490566037738
16007.0,48,4,1701.94,1393,2011-05-08 13:32:00,2011-10-23 11:05:00,425.485,216,0.5637037037037037
16008.0,24,3,478.78,323,2011-05-19 10:54:00,2011-11-16 10:32:00,159.59333333333333,205,0.44546341463414635
16009.0,23,4,992.71,378,2011-07-03 11:26:00,2011-11-17 16:51:00,248.1775,160,0.761
16010.0,246,3,407.5,210,2010-12-12 12:18:00,2011-04-08 10:14:00,135.83333333333334,363,0.25157024793388433
16011.0,9,16,3362.71,2042,2010-12-08 16:34:00,2011-12-01 16:31:00,210.169375,367,1.3270844686648502
16012.0,36,3,1415.29,799,2011-07-07 18:02:00,2011-11-04 13:25:00,471.7633333333333,156,0.5853846153846154
16013.0,4,47,37130.6,15536,2010-12-03 13:09:00,2011-12-06 10:36:00,790.0127659574467,372,3.845913978494624
16014.0,38,3,662.38,265,2011-02-21 17:42:00,2011-11-02 12:04:00,220.79333333333332,292,0.31273972602739725
16015.0,4,3,705.39,909,2011-10-21 12:56:00,2011-12-06 10:58:00,235.13,50,1.8264
16016.0,4,8,1508.76,620,2010-12-08 12:36:00,2011-12-06 14:35:00,188.595,367,0.6635422343324251
16017.0,48,1,211.88,102,2011-10-23 12:56:00,2011-10-23 12:56:00,211.88,48,0.6341666666666667
16018.0,40,2,408.90000000000003,190,2011-06-12 13:52:00,2011-10-31 14:13:00,204.45000000000002,181,0.336353591160221
16019.0,47,9,3786.2400000000002,1733,2010-12-10 12:29:00,2011-10-24 11:51:00,420.6933333333334,365,0.7505753424657535
16020.0,17,3,851.01,487,2011-10-05 13:54:00,2011-11-23 11:18:00,283.67,66,1.3836363636363636
16022.0,261,1,628.28,261,2011-03-24 13:16:00,2011-03-24 13:16:00,628.28,261,0.11662835249042146
16023.0,47,3,719.81,358,2011-03-18 13:32:00,2011-10-24 16:34:00,239.93666666666664,267,0.34202247191011237
16024.0,13,1,251.24,398,2011-11-27 13:26:00,2011-11-27 13:26:00,251.24,13,1.0
16025.0,30,1,439.65999999999997,338,2011-11-10 11:45:00,2011-11-10 11:45:00,439.65999999999997,30,1.0
16026.0,44,1,236.09,243,2011-10-27 13:53:00,2011-10-27 13:53:00,236.09,44,0.6918181818181819
16027.0,92,6,934.62,1147,2011-02-10 12:19:00,2011-09-09 10:47:00,155.77,303,0.6027722772277229
16029.0,39,63,81024.84,40208,2010-12-01 09:57:00,2011-11-01 10:27:00,1286.1085714285714,374,5.127593582887701
16030.0,310,1,331.24,283,2011-02-03 11:28:00,2011-02-03 11:28:00,331.24,310,0.09819354838709678
16031.0,93,2,548.94,423,2011-04-06 14:23:00,2011-09-08 13:07:00,274.47,248,0.24548387096774194
16033.0,6,20,8816.4,3539,2010-12-05 10:36:00,2011-12-04 12:44:00,440.82,370,1.6454054054054055
16034.0,197,3,437.7,242,2011-01-11 11:54:00,2011-05-27 16:17:00,145.9,333,0.27423423423423426
16036.0,88,2,758.92,716,2011-03-21 13:01:00,2011-09-13 14:53:00,379.46,264,0.2306060606060606
16037.0,270,3,855.02,428,2010-12-16 10:18:00,2011-03-15 09:13:00,285.00666666666666,359,0.2543732590529248
16038.0,8,3,471.78000000000003,244,2011-05-22 11:29:00,2011-12-02 12:40:00,157.26000000000002,202,0.4520792079207921
16040.0,66,3,1313.55,684,2011-03-16 09:58:00,2011-10-05 13:47:00,437.84999999999997,269,0.3394795539033458
16041.0,31,3,3166.4,1584,2011-07-21 16:27:00,2011-11-09 12:25:00,1055.4666666666667,142,0.6430985915492957
16042.0,23,5,1197.27,755,2011-01-11 13:25:00,2011-11-17 17:50:00,239.454,333,0.4570570570570571
16043.0,38,4,773.99,503,2011-01-26 11:14:00,2011-11-02 12:50:00,193.4975,318,0.3828930817610063
16045.0,120,4,1340.7,897,2011-02-22 14:55:00,2011-08-12 12:41:00,335.175,291,0.41841924398625435
16048.0,374,2,256.44,144,2010-12-01 15:27:00,2010-12-01 15:28:00,128.22,374,0.1627807486631016
16049.0,41,3,1111.79,793,2011-09-25 14:33:00,2011-10-30 13:19:00,370.59666666666664,76,1.201578947368421
16050.0,174,1,137.9,278,2011-06-19 11:44:00,2011-06-19 11:44:00,137.9,174,0.17494252873563218
16052.0,55,1,362.06,282,2011-10-16 15:13:00,2011-10-16 15:13:00,362.06,55,0.5534545454545455
16053.0,33,2,1511.95,1793,2011-08-09 14:57:00,2011-11-07 11:21:00,755.975,123,0.4949593495934959
16054.0,146,1,783.9,380,2011-07-17 13:08:00,2011-07-17 13:08:00,783.9,146,0.20849315068493152
16055.0,221,1,134.8,22,2011-05-03 09:26:00,2011-05-03 09:26:00,134.8,221,0.137737556561086
16056.0,46,1,664.85,347,2011-10-25 15:19:00,2011-10-25 15:19:00,664.85,46,0.6617391304347826
16057.0,17,7,2263.12,863,2011-02-28 10:35:00,2011-11-23 15:23:00,323.30285714285714,285,0.7476491228070176
16059.0,66,6,1459.8600000000001,643,2010-12-07 10:36:00,2011-10-05 09:56:00,243.31000000000003,368,0.49630434782608696
16062.0,10,4,1153.62,800,2010-12-10 12:00:00,2011-11-30 12:15:00,288.405,365,0.33358904109589044
16063.0,261,1,335.32,262,2011-03-24 14:55:00,2011-03-24 14:56:00,335.32,261,0.11662835249042146
16065.0,366,1,372.09,231,2010-12-09 13:03:00,2010-12-09 13:03:00,372.09,366,0.08316939890710383
16066.0,17,5,1521.87,936,2011-08-07 14:33:00,2011-11-23 11:54:00,304.37399999999997,125,1.2176
16070.0,23,2,852.15,457,2011-11-07 16:36:00,2011-11-17 15:50:00,426.075,33,1.8448484848484847
16071.0,45,1,326.24,180,2011-10-26 11:14:00,2011-10-26 11:14:00,326.24,45,0.6764444444444445
16072.0,289,1,584.3199999999999,140,2011-02-24 14:32:00,2011-02-24 14:32:00,584.3199999999999,289,0.1053287197231834
16073.0,298,1,122.39999999999999,48,2011-02-15 15:41:00,2011-02-15 15:41:00,122.39999999999999,298,0.10214765100671142
16076.0,4,10,2234.73,1435,2011-05-15 12:31:00,2011-12-06 14:59:00,223.473,209,1.4564593301435407
16078.0,284,1,79.2,16,2011-03-01 09:47:00,2011-03-01 09:47:00,79.2,284,0.1071830985915493
16079.0,17,3,1352.0,864,2011-10-30 13:06:00,2011-11-23 12:48:00,450.6666666666667,41,2.227317073170732
16080.0,82,2,217.16,128,2011-03-10 14:44:00,2011-09-19 10:42:00,108.58,275,0.2213818181818182
16081.0,57,5,2806.9,1477,2010-12-08 11:16:00,2011-10-14 13:06:00,561.38,367,0.4147138964577657
16083.0,101,2,1317.62,908,2010-12-14 11:51:00,2011-08-31 10:47:00,658.81,361,0.16864265927977842
16084.0,300,1,436.18,216,2011-02-13 16:05:00,2011-02-13 16:05:00,436.18,300,0.10146666666666666
16085.0,24,5,981.51,636,2011-01-23 12:07:00,2011-11-16 13:24:00,196.302,321,0.4741433021806854
16086.0,60,5,1121.39,511,2010-12-07 13:45:00,2011-10-11 13:09:00,224.27800000000002,368,0.41358695652173916
16091.0,155,2,315.06,154,2011-05-25 09:18:00,2011-07-08 08:45:00,157.53,199,0.30592964824120605
16092.0,115,3,817.86,628,2011-03-30 15:38:00,2011-08-17 10:46:00,272.62,255,0.35811764705882354
16093.0,107,1,17.0,20,2011-08-25 11:09:00,2011-08-25 11:09:00,17.0,107,0.28448598130841124
16094.0,12,4,1078.23,647,2011-05-04 13:57:00,2011-11-28 12:45:00,269.5575,220,0.5534545454545455
16096.0,265,1,320.62,155,2011-03-20 13:38:00,2011-03-20 13:38:00,320.62,265,0.1148679245283019
16097.0,241,1,185.04999999999998,87,2011-04-13 13:47:00,2011-04-13 13:47:00,185.04999999999998,241,0.12630705394190872
16098.0,88,7,2005.63,613,2010-12-01 09:45:00,2011-09-13 09:59:00,286.5185714285714,374,0.5697326203208556
16099.0,51,3,731.9,434,2011-04-28 08:34:00,2011-10-20 13:13:00,243.96666666666667,226,0.404070796460177
16101.0,71,1,1290.7,757,2011-09-30 10:18:00,2011-09-30 10:18:00,1290.7,71,0.4287323943661972
16102.0,43,3,1842.14,942,2011-08-03 12:50:00,2011-10-28 13:19:00,614.0466666666667,129,0.707906976744186
16103.0,8,6,1429.64,558,2011-04-20 12:28:00,2011-12-02 14:16:00,238.27333333333334,234,0.7805128205128206
16104.0,62,1,302.36,123,2011-10-09 10:23:00,2011-10-09 10:23:00,302.36,62,0.49096774193548387
16105.0,249,1,336.96,330,2011-04-05 10:13:00,2011-04-05 10:13:00,336.96,249,0.12224899598393575
16106.0,66,1,108.38,74,2011-10-05 10:37:00,2011-10-05 10:37:00,108.38,66,0.4612121212121212
16107.0,18,7,3204.1600000000003,1176,2011-06-09 18:42:00,2011-11-22 09:40:00,457.7371428571429,184,1.1580434782608695
16108.0,85,1,842.5,615,2011-09-16 11:48:00,2011-09-16 11:48:00,842.5,85,0.35811764705882354
16109.0,219,2,611.88,612,2011-02-04 12:37:00,2011-05-05 09:17:00,305.94,309,0.19702265372168287
16110.0,46,3,1337.48,733,2011-02-01 14:01:00,2011-10-25 14:35:00,445.82666666666665,312,0.2926923076923077
16112.0,144,4,195.73999999999998,574,2011-01-05 11:47:00,2011-07-19 14:28:00,48.934999999999995,339,0.3591740412979351
16113.0,184,1,161.38,176,2011-06-09 16:16:00,2011-06-09 16:16:00,161.38,184,0.16543478260869565
16114.0,171,1,135.75000000000003,43,2011-06-22 10:13:00,2011-06-22 10:13:00,135.75000000000003,171,0.17801169590643276
16115.0,10,8,1667.97,1001,2011-02-20 12:14:00,2011-11-30 11:32:00,208.49625,293,0.8311262798634813
16116.0,212,1,612.78,248,2011-05-12 12:01:00,2011-05-12 12:01:00,612.78,212,0.14358490566037738
16117.0,190,1,232.21,130,2011-06-03 11:42:00,2011-06-03 11:42:00,232.21,190,0.16021052631578947
16119.0,9,2,423.36,240,2011-09-28 10:15:00,2011-12-01 15:11:00,211.68,73,0.8339726027397261
16120.0,60,4,1309.14,878,2011-10-11 14:10:00,2011-10-11 14:22:00,327.285,60,2.0293333333333337
16121.0,58,2,867.11,586,2011-05-08 11:52:00,2011-10-13 12:59:00,433.555,216,0.28185185185185185
16122.0,74,4,684.4200000000001,1128,2010-12-08 11:41:00,2011-09-27 15:34:00,171.10500000000002,367,0.33177111716621255
16123.0,52,1,307.78,170,2011-10-19 09:18:00,2011-10-19 09:18:00,307.78,52,0.5853846153846154
16124.0,318,1,249.0,48,2011-01-26 14:45:00,2011-01-26 14:45:00,249.0,318,0.09572327044025157
16125.0,368,1,289.35,124,2010-12-07 15:48:00,2010-12-07 15:48:00,289.35,368,0.08271739130434783
16126.0,30,4,6287.77,2125,2011-02-16 11:18:00,2011-11-10 16:03:00,1571.9425,297,0.40996632996633
16127.0,40,1,656.25,323,2011-10-31 13:58:00,2011-10-31 13:58:00,656.25,40,0.761
16128.0,18,5,1880.22,988,2011-03-02 12:21:00,2011-11-22 11:14:00,376.044,283,0.537809187279152
16131.0,52,6,3506.54,1802,2011-04-14 08:32:00,2011-10-19 11:53:00,584.4233333333333,240,0.761
16133.0,4,33,14589.04,8887,2011-01-25 15:55:00,2011-12-06 11:24:00,442.09212121212124,319,3.1489655172413795
16134.0,22,2,618.09,371,2010-12-15 14:00:00,2011-11-18 10:05:00,309.045,360,0.16911111111111113
16135.0,263,1,517.55,209,2011-03-22 12:30:00,2011-03-22 12:30:00,517.55,263,0.11574144486692016
16136.0,60,3,709.38,440,2011-03-07 09:52:00,2011-10-11 09:10:00,236.46,278,0.3284892086330935
16139.0,19,3,635.41,330,2011-05-17 10:23:00,2011-11-21 08:37:00,211.8033333333333,207,0.4411594202898551
16140.0,66,2,725.18,730,2010-12-03 14:40:00,2011-10-05 12:15:00,362.59,372,0.16365591397849463
16141.0,89,1,620.4,238,2011-09-12 13:11:00,2011-09-12 13:11:00,620.4,89,0.34202247191011237
16142.0,250,1,535.34,422,2011-04-04 10:16:00,2011-04-04 10:16:00,535.34,250,0.12176
16143.0,4,6,2424.94,919,2010-12-05 15:18:00,2011-12-06 14:13:00,404.1566666666667,370,0.49362162162162165
16144.0,247,1,175.2,16,2011-04-07 10:09:00,2011-04-07 10:09:00,175.2,247,0.12323886639676114
16145.0,9,11,3799.4900000000002,3123,2010-12-15 09:09:00,2011-12-01 10:33:00,345.40818181818184,360,0.9301111111111111
16146.0,158,3,734.13,427,2011-04-21 15:25:00,2011-07-05 14:20:00,244.71,233,0.39193133047210305
16147.0,134,1,375.0,246,2011-07-29 09:57:00,2011-07-29 09:57:00,375.0,134,0.22716417910447761
16148.0,297,1,76.32000000000001,72,2011-02-16 14:01:00,2011-02-16 14:01:00,76.32000000000001,297,0.1024915824915825
16149.0,5,2,280.52,308,2011-07-20 14:54:00,2011-12-05 11:29:00,140.26,143,0.4257342657342657
16150.0,43,5,2053.02,1047,2010-12-02 18:27:00,2011-10-28 12:39:00,410.604,373,0.4080428954423593
16152.0,269,1,1829.04,642,2011-03-16 09:47:00,2011-03-16 09:47:00,1829.04,269,0.11315985130111525
16153.0,50,5,1824.23,1073,2010-12-20 09:22:00,2011-10-21 10:50:00,364.846,355,0.4287323943661972
16156.0,9,9,3122.04,1308,2011-02-02 12:02:00,2011-12-01 12:42:00,346.8933333333333,311,0.8809003215434085
16157.0,16,3,656.69,347,2011-09-28 11:48:00,2011-11-24 11:41:00,218.89666666666668,73,1.250958904109589
16159.0,282,1,348.2,236,2011-03-03 12:27:00,2011-03-03 12:27:00,348.2,282,0.10794326241134751
16160.0,66,2,1025.44,1162,2011-09-15 10:53:00,2011-10-05 14:19:00,512.72,86,0.707906976744186
16161.0,2,19,5575.56,2599,2010-12-06 10:03:00,2011-12-08 12:10:00,293.4505263157895,369,1.5673712737127372
16162.0,253,1,37.4,4,2011-04-01 15:03:00,2011-04-01 15:03:00,37.4,253,0.12031620553359684
16163.0,233,2,856.6,192,2010-12-09 16:28:00,2011-04-21 15:15:00,428.3,366,0.16633879781420766
16164.0,18,3,822.48,433,2011-10-28 09:12:00,2011-11-22 15:04:00,274.16,43,2.123720930232558
16168.0,11,27,3787.6,1892,2010-12-05 11:38:00,2011-11-29 12:45:00,140.28148148148148,370,2.2212972972972973
16169.0,9,4,1822.97,1325,2011-09-25 11:33:00,2011-12-01 15:28:00,455.7425,76,1.6021052631578947
16170.0,51,6,1885.05,1770,2011-04-05 13:42:00,2011-10-20 08:21:00,314.175,249,0.7334939759036145
16171.0,60,1,73.2,24,2011-10-11 14:51:00,2011-10-11 14:51:00,73.2,60,0.5073333333333334
16172.0,96,5,1140.21,787,2011-04-12 12:02:00,2011-09-05 13:22:00,228.042,242,0.6289256198347107
16173.0,16,6,1418.32,575,2011-09-02 15:23:00,2011-11-24 10:53:00,236.38666666666666,99,1.844848484848485
16174.0,127,3,1009.5500000000001,651,2011-07-11 09:23:00,2011-08-05 13:26:00,336.5166666666667,152,0.6007894736842105
16175.0,95,4,1037.59,533,2011-04-13 14:38:00,2011-09-06 14:32:00,259.3975,241,0.5052282157676349
16177.0,51,1,331.95,95,2011-10-20 12:57:00,2011-10-20 12:57:00,331.95,51,0.5968627450980393
16178.0,139,1,197.9,94,2011-07-24 16:05:00,2011-07-24 16:05:00,197.9,139,0.21899280575539568
16179.0,61,1,215.83,99,2011-10-10 09:41:00,2011-10-10 09:41:00,215.83,61,0.49901639344262294
16180.0,101,8,10254.18,5867,2011-04-01 10:23:00,2011-08-31 16:28:00,1281.7725,253,0.9625296442687747
16181.0,74,1,305.54,152,2011-09-27 13:38:00,2011-09-27 13:38:00,305.54,74,0.41135135135135137
16182.0,73,4,6617.65,3791,2011-02-18 10:11:00,2011-09-28 13:23:00,1654.4125,295,0.4127457627118644
16183.0,68,1,338.71000000000004,113,2011-10-03 14:59:00,2011-10-03 14:59:00,338.71000000000004,68,0.4476470588235294
16184.0,65,6,1158.79,561,2011-05-12 13:33:00,2011-10-06 17:43:00,193.13166666666666,212,0.8615094339622642
16185.0,17,2,529.41,260,2011-04-21 11:59:00,2011-11-23 09:41:00,264.705,233,0.26128755364806866
16186.0,23,12,4006.94,3020,2010-12-02 14:40:00,2011-11-17 12:43:00,333.9116666666667,373,0.9793029490616623
16187.0,32,15,6911.4400000000005,5048,2011-02-28 13:34:00,2011-11-08 09:50:00,460.7626666666667,285,1.602105263157895
16188.0,45,4,981.86,782,2011-04-11 09:44:00,2011-10-26 12:19:00,245.465,243,0.5010699588477366
16189.0,16,2,215.48,134,2011-09-15 15:21:00,2011-11-24 11:47:00,107.74,86,0.707906976744186
16190.0,41,1,215.08,88,2011-10-30 15:59:00,2011-10-30 15:59:00,215.08,41,0.7424390243902439
16191.0,3,13,5180.52,3351,2010-12-14 12:38:00,2011-12-07 11:26:00,398.5015384615385,361,1.0961772853185596
16193.0,237,1,314.45,219,2011-04-17 11:45:00,2011-04-17 11:45:00,314.45,237,0.12843881856540085
16198.0,76,1,400.68100000000004,129,2011-09-25 14:58:00,2011-09-25 14:58:00,400.68100000000004,76,0.4005263157894737
16200.0,5,2,1080.6200000000001,523,2011-06-28 15:47:00,2011-12-05 14:40:00,540.3100000000001,165,0.36896969696969695
16201.0,4,4,1863.47,1286,2011-08-22 10:47:00,2011-12-06 16:02:00,465.8675,110,1.106909090909091
16202.0,361,1,365.27,191,2010-12-14 10:43:00,2010-12-14 10:43:00,365.27,361,0.08432132963988921
16203.0,59,4,592.9,262,2010-12-02 15:39:00,2011-10-12 12:31:00,148.225,373,0.3264343163538874
16204.0,24,1,405.71,231,2011-11-16 13:40:00,2011-11-16 13:40:00,405.71,24,1.0
16205.0,31,4,761.38,517,2011-06-13 11:33:00,2011-11-09 09:32:00,190.345,180,0.6764444444444445
16206.0,55,4,537.0600000000001,272,2011-01-16 11:07:00,2011-10-16 10:41:00,134.26500000000001,328,0.37121951219512195
16207.0,26,1,394.38,140,2011-11-14 13:51:00,2011-11-14 13:51:00,394.38,26,1.0
16208.0,45,2,664.26,333,2011-02-23 13:37:00,2011-10-26 11:36:00,332.13,290,0.20993103448275863
16209.0,89,5,2262.62,1179,2011-04-07 12:23:00,2011-09-12 11:58:00,452.524,247,0.6161943319838057
16210.0,2,18,21086.3,7559,2010-12-01 12:27:00,2011-12-08 12:36:00,1171.461111111111,374,1.4650267379679145
16211.0,89,1,547.02,154,2011-09-12 12:11:00,2011-09-12 12:11:00,547.02,89,0.34202247191011237
16212.0,20,2,690.34,244,2011-03-01 12:51:00,2011-11-20 13:00:00,345.17,284,0.2143661971830986
16213.0,79,1,159.0,48,2011-09-22 10:03:00,2011-09-22 10:03:00,159.0,79,0.38531645569620254
16214.0,171,3,1062.75,420,2011-03-15 13:23:00,2011-06-22 11:30:00,354.25,270,0.3382222222222222
16215.0,81,1,242.35,104,2011-09-20 10:18:00,2011-09-20 10:18:00,242.35,81,0.37580246913580245
16216.0,268,1,914.9300000000001,254,2011-03-17 15:34:00,2011-03-17 15:34:00,914.9300000000001,268,0.11358208955223881
16217.0,236,2,304.25,91,2011-03-02 15:28:00,2011-04-18 13:31:00,152.125,283,0.2151236749116608
16218.0,30,7,3084.68,2088,2010-12-01 11:29:00,2011-11-10 09:59:00,440.6685714285714,374,0.5697326203208556
16221.0,37,3,864.86,717,2010-12-07 13:13:00,2011-11-03 11:43:00,288.2866666666667,368,0.24815217391304348
16222.0,319,1,846.72,365,2011-01-25 13:38:00,2011-01-25 13:38:00,846.72,319,0.09542319749216302
16224.0,58,4,1295.3,1116,2011-04-04 12:00:00,2011-10-13 17:51:00,323.825,250,0.48704
16225.0,45,5,1096.32,493,2011-03-07 12:17:00,2011-10-26 08:30:00,219.26399999999998,278,0.5474820143884892
16226.0,204,3,255.12,192,2011-04-18 12:58:00,2011-05-20 14:41:00,85.04,236,0.3869491525423729
16227.0,226,1,314.22,90,2011-04-28 13:33:00,2011-04-28 13:33:00,314.22,226,0.13469026548672566
16229.0,88,2,1010.6,318,2011-05-11 10:18:00,2011-09-13 17:16:00,505.3,213,0.28582159624413145
16230.0,190,2,542.03,365,2011-05-03 15:12:00,2011-06-03 10:06:00,271.015,221,0.275475113122172
16232.0,44,4,990.88,550,2011-05-08 14:05:00,2011-10-27 12:16:00,247.72,216,0.5637037037037037
16233.0,72,3,536.6800000000001,174,2010-12-08 12:51:00,2011-09-29 17:27:00,178.89333333333335,367,0.24882833787465944
16235.0,41,5,867.31,330,2011-01-11 15:42:00,2011-10-30 10:56:00,173.462,333,0.4570570570570571
16236.0,79,1,432.2,184,2011-09-22 14:10:00,2011-09-22 14:10:00,432.2,79,0.38531645569620254
16239.0,57,2,414.2,228,2011-06-03 09:30:00,2011-10-14 08:29:00,207.1,190,0.32042105263157894
16240.0,25,2,3718.8,1641,2011-09-23 13:44:00,2011-11-15 14:30:00,1859.4,78,0.7805128205128206
16241.0,10,13,2607.87,1453,2010-12-05 11:04:00,2011-11-30 11:08:00,200.6053846153846,370,1.0695135135135136
16242.0,9,7,3603.21,1982,2011-03-07 17:04:00,2011-12-01 15:12:00,514.7442857142858,278,0.7664748201438849
16243.0,34,2,409.1,110,2011-10-16 12:09:00,2011-11-06 12:32:00,204.55,55,1.106909090909091
16244.0,212,2,1522.75,855,2010-12-02 11:41:00,2011-05-12 10:18:00,761.375,373,0.1632171581769437
16245.0,24,3,1413.66,1014,2011-03-28 09:30:00,2011-11-16 10:14:00,471.22,257,0.3553307392996109
16247.0,171,1,114.56,182,2011-06-22 14:23:00,2011-06-22 14:23:00,114.56,171,0.17801169590643276
16248.0,62,1,152.94,78,2011-10-09 11:32:00,2011-10-09 11:32:00,152.94,62,0.49096774193548387
16249.0,53,5,1800.07,950,2011-04-14 13:50:00,2011-10-18 10:07:00,360.014,240,0.6341666666666667
16250.0,262,2,389.44,208,2010-12-01 09:59:00,2011-03-23 15:07:00,194.72,374,0.1627807486631016
16253.0,67,2,3683.86,3233,2011-03-29 13:33:00,2011-10-04 09:09:00,1841.93,256,0.23781249999999998
16255.0,17,8,2619.91,1767,2010-12-09 14:25:00,2011-11-23 12:40:00,327.48875,366,0.6653551912568306
16256.0,267,1,752.4300000000001,581,2011-03-18 12:18:00,2011-03-18 12:18:00,752.4300000000001,267,0.11400749063670412
16257.0,177,1,46.95,2,2011-06-16 10:11:00,2011-06-16 10:11:00,46.95,177,0.1719774011299435
16258.0,46,5,5203.51,2994,2011-05-04 14:33:00,2011-10-25 13:30:00,1040.702,220,0.6918181818181819
16260.0,51,1,1035.45,311,2011-10-20 09:40:00,2011-10-20 09:40:00,1035.45,51,0.5968627450980393
16261.0,18,4,746.83,306,2011-04-07 19:05:00,2011-11-22 17:23:00,186.7075,247,0.49295546558704456
16265.0,10,9,5447.0,2646,2010-12-10 10:21:00,2011-11-30 16:41:00,605.2222222222222,365,0.7505753424657535
16266.0,74,7,861.89,398,2011-05-17 14:50:00,2011-09-27 12:08:00,123.12714285714286,207,1.0293719806763286
16268.0,72,2,667.65,533,2011-09-29 18:30:00,2011-09-29 18:30:00,333.825,72,0.8455555555555555
16270.0,354,1,1141.24,688,2010-12-21 14:26:00,2010-12-21 14:26:00,1141.24,354,0.08598870056497175
16271.0,3,5,1429.24,1038,2010-12-16 16:36:00,2011-12-07 12:45:00,285.848,359,0.4239554317548747
16272.0,117,1,411.7,224,2011-08-15 10:53:00,2011-08-15 10:54:00,411.7,117,0.26017094017094017
16274.0,374,1,357.95,155,2010-12-01 15:35:00,2010-12-01 15:35:00,357.95,374,0.0813903743315508
16275.0,197,1,559.87,336,2011-05-27 12:41:00,2011-05-27 12:41:00,559.87,197,0.15451776649746193
16276.0,177,1,810.6000000000001,420,2011-06-16 09:34:00,2011-06-16 09:34:00,810.6000000000001,177,0.1719774011299435
16278.0,101,1,566.38,114,2011-08-31 17:12:00,2011-08-31 17:12:00,566.38,101,0.3013861386138614
16279.0,22,3,1509.58,1054,2011-06-16 11:50:00,2011-11-18 15:00:00,503.1933333333333,177,0.5159322033898305
16281.0,73,1,2062.06,934,2011-09-28 14:57:00,2011-09-28 14:57:00,2062.06,73,0.41698630136986303
16282.0,340,1,168.3,114,2011-01-04 11:42:00,2011-01-04 11:42:00,168.3,340,0.08952941176470589
16283.0,6,5,1570.81,1236,2011-05-15 13:37:00,2011-12-04 12:08:00,314.162,209,0.7282296650717703
16284.0,32,2,823.97,544,2011-10-20 13:54:00,2011-11-08 16:12:00,411.985,51,1.1937254901960785
16287.0,170,1,142.5,298,2011-06-23 09:08:00,2011-06-23 09:08:00,142.5,170,0.17905882352941177
16292.0,122,1,302.25,191,2011-08-10 12:24:00,2011-08-10 12:24:00,302.25,122,0.24950819672131147
16293.0,22,10,2248.9900000000002,982,2010-12-07 15:02:00,2011-11-18 09:58:00,224.89900000000003,368,0.8271739130434783
16295.0,10,4,1328.55,841,2011-10-06 10:45:00,2011-11-30 08:17:00,332.1375,65,1.8732307692307693
16297.0,269,1,301.9,206,2011-03-16 08:29:00,2011-03-16 08:29:00,301.9,269,0.11315985130111525
16298.0,23,3,598.2,198,2011-06-06 10:06:00,2011-11-17 11:59:00,199.4,187,0.4883422459893048
16302.0,127,1,233.22,158,2011-08-05 09:44:00,2011-08-05 09:44:00,233.22,127,0.23968503937007873
16303.0,26,3,5360.63,2659,2011-01-10 14:16:00,2011-11-14 10:49:00,1786.8766666666668,334,0.27341317365269463
16305.0,139,1,361.21999999999997,256,2011-07-24 12:18:00,2011-07-24 12:18:00,361.21999999999997,139,0.21899280575539568
16306.0,214,6,632.27,487,2010-12-07 15:18:00,2011-05-10 12:12:00,105.37833333333333,368,0.49630434782608696
16308.0,38,4,2560.0,8000,2011-03-23 14:46:00,2011-11-02 11:24:00,640.0,262,0.46473282442748093
16309.0,107,2,706.57,467,2011-04-13 11:46:00,2011-08-25 15:35:00,353.285,241,0.25261410788381744
16311.0,18,2,616.26,394,2011-10-21 13:13:00,2011-11-22 08:54:00,308.13,50,1.2176
16313.0,4,2,274.15000000000003,165,2011-10-21 09:04:00,2011-12-06 13:02:00,137.07500000000002,50,1.2176
16315.0,331,1,226.37,75,2011-01-13 11:57:00,2011-01-13 11:57:00,226.37,331,0.09196374622356496
16316.0,65,8,2938.91,1484,2010-12-16 14:26:00,2011-10-06 13:48:00,367.36375,359,0.6783286908077996
16317.0,120,3,1341.65,890,2011-02-15 14:30:00,2011-08-12 12:46:00,447.2166666666667,298,0.30644295302013425
16318.0,36,1,328.15,199,2011-11-04 13:05:00,2011-11-04 13:05:00,328.15,36,0.8455555555555555
16319.0,218,1,404.40000000000003,72,2011-05-06 11:27:00,2011-05-06 11:27:00,404.40000000000003,218,0.1396330275229358
16320.0,173,2,1038.46,732,2011-05-10 15:31:00,2011-06-20 15:25:00,519.23,214,0.28448598130841124
16321.0,73,5,373.65000000000003,135,2011-01-20 12:11:00,2011-09-28 14:55:00,74.73,324,0.4697530864197531
16322.0,2,2,326.75,231,2011-11-03 14:33:00,2011-12-08 15:41:00,163.375,37,1.6454054054054055
16323.0,197,1,207.50000000000003,50,2011-05-27 14:48:00,2011-05-27 14:48:00,207.50000000000003,197,0.15451776649746193
16324.0,129,3,428.68,282,2011-06-15 14:26:00,2011-08-03 12:58:00,142.89333333333335,178,0.5130337078651686
16325.0,47,3,594.24,194,2011-04-08 09:20:00,2011-10-24 08:48:00,198.08,246,0.37121951219512195
16326.0,6,14,3110.96,709,2011-01-09 12:01:00,2011-12-04 10:11:00,222.21142857142857,335,1.2721194029850746
16327.0,15,6,3844.22,2571,2010-12-05 12:43:00,2011-11-25 13:23:00,640.7033333333333,370,0.49362162162162165
16330.0,18,3,251.91,147,2011-08-19 17:08:00,2011-11-22 12:24:00,83.97,113,0.808141592920354
16332.0,29,7,1593.2,801,2011-02-07 14:16:00,2011-11-11 14:22:00,227.6,306,0.6963398692810457
16333.0,8,22,26626.8,32184,2011-02-03 10:50:00,2011-12-02 12:19:00,1210.3090909090909,310,2.160258064516129
16337.0,37,1,151.05,87,2011-11-03 10:03:00,2011-11-03 10:03:00,151.05,37,0.8227027027027027
16338.0,158,1,214.79999999999998,94,2011-07-05 13:56:00,2011-07-05 13:56:00,214.79999999999998,158,0.19265822784810127
16339.0,285,1,109.95,23,2011-02-28 13:41:00,2011-02-28 13:41:00,109.95,285,0.10680701754385966
16340.0,108,1,549.07,501,2011-08-24 14:53:00,2011-08-24 14:53:00,549.07,108,0.28185185185185185
16341.0,25,4,1971.87,1398,2011-05-22 13:20:00,2011-11-15 09:12:00,492.9675,202,0.6027722772277228
16342.0,76,4,322.41,157,2011-06-13 10:10:00,2011-09-25 14:36:00,80.6025,180,0.6764444444444445
16343.0,17,2,370.47999999999996,195,2011-11-23 17:43:00,2011-11-23 17:45:00,185.23999999999998,17,2.0
16344.0,159,1,101.10000000000001,18,2011-07-04 15:50:00,2011-07-04 15:50:00,101.10000000000001,159,0.19144654088050314
16345.0,45,1,575.41,289,2011-10-26 16:03:00,2011-10-26 16:03:00,575.41,45,0.6764444444444445
16347.0,12,2,887.65,353,2011-11-03 13:01:00,2011-11-28 13:14:00,443.825,37,1.6454054054054055
16348.0,33,7,1469.45,819,2011-04-13 15:49:00,2011-11-07 15:44:00,209.92142857142858,241,0.8841493775933611
16349.0,291,1,53.5,9,2011-02-22 12:40:00,2011-02-22 12:40:00,53.5,291,0.10460481099656359
16350.0,22,4,1116.47,545,2011-01-10 09:44:00,2011-11-18 15:53:00,279.1175,334,0.3645508982035928
16351.0,333,1,153.9,90,2011-01-11 10:26:00,2011-01-11 10:26:00,153.9,333,0.09141141141141142
16352.0,18,2,494.44,300,2011-11-02 08:44:00,2011-11-22 10:32:00,247.22,38,1.6021052631578947
16353.0,4,23,6675.71,2006,2010-12-05 12:09:00,2011-12-06 12:23:00,290.24826086956523,370,1.8922162162162164
16354.0,64,2,395.8,150,2011-09-27 16:28:00,2011-10-07 14:28:00,197.9,74,0.8227027027027027
16356.0,198,3,211.77,93,2011-03-07 12:31:00,2011-05-26 11:51:00,70.59,278,0.3284892086330935
16357.0,34,3,658.88,246,2011-05-10 10:35:00,2011-11-06 16:04:00,219.62666666666667,214,0.42672897196261683
16358.0,2,4,2027.5,1302,2011-06-08 15:05:00,2011-12-08 15:09:00,506.875,185,0.6581621621621622
16359.0,8,9,1750.92,1183,2011-01-12 10:49:00,2011-12-02 17:04:00,194.54666666666668,332,0.8251807228915663
16360.0,5,6,3512.53,2144,2011-09-12 13:50:00,2011-12-05 12:16:00,585.4216666666667,89,2.052134831460674
16361.0,10,4,896.66,421,2011-09-29 13:13:00,2011-11-30 12:32:00,224.165,72,1.691111111111111
16362.0,33,5,734.77,351,2011-09-09 14:47:00,2011-11-07 13:01:00,146.954,92,1.6543478260869566
16363.0,54,1,109.36000000000001,52,2011-10-17 14:14:00,2011-10-17 14:14:00,109.36000000000001,54,0.5637037037037037
16364.0,12,2,707.04,280,2011-07-25 14:35:00,2011-11-28 11:27:00,353.52,138,0.44115942028985505
16365.0,18,9,1540.42,504,2010-12-07 17:19:00,2011-11-22 11:24:00,171.1577777777778,368,0.7444565217391305
16366.0,19,1,327.3,256,2011-11-21 08:19:00,2011-11-21 08:19:00,327.3,19,1.0
16367.0,38,2,804.49,647,2010-12-12 12:01:00,2011-11-02 13:13:00,402.245,363,0.16771349862258955
16368.0,3,2,497.43,260,2011-11-11 15:08:00,2011-12-07 13:12:00,248.715,29,2.0
16369.0,19,3,1553.66,1035,2011-05-27 09:39:00,2011-11-21 16:25:00,517.8866666666667,197,0.46355329949238583
16370.0,83,4,1320.56,647,2011-04-28 16:40:00,2011-09-18 15:55:00,330.14,226,0.5387610619469027
16372.0,34,2,367.93,166,2011-11-06 12:50:00,2011-11-06 13:08:00,183.965,34,1.7905882352941176
16374.0,67,2,473.03000000000003,240,2011-03-22 13:46:00,2011-10-04 15:21:00,236.51500000000001,263,0.23148288973384032
16376.0,9,2,987.01,694,2011-11-22 16:47:00,2011-12-01 11:38:00,493.505,18,2.0
16377.0,268,1,676.2,1500,2011-03-17 15:41:00,2011-03-17 15:41:00,676.2,268,0.11358208955223881
16378.0,248,3,362.95,267,2011-02-02 12:42:00,2011-04-06 15:07:00,120.98333333333333,311,0.2936334405144695
16379.0,5,4,2157.4,1410,2011-09-22 09:33:00,2011-12-05 15:38:00,539.35,79,1.5412658227848102
16380.0,62,1,1780.59,1524,2011-10-09 15:40:00,2011-10-09 15:40:00,1780.59,62,0.49096774193548387
16383.0,75,2,668.36,475,2011-03-16 13:00:00,2011-09-26 12:45:00,334.18,269,0.2263197026022305
16384.0,90,2,584.5,260,2011-03-21 10:13:00,2011-09-11 11:19:00,292.25,264,0.2306060606060606
16385.0,61,3,555.89,261,2010-12-08 12:56:00,2011-10-10 13:12:00,185.29666666666665,367,0.24882833787465944
16386.0,29,2,317.2,224,2011-03-31 12:19:00,2011-11-11 12:28:00,158.6,254,0.23968503937007873
16387.0,323,1,94.36,44,2011-01-21 11:34:00,2011-01-21 11:34:00,94.36,323,0.09424148606811146
16389.0,54,4,1382.07,1242,2011-03-01 15:47:00,2011-10-17 14:41:00,345.5175,284,0.4287323943661972
16392.0,270,1,221.19,203,2011-03-15 12:11:00,2011-03-15 12:11:00,221.19,270,0.11274074074074074
16393.0,3,13,3046.21,1576,2010-12-05 13:10:00,2011-12-07 12:51:00,234.32384615384615,370,1.0695135135135136
16394.0,57,5,1555.34,2604,2011-02-23 10:58:00,2011-10-14 09:48:00,311.068,290,0.5248275862068965
16395.0,61,5,1486.9,1476,2011-01-13 12:10:00,2011-10-10 12:50:00,297.38,331,0.45981873111782484
16398.0,155,2,1705.8,758,2011-03-31 09:38:00,2011-07-08 15:16:00,852.9,254,0.23968503937007873
16399.0,20,2,408.57,264,2011-04-18 13:46:00,2011-11-20 16:12:00,204.285,236,0.2579661016949153
16400.0,95,1,303.93,172,2011-09-06 12:27:00,2011-09-06 12:27:00,303.93,95,0.32042105263157894
16401.0,2,12,4098.32,3882,2011-01-16 10:56:00,2011-12-08 18:15:00,341.52666666666664,328,1.113658536585366
16402.0,265,2,299.6,149,2010-12-05 13:42:00,2011-03-20 12:25:00,149.8,370,0.16454054054054054
16403.0,313,1,177.5,114,2011-01-31 13:39:00,2011-01-31 13:39:00,177.5,313,0.0972523961661342
16404.0,71,1,443.05,157,2011-09-30 14:55:00,2011-09-30 14:55:00,443.05,71,0.4287323943661972
16405.0,303,2,167.25,187,2011-02-02 17:08:00,2011-02-10 15:24:00,83.625,311,0.19575562700964633
16406.0,19,1,163.07,122,2011-11-21 11:57:00,2011-11-21 11:57:00,163.07,19,1.0
16407.0,13,10,2126.93,1124,2011-01-31 14:02:00,2011-11-27 11:05:00,212.69299999999998,313,0.9725239616613419
16409.0,37,5,2028.88,1306,2011-01-26 14:51:00,2011-11-03 16:45:00,405.776,318,0.47861635220125787
16411.0,20,2,214.65,132,2010-12-05 13:26:00,2011-11-20 13:23:00,107.325,370,0.16454054054054054
16412.0,54,1,151.83,73,2011-10-17 12:35:00,2011-10-17 12:35:00,151.83,54,0.5637037037037037
16413.0,57,1,262.2,148,2011-10-14 12:08:00,2011-10-14 12:08:00,262.2,57,0.5340350877192983
16414.0,22,2,126.25,27,2011-03-04 13:27:00,2011-11-18 09:42:00,63.125,281,0.21665480427046266
16415.0,45,1,210.35,187,2011-10-26 13:35:00,2011-10-26 13:35:00,210.35,45,0.6764444444444445
16416.0,27,3,1051.4,672,2011-10-14 13:35:00,2011-11-13 12:50:00,350.4666666666667,57,1.602105263157895
16418.0,45,3,675.27,288,2011-04-27 16:54:00,2011-10-26 12:39:00,225.09,227,0.40229074889867844
16419.0,113,6,972.23,436,2011-02-01 12:25:00,2011-08-19 12:33:00,162.03833333333333,312,0.5853846153846154
16422.0,18,51,34684.4,33704,2010-12-05 15:35:00,2011-11-22 14:00:00,680.086274509804,370,4.195783783783784
16423.0,25,1,346.12,230,2011-11-15 09:21:00,2011-11-15 09:21:00,346.12,25,1.0
16424.0,192,1,133.56,88,2011-06-01 13:40:00,2011-06-01 13:40:00,133.56,192,0.15854166666666666
16425.0,303,1,302.7,199,2011-02-10 14:30:00,2011-02-10 14:30:00,302.7,303,0.10046204620462047
16426.0,3,10,1908.25,1243,2011-03-08 15:45:00,2011-12-07 14:01:00,190.825,277,1.0989169675090253
16427.0,264,2,241.06,156,2011-02-28 15:18:00,2011-03-21 17:10:00,120.53,285,0.2136140350877193
16429.0,107,1,284.55,9,2011-08-25 13:54:00,2011-08-25 13:54:00,284.55,107,0.28448598130841124
16430.0,58,1,300.85,103,2011-10-13 14:47:00,2011-10-13 14:47:00,300.85,58,0.5248275862068966
16431.0,214,3,642.81,453,2011-02-15 14:02:00,2011-05-10 14:09:00,214.26999999999998,298,0.30644295302013425
16432.0,65,1,287.4,276,2011-10-06 13:59:00,2011-10-06 13:59:00,287.4,65,0.4683076923076923
16433.0,29,1,184.26,106,2011-11-11 14:09:00,2011-11-11 14:09:00,184.26,29,1.0
16434.0,30,7,1522.25,767,2011-02-13 12:17:00,2011-11-10 14:28:00,217.46428571428572,300,0.7102666666666667
16438.0,6,5,798.35,463,2011-09-18 13:31:00,2011-12-04 10:51:00,159.67000000000002,83,1.8337349397590361
16440.0,8,5,3640.67,2018,2011-05-09 12:25:00,2011-12-02 12:02:00,728.134,215,0.7079069767441861
16441.0,68,2,381.2,173,2011-02-21 17:35:00,2011-10-03 17:48:00,190.6,292,0.20849315068493152
16442.0,2,3,616.79,446,2010-12-14 10:46:00,2011-12-08 11:43:00,205.59666666666666,361,0.2529639889196676
16444.0,47,4,654.67,407,2011-03-20 12:14:00,2011-10-24 13:50:00,163.6675,265,0.4594716981132076
16445.0,34,1,230.51,111,2011-11-06 12:32:00,2011-11-06 12:32:00,230.51,34,0.8952941176470588
16446.0,1,2,168472.5,80997,2011-05-18 09:52:00,2011-12-09 09:15:00,84236.25,206,0.2955339805825243
16447.0,136,1,259.01,223,2011-07-27 12:45:00,2011-07-27 12:45:00,259.01,136,0.2238235294117647
16448.0,199,1,188.89000000000001,78,2011-05-25 16:28:00,2011-05-25 16:28:00,188.89000000000001,199,0.15296482412060303
16449.0,198,2,707.69,367,2011-03-04 12:15:00,2011-05-26 10:25:00,353.845,281,0.21665480427046266
16450.0,150,1,311.92,200,2011-07-13 11:47:00,2011-07-13 11:47:00,311.92,150,0.20293333333333333
16451.0,88,1,266.97,120,2011-09-13 09:17:00,2011-09-13 09:17:00,266.97,88,0.34590909090909094
16454.0,45,2,6.9,3,2011-10-06 16:57:00,2011-10-26 11:40:00,3.45,65,0.9366153846153846
16455.0,64,7,1841.18,988,2010-12-03 16:44:00,2011-10-07 12:17:00,263.0257142857143,372,0.5727956989247313
16456.0,100,5,2158.37,1148,2010-12-01 14:11:00,2011-09-01 13:50:00,431.674,374,0.40695187165775404
16457.0,219,1,208.36,140,2011-05-05 13:19:00,2011-05-05 13:19:00,208.36,219,0.13899543378995435
16458.0,3,18,3482.7400000000002,2154,2010-12-14 11:51:00,2011-12-07 09:34:00,193.48555555555558,361,1.5177839335180057
16460.0,29,3,814.72,879,2011-09-19 10:15:00,2011-11-11 13:46:00,271.5733333333333,82,1.113658536585366
16461.0,178,1,151.42,49,2011-06-15 12:07:00,2011-06-15 12:07:00,151.42,178,0.17101123595505618
16462.0,74,3,136.0,16,2011-03-01 08:58:00,2011-09-27 10:24:00,45.333333333333336,284,0.32154929577464786
16463.0,22,4,1422.4,1163,2011-05-19 14:45:00,2011-11-18 14:01:00,355.6,205,0.5939512195121951
16464.0,20,3,1314.68,963,2011-07-20 13:53:00,2011-11-20 12:11:00,438.2266666666667,143,0.6386013986013986
16466.0,34,7,1603.46,789,2011-02-20 11:39:00,2011-11-06 11:35:00,229.06571428571428,293,0.7272354948805462
16468.0,75,1,74.9,31,2011-09-26 14:13:00,2011-09-26 14:13:00,74.9,75,0.40586666666666665
16469.0,24,4,650.43,273,2011-04-07 13:11:00,2011-11-16 12:25:00,162.6075,247,0.49295546558704456
16470.0,52,4,762.39,531,2010-12-16 11:53:00,2011-10-19 12:11:00,190.5975,359,0.3391643454038998
16471.0,275,1,223.95000000000002,141,2011-03-10 09:41:00,2011-03-10 09:41:00,223.95000000000002,275,0.1106909090909091
16473.0,165,3,316.11,196,2011-01-07 10:55:00,2011-06-28 09:10:00,105.37,337,0.2709792284866469
16474.0,8,7,1871.5,943,2011-07-17 14:51:00,2011-12-02 13:02:00,267.35714285714283,146,1.4594520547945204
16475.0,89,4,544.3,319,2011-03-11 09:39:00,2011-09-12 14:37:00,136.075,274,0.4443795620437956
16477.0,64,7,2494.46,1415,2010-12-03 12:48:00,2011-10-07 09:44:00,356.3514285714286,372,0.5727956989247313
16478.0,26,3,331.0,224,2011-10-05 12:02:00,2011-11-14 15:51:00,110.33333333333333,66,1.3836363636363636
16479.0,11,2,300.83,102,2011-11-29 13:04:00,2011-11-29 13:40:00,150.415,11,2.0
16480.0,76,1,769.29,455,2011-09-25 11:40:00,2011-09-25 11:40:00,769.29,76,0.4005263157894737
16482.0,16,1,220.62,346,2011-11-24 12:33:00,2011-11-24 12:33:00,220.62,16,1.0
16483.0,193,1,139.35,44,2011-05-31 13:08:00,2011-05-31 13:08:00,139.35,193,0.15772020725388602
16484.0,174,2,404.3,200,2011-06-02 10:39:00,2011-06-19 12:06:00,202.15,191,0.3187434554973822
16485.0,78,1,363.65,235,2011-09-23 15:50:00,2011-09-23 15:50:00,363.65,78,0.3902564102564103
16488.0,34,3,498.8,728,2011-07-14 11:46:00,2011-11-06 13:42:00,166.26666666666668,149,0.6128859060402685
16491.0,47,1,731.5,478,2011-10-24 10:18:00,2011-10-24 10:18:00,731.5,47,0.6476595744680851
16493.0,80,4,1351.63,1164,2011-01-14 08:16:00,2011-09-21 11:10:00,337.9075,330,0.36896969696969695
16494.0,297,1,826.53,675,2011-02-16 12:49:00,2011-02-16 12:49:00,826.53,297,0.1024915824915825
16495.0,4,3,684.41,337,2011-03-08 16:38:00,2011-12-06 13:20:00,228.13666666666666,277,0.3296750902527076
16496.0,9,3,1599.52,1111,2011-01-27 09:42:00,2011-12-01 10:31:00,533.1733333333333,317,0.28807570977917984
16497.0,50,6,2965.69,1396,2011-01-10 13:20:00,2011-10-21 10:55:00,494.2816666666667,334,0.5468263473053893
16498.0,162,2,100.97,45,2011-06-30 19:52:00,2011-07-01 15:07:00,50.485,163,0.37349693251533744
16499.0,361,2,365.45,127,2010-12-10 10:27:00,2010-12-14 13:31:00,182.725,365,0.16679452054794522
16500.0,5,6,400.86,123,2011-01-13 10:28:00,2011-12-05 12:04:00,66.81,331,0.5517824773413897
16503.0,107,4,1431.93,569,2010-12-14 13:50:00,2011-08-25 11:46:00,357.9825,361,0.33728531855955685
16504.0,26,1,484.38,524,2011-11-14 15:18:00,2011-11-14 15:18:00,484.38,26,1.0
16505.0,32,1,777.6,576,2011-11-08 12:14:00,2011-11-08 12:14:00,777.6,32,0.9512499999999999
16506.0,20,2,90.30000000000001,42,2011-10-30 15:50:00,2011-11-20 12:17:00,45.150000000000006,41,1.4848780487804878
16509.0,297,1,363.7,64,2011-02-16 09:25:00,2011-02-16 09:25:00,363.7,297,0.1024915824915825
16510.0,373,1,248.1,92,2010-12-02 13:39:00,2010-12-02 13:39:00,248.1,373,0.08160857908847186
16511.0,22,3,950.26,417,2011-03-18 11:24:00,2011-11-18 10:41:00,316.75333333333333,267,0.34202247191011237
16513.0,5,4,874.59,407,2011-10-27 14:56:00,2011-12-05 10:18:00,218.6475,44,2.7672727272727276
16515.0,53,5,1627.13,833,2011-02-01 13:09:00,2011-10-18 13:10:00,325.42600000000004,312,0.4878205128205128
16516.0,31,1,101.69999999999999,58,2011-11-09 14:59:00,2011-11-09 14:59:00,101.69999999999999,31,0.9819354838709677
16517.0,278,1,162.7,96,2011-03-07 13:50:00,2011-03-07 13:50:00,162.7,278,0.10949640287769784
16518.0,62,2,484.32,327,2011-02-28 16:36:00,2011-10-09 15:04:00,242.16,285,0.2136140350877193
16519.0,26,2,215.07999999999998,54,2010-12-09 14:08:00,2011-11-14 15:41:00,107.53999999999999,366,0.16633879781420766
16520.0,187,3,1046.57,558,2010-12-09 13:08:00,2011-06-06 13:24:00,348.8566666666666,366,0.24950819672131147
16523.0,2,21,9418.470000000001,4265,2011-01-28 12:06:00,2011-12-08 09:06:00,448.4985714285715,316,2.0229113924050632
16525.0,3,26,13027.45,7397,2010-12-08 11:31:00,2011-12-07 15:07:00,501.0557692307693,367,2.1565122615803816
16526.0,172,1,290.36,106,2011-06-21 12:02:00,2011-06-21 12:02:00,290.36,172,0.1769767441860465
16527.0,82,1,228.06,106,2011-09-19 16:21:00,2011-09-19 16:21:00,228.06,82,0.37121951219512195
16528.0,4,1,244.41,171,2011-12-06 12:45:00,2011-12-06 12:45:00,244.41,4,1.0
16529.0,191,1,455.25,198,2011-06-02 17:23:00,2011-06-02 17:23:00,455.25,191,0.1593717277486911
16531.0,23,7,1244.59,915,2010-12-14 13:19:00,2011-11-17 16:29:00,177.79857142857142,361,0.5902493074792244
16532.0,18,3,6748.8,2016,2011-01-05 12:37:00,2011-11-22 11:08:00,2249.6,339,0.2693805309734513
16533.0,20,3,1095.56,612,2011-10-02 15:07:00,2011-11-20 13:08:00,365.18666666666667,69,1.3234782608695652
16535.0,6,1,593.75,356,2011-12-04 15:18:00,2011-12-04 15:18:00,593.75,6,1.0
16536.0,111,1,548.97,251,2011-08-21 15:54:00,2011-08-21 15:54:00,548.97,111,0.27423423423423426
16539.0,3,4,1388.81,477,2010-12-01 15:40:00,2011-12-07 08:41:00,347.2025,374,0.3255614973262032
16542.0,54,1,119.62,46,2011-10-17 10:47:00,2011-10-17 10:47:00,119.62,54,0.5637037037037037
16545.0,165,1,339.3,78,2011-06-28 10:37:00,2011-06-28 10:37:00,339.3,165,0.18448484848484847
16546.0,291,2,787.15,549,2010-12-02 12:07:00,2011-02-22 11:20:00,393.575,373,0.1632171581769437
16549.0,11,10,4154.64,2365,2011-01-09 14:03:00,2011-11-29 15:06:00,415.46400000000006,335,0.9086567164179106
16550.0,109,5,2298.97,1540,2010-12-06 13:53:00,2011-08-23 11:12:00,459.794,369,0.41246612466124666
16551.0,96,3,922.12,970,2011-01-07 10:24:00,2011-09-05 09:38:00,307.37333333333333,337,0.2709792284866469
16552.0,243,2,379.73,219,2010-12-01 12:36:00,2011-04-11 10:04:00,189.865,374,0.1627807486631016
16553.0,164,12,5719.82,4600,2010-12-14 13:58:00,2011-06-29 15:42:00,476.65166666666664,361,1.0118559556786704
16554.0,43,3,837.1,402,2011-01-12 12:41:00,2011-10-28 14:51:00,279.03333333333336,332,0.27506024096385545
16555.0,36,2,285.89,175,2011-08-22 12:32:00,2011-11-04 14:31:00,142.945,110,0.5534545454545455
16556.0,67,7,3313.79,1890,2010-12-14 13:32:00,2011-10-04 11:36:00,473.3985714285714,361,0.5902493074792244
16557.0,25,2,281.85,111,2011-07-25 13:28:00,2011-11-15 14:04:00,140.925,138,0.44115942028985505
16558.0,1,20,8338.49,5377,2010-12-08 12:01:00,2011-12-09 10:20:00,416.92449999999997,367,1.6588555858310627
16560.0,27,2,841.41,500,2010-12-16 14:36:00,2011-11-13 10:35:00,420.705,359,0.1695821727019499
16561.0,6,2,511.12,244,2011-10-11 09:53:00,2011-12-04 11:50:00,255.56,60,1.0146666666666668
16563.0,54,1,1077.74,486,2011-10-17 11:51:00,2011-10-17 11:51:00,1077.74,54,0.5637037037037037
16565.0,365,1,173.7,46,2010-12-10 15:21:00,2010-12-10 15:21:00,173.7,365,0.08339726027397261
16566.0,16,5,614.66,362,2011-02-20 10:29:00,2011-11-24 16:34:00,122.93199999999999,293,0.5194539249146758
16567.0,195,2,865.6,996,2011-01-07 09:31:00,2011-05-29 13:57:00,432.8,337,0.18065281899109795
16569.0,4,1,124.2,93,2011-12-06 15:32:00,2011-12-06 15:32:00,124.2,4,1.0
16570.0,16,10,3738.4,2112,2011-02-01 10:37:00,2011-11-24 17:02:00,373.84000000000003,312,0.9756410256410256
16571.0,27,3,1421.69,1239,2011-03-03 09:41:00,2011-11-13 11:46:00,473.8966666666667,282,0.32382978723404254
16572.0,128,3,1009.6,532,2011-03-09 12:04:00,2011-08-04 16:34:00,336.53333333333336,276,0.3308695652173913
16573.0,85,2,663.61,360,2011-02-22 15:14:00,2011-09-16 09:13:00,331.805,291,0.20920962199312718
16574.0,72,1,451.44,416,2011-09-29 13:39:00,2011-09-29 13:39:00,451.44,72,0.42277777777777775
16581.0,183,1,105.84,134,2011-06-10 10:05:00,2011-06-10 10:05:00,105.84,183,0.16633879781420766
16582.0,114,1,313.62,164,2011-08-18 17:02:00,2011-08-18 17:02:00,313.62,114,0.26701754385964915
16583.0,374,1,233.45,111,2010-12-01 12:03:00,2010-12-01 12:03:00,233.45,374,0.0813903743315508
16584.0,81,2,936.08,646,2011-03-30 13:14:00,2011-09-20 13:45:00,468.04,255,0.2387450980392157
16586.0,249,1,463.95,95,2011-04-05 09:32:00,2011-04-05 09:32:00,463.95,249,0.12224899598393575
16587.0,233,1,225.15,71,2011-04-21 15:51:00,2011-04-21 15:51:00,225.15,233,0.13064377682403433
16589.0,72,3,459.24,368,2011-07-01 13:31:00,2011-09-29 14:50:00,153.08,162,0.5637037037037037
16591.0,69,1,213.5,41,2011-10-02 10:43:00,2011-10-02 10:43:00,213.5,69,0.44115942028985505
16592.0,5,16,4113.68,2927,2011-02-25 10:19:00,2011-12-05 13:49:00,257.105,288,1.691111111111111
16593.0,51,3,330.03,116,2011-01-16 12:11:00,2011-10-20 12:41:00,110.00999999999999,328,0.2784146341463415
16594.0,76,1,181.09,64,2011-09-25 14:08:00,2011-09-25 14:08:00,181.09,76,0.4005263157894737
16595.0,62,1,360.16,335,2011-10-09 13:15:00,2011-10-09 13:15:00,360.16,62,0.49096774193548387
16596.0,16,2,250.15,97,2010-12-08 16:18:00,2011-11-24 10:02:00,125.075,367,0.16588555858310627
16597.0,5,1,90.04,184,2011-12-05 15:44:00,2011-12-05 15:44:00,90.04,5,1.0
16598.0,286,1,145.04999999999998,73,2011-02-27 11:42:00,2011-02-27 11:42:00,145.04999999999998,286,0.10643356643356643
16600.0,5,6,813.52,1145,2011-01-05 12:13:00,2011-12-05 16:00:00,135.58666666666667,339,0.5387610619469027
16601.0,41,1,244.79999999999998,134,2011-10-30 11:09:00,2011-10-30 11:09:00,244.79999999999998,41,0.7424390243902439
16602.0,37,1,528.08,336,2011-11-03 15:54:00,2011-11-03 15:54:00,528.08,37,0.8227027027027027
16603.0,75,2,482.47,480,2011-09-09 13:02:00,2011-09-26 10:06:00,241.235,92,0.6617391304347826
16607.0,18,14,3347.71,2859,2010-12-16 08:41:00,2011-11-22 10:24:00,239.12214285714285,359,1.1870752089136491
16609.0,16,7,5493.46,2420,2011-04-01 10:11:00,2011-11-24 13:32:00,784.78,253,0.842213438735178
16610.0,220,1,75.66,66,2011-05-04 13:13:00,2011-05-04 13:13:00,75.66,220,0.13836363636363638
16611.0,187,1,129.49,47,2011-06-06 15:46:00,2011-06-06 15:46:00,129.49,187,0.1627807486631016
16612.0,33,4,1187.66,506,2011-02-01 10:38:00,2011-11-07 07:38:00,296.915,312,0.3902564102564103
16613.0,71,1,618.59,293,2011-09-30 15:52:00,2011-09-30 15:52:00,618.59,71,0.4287323943661972
16614.0,183,1,506.19,223,2011-06-10 11:36:00,2011-06-10 11:36:00,506.19,183,0.16633879781420766
16616.0,16,2,500.42,370,2011-07-05 13:38:00,2011-11-24 16:31:00,250.21,158,0.38531645569620254
16617.0,236,1,151.85,91,2011-04-18 10:35:00,2011-04-18 10:35:00,151.85,236,0.12898305084745765
16618.0,32,5,2647.59,1363,2011-01-21 11:55:00,2011-11-08 13:52:00,529.518,323,0.47120743034055734
16619.0,264,1,226.21,133,2011-03-21 08:18:00,2011-03-21 08:18:00,226.21,264,0.1153030303030303
16620.0,4,2,178.96,88,2011-03-24 10:37:00,2011-12-06 12:19:00,89.48,261,0.23325670498084292
16621.0,52,4,813.48,302,2011-03-07 11:32:00,2011-10-19 11:38:00,203.37,278,0.43798561151079135
16623.0,246,1,129.45,39,2011-04-08 10:09:00,2011-04-08 10:09:00,129.45,246,0.12373983739837398
16624.0,81,2,810.5699999999999,488,2011-05-26 14:20:00,2011-09-20 12:39:00,405.28499999999997,198,0.3074747474747475
16625.0,275,1,333.08,164,2011-03-10 12:50:00,2011-03-10 12:50:00,333.08,275,0.1106909090909091
16626.0,1,17,4413.1,2690,2011-03-18 12:27:00,2011-12-09 11:56:00,259.59411764705885,267,1.93812734082397
16627.0,80,1,322.8,162,2011-09-21 14:38:00,2011-09-21 14:38:00,322.8,80,0.3805
16628.0,30,5,2188.05,1205,2011-04-19 08:55:00,2011-11-10 12:45:00,437.61,235,0.6476595744680852
16629.0,74,2,417.73,493,2011-09-04 16:12:00,2011-09-27 10:34:00,208.865,97,0.6276288659793815
16633.0,18,6,2883.1,1138,2011-04-19 14:36:00,2011-11-22 13:41:00,480.51666666666665,235,0.7771914893617021
16634.0,223,2,217.9,82,2010-12-02 17:41:00,2011-05-01 12:09:00,108.95,373,0.1632171581769437
16637.0,33,4,1154.47,927,2011-04-28 10:20:00,2011-11-07 13:17:00,288.6175,226,0.5387610619469027
16638.0,23,10,1680.72,1255,2010-12-06 10:19:00,2011-11-17 11:09:00,168.072,369,0.8249322493224933
16639.0,32,3,1257.51,510,2011-04-18 09:31:00,2011-11-08 13:20:00,419.17,236,0.3869491525423729
16641.0,106,1,231.10000000000002,256,2011-08-26 12:49:00,2011-08-26 12:49:00,231.10000000000002,106,0.28716981132075475
16642.0,5,2,688.33,479,2011-05-16 12:35:00,2011-12-05 11:31:00,344.165,208,0.2926923076923077
16643.0,246,1,487.51,269,2011-04-08 08:24:00,2011-04-08 08:24:00,487.51,246,0.12373983739837398
16644.0,178,2,833.78,826,2011-05-11 12:53:00,2011-06-15 12:39:00,416.89,213,0.28582159624413145
16647.0,170,2,214.06,146,2011-05-19 09:31:00,2011-06-23 11:47:00,107.03,205,0.29697560975609755
16648.0,43,1,290.65999999999997,281,2011-10-28 08:58:00,2011-10-28 08:58:00,290.65999999999997,43,0.707906976744186
16650.0,72,1,518.42,372,2011-09-29 09:51:00,2011-09-29 09:51:00,518.42,72,0.42277777777777775
16652.0,59,7,6773.97,3283,2011-03-11 13:13:00,2011-10-12 09:38:00,967.71,274,0.7776642335766423
16653.0,17,2,1212.66,733,2011-09-29 13:38:00,2011-11-23 14:51:00,606.33,72,0.8455555555555555
16654.0,142,4,601.27,282,2010-12-06 15:09:00,2011-07-21 15:23:00,150.3175,369,0.32997289972899735
16655.0,18,6,3794.52,2367,2011-01-12 10:16:00,2011-11-22 11:25:00,632.42,332,0.5501204819277109
16656.0,23,15,8625.8,8894,2010-12-10 11:23:00,2011-11-17 14:43:00,575.0533333333333,365,1.2509589041095892
16657.0,10,4,933.62,1229,2011-03-30 12:02:00,2011-11-30 11:48:00,233.405,255,0.4774901960784314
16658.0,369,1,123.24,40,2010-12-06 13:47:00,2010-12-06 13:47:00,123.24,369,0.08249322493224934
16659.0,190,1,39.12,72,2011-06-03 15:03:00,2011-06-03 15:03:00,39.12,190,0.16021052631578947
16660.0,17,4,1267.6499999999999,571,2011-01-24 12:44:00,2011-11-23 14:53:00,316.91249999999997,320,0.3805
16665.0,363,1,135.39999999999998,59,2010-12-12 14:03:00,2010-12-12 14:03:00,135.39999999999998,363,0.08385674931129478
16666.0,20,1,118.98,233,2011-11-20 14:01:00,2011-11-20 14:01:00,118.98,20,1.0
16667.0,69,2,570.13,237,2011-02-28 12:57:00,2011-10-02 15:26:00,285.065,285,0.2136140350877193
16668.0,16,6,306.71999999999997,318,2011-02-28 12:46:00,2011-11-24 17:43:00,51.12,285,0.640842105263158
16669.0,24,3,1374.8700000000001,888,2011-09-22 14:13:00,2011-11-16 12:26:00,458.29,79,1.1559493670886076
16670.0,17,11,4095.9,2556,2010-12-16 10:30:00,2011-11-23 09:34:00,372.3545454545455,359,0.9327019498607243
16671.0,29,3,1692.27,875,2011-06-28 11:20:00,2011-11-11 13:40:00,564.09,165,0.5534545454545454
16672.0,3,20,8134.9400000000005,2832,2011-03-18 10:15:00,2011-12-07 16:29:00,406.747,267,2.2801498127340825
16674.0,55,2,319.61,188,2011-09-02 13:59:00,2011-10-16 11:31:00,159.805,99,0.614949494949495
16676.0,34,4,1592.1200000000001,636,2011-01-06 13:00:00,2011-11-06 12:01:00,398.03000000000003,338,0.3602366863905325
16678.0,3,12,3109.99,2397,2011-03-02 09:24:00,2011-12-07 12:17:00,259.1658333333333,283,1.2907420494699648
16679.0,367,1,129.75,29,2010-12-08 13:51:00,2010-12-08 13:51:00,129.75,367,0.08294277929155314
16680.0,44,1,183.7,94,2011-10-27 17:35:00,2011-10-27 17:35:00,183.7,44,0.6918181818181819
16681.0,73,6,1770.34,1407,2011-03-31 13:46:00,2011-09-28 11:11:00,295.0566666666667,254,0.7190551181102361
16682.0,5,5,1028.0,1040,2011-06-05 11:02:00,2011-12-05 12:13:00,205.6,188,0.8095744680851064
16684.0,5,28,66653.56,50255,2010-12-16 17:34:00,2011-12-05 14:06:00,2380.4842857142858,359,2.3741504178272983
16685.0,62,2,324.24,396,2011-10-09 13:44:00,2011-10-09 13:58:00,162.12,62,0.9819354838709677
16686.0,48,7,3062.83,2030,2010-12-19 14:41:00,2011-10-23 13:49:00,437.54714285714283,356,0.5985393258426966
16688.0,2,4,1260.86,804,2011-10-10 12:23:00,2011-12-08 15:24:00,315.215,61,1.9960655737704918
16689.0,76,2,422.59999999999997,330,2011-09-18 13:29:00,2011-09-25 11:39:00,211.29999999999998,83,0.7334939759036144
16690.0,73,2,225.57999999999998,138,2011-05-22 10:53:00,2011-09-28 15:02:00,112.78999999999999,202,0.3013861386138614
16692.0,257,2,1276.0,152,2011-02-23 15:41:00,2011-03-28 14:46:00,638.0,290,0.20993103448275863
16693.0,69,2,482.01,204,2011-03-13 11:06:00,2011-10-02 11:10:00,241.005,272,0.2238235294117647
16696.0,136,4,657.9000000000001,146,2011-04-05 15:20:00,2011-07-27 14:23:00,164.47500000000002,249,0.488995983935743
16697.0,242,1,112.75,27,2011-04-12 17:12:00,2011-04-12 17:12:00,112.75,242,0.12578512396694216
16698.0,227,2,1998.0,840,2011-03-31 13:33:00,2011-04-27 10:52:00,999.0,254,0.23968503937007873
16700.0,9,13,5076.55,4024,2010-12-08 16:34:00,2011-12-01 11:00:00,390.50384615384615,367,1.0782561307901908
16701.0,9,13,5398.3,6393,2010-12-13 11:51:00,2011-12-01 11:10:00,415.25384615384615,362,1.0931491712707182
16705.0,1,20,14034.99,5476,2010-12-16 10:51:00,2011-12-09 12:08:00,701.7495,359,1.6958217270194988
16706.0,38,3,531.35,249,2011-08-17 15:53:00,2011-11-02 13:50:00,177.11666666666667,115,0.7940869565217392
16708.0,46,1,656.63,285,2011-10-25 12:20:00,2011-10-25 12:20:00,656.63,46,0.6617391304347826
16709.0,85,5,3029.87,851,2011-03-03 10:55:00,2011-09-16 10:56:00,605.9739999999999,282,0.5397163120567375
16710.0,20,10,2483.04,1836,2010-12-06 13:13:00,2011-11-20 14:50:00,248.304,369,0.8249322493224933
16711.0,4,5,1651.03,833,2010-12-17 12:43:00,2011-12-06 16:32:00,330.206,358,0.4251396648044693
16712.0,10,11,3645.43,1749,2011-03-08 15:07:00,2011-11-30 13:48:00,331.40272727272725,277,1.2088086642599278
16713.0,19,15,6923.13,4276,2010-12-08 13:01:00,2011-11-21 12:36:00,461.54200000000003,367,1.244141689373297
16714.0,219,3,1161.53,610,2011-01-26 13:40:00,2011-05-05 11:09:00,387.1766666666667,318,0.2871698113207547
16715.0,79,1,301.71999999999997,642,2011-09-22 18:15:00,2011-09-22 18:15:00,301.71999999999997,79,0.38531645569620254
16716.0,267,2,901.2,120,2011-02-01 15:35:00,2011-03-18 10:03:00,450.6,312,0.19512820512820514
16717.0,24,6,3858.38,1866,2010-12-08 16:48:00,2011-11-16 12:16:00,643.0633333333334,367,0.4976566757493189
16718.0,370,1,623.75,413,2010-12-05 13:03:00,2010-12-05 13:03:00,623.75,370,0.08227027027027027
16719.0,15,7,1790.42,1204,2010-12-06 12:06:00,2011-11-25 09:27:00,255.77428571428572,369,0.5774525745257453
16720.0,27,1,155.24,182,2011-11-13 16:22:00,2011-11-13 16:22:00,155.24,27,1.0
16721.0,263,1,292.47,172,2011-03-22 16:08:00,2011-03-22 16:08:00,292.47,263,0.11574144486692016
16722.0,18,13,4730.81,5001,2010-12-06 12:59:00,2011-11-22 13:28:00,363.90846153846155,369,1.0724119241192414
16723.0,92,2,589.15,399,2011-08-24 11:31:00,2011-09-09 13:01:00,294.575,108,0.5637037037037037
16725.0,303,7,781.02,294,2010-12-03 16:02:00,2011-02-10 16:52:00,111.57428571428571,372,0.5727956989247313
16726.0,27,5,1382.02,977,2010-12-13 13:28:00,2011-11-13 14:53:00,276.404,362,0.42044198895027624
16727.0,365,1,272.82,177,2010-12-10 13:48:00,2010-12-10 13:48:00,272.82,365,0.08339726027397261
16728.0,47,4,1054.67,677,2011-03-20 13:28:00,2011-10-24 14:36:00,263.6675,265,0.4594716981132076
16729.0,39,21,7239.92,5783,2011-04-12 14:22:00,2011-11-01 14:29:00,344.7580952380952,242,2.6414876033057855
16730.0,53,3,743.11,994,2011-01-24 14:01:00,2011-10-18 14:11:00,247.70333333333335,320,0.285375
16732.0,32,1,603.75,317,2011-11-08 09:54:00,2011-11-08 09:54:00,603.75,32,0.9512499999999999
16734.0,53,3,650.51,346,2011-08-17 15:00:00,2011-10-18 13:44:00,216.83666666666667,115,0.7940869565217392
16735.0,79,5,2300.56,1573,2011-01-09 12:53:00,2011-09-22 11:49:00,460.11199999999997,335,0.4543283582089553
16737.0,54,1,417.59999999999997,288,2011-10-17 13:03:00,2011-10-17 13:03:00,417.59999999999997,54,0.5637037037037037
16738.0,298,1,3.75,3,2011-02-15 09:46:00,2011-02-15 09:46:00,3.75,298,0.10214765100671142
16739.0,177,1,323.0,172,2011-06-16 09:17:00,2011-06-16 09:17:00,323.0,177,0.1719774011299435
16742.0,47,1,464.9,1,2011-10-24 12:02:00,2011-10-24 12:02:00,464.9,47,0.6476595744680851
16743.0,30,7,2238.09,2047,2010-12-16 12:15:00,2011-11-10 13:13:00,319.7271428571429,359,0.5935376044568246
16744.0,12,7,1304.76,805,2011-06-19 15:13:00,2011-11-28 13:06:00,186.3942857142857,174,1.2245977011494253
16745.0,87,17,7194.3,6735,2011-02-01 11:31:00,2011-09-14 11:58:00,423.1941176470588,312,1.6585897435897436
16746.0,5,18,6697.66,4665,2010-12-16 11:43:00,2011-12-05 12:33:00,372.09222222222223,359,1.5262395543175489
16747.0,38,2,836.06,583,2011-10-03 10:18:00,2011-11-02 11:37:00,418.03,68,0.8952941176470588
16748.0,18,5,1515.9,880,2011-01-09 13:50:00,2011-11-22 10:17:00,303.18,335,0.4543283582089553
16750.0,45,5,623.93,214,2011-04-21 16:53:00,2011-10-26 12:48:00,124.78599999999999,233,0.6532188841201717
16751.0,31,1,1764.72,1031,2011-11-09 10:48:00,2011-11-09 10:48:00,1764.72,31,0.9819354838709677
16752.0,373,1,207.5,54,2010-12-02 12:18:00,2010-12-02 12:18:00,207.5,373,0.08160857908847186
16753.0,59,1,223.92000000000002,189,2011-10-12 13:14:00,2011-10-12 13:14:00,223.92000000000002,59,0.5159322033898306
16754.0,373,1,2002.4,4280,2010-12-02 17:38:00,2010-12-02 17:38:00,2002.4,373,0.08160857908847186
16755.0,115,3,1496.83,1064,2011-01-28 10:47:00,2011-08-17 13:21:00,498.9433333333333,316,0.2889873417721519
16756.0,215,1,239.4,106,2011-05-09 09:33:00,2011-05-09 09:33:00,239.4,215,0.1415813953488372
16757.0,319,1,106.83000000000001,81,2011-01-25 11:59:00,2011-01-25 11:59:00,106.83000000000001,319,0.09542319749216302
16758.0,66,1,369.34000000000003,203,2011-10-05 14:47:00,2011-10-05 14:47:00,369.34000000000003,66,0.4612121212121212
16759.0,8,3,789.79,609,2011-11-09 09:06:00,2011-12-02 12:42:00,263.2633333333333,31,2.945806451612903
16761.0,97,1,316.62,341,2011-09-04 11:15:00,2011-09-04 11:15:00,316.62,97,0.31381443298969075
16762.0,20,3,1501.38,618,2011-07-18 12:52:00,2011-11-20 11:43:00,500.46000000000004,145,0.6297931034482759
16763.0,199,1,611.85,319,2011-05-25 11:52:00,2011-05-25 11:52:00,611.85,199,0.15296482412060303
16764.0,4,13,2799.25,1259,2011-07-19 17:17:00,2011-12-06 11:41:00,215.32692307692307,144,2.7480555555555557
16765.0,295,1,34.0,4,2011-02-18 15:41:00,2011-02-18 15:41:00,34.0,295,0.1031864406779661
16766.0,274,2,1145.6,536,2011-03-11 13:34:00,2011-03-11 15:22:00,572.8,274,0.2221897810218978
16767.0,31,11,5580.6,4435,2011-01-27 13:38:00,2011-11-09 09:42:00,507.32727272727277,317,1.0562776025236593
16768.0,48,3,478.09000000000003,196,2011-03-13 10:25:00,2011-10-23 10:38:00,159.36333333333334,272,0.3357352941176471
16769.0,261,1,380.39,83,2011-03-24 13:41:00,2011-03-24 13:41:00,380.39,261,0.11662835249042146
16770.0,58,5,770.1,464,2010-12-02 15:49:00,2011-10-13 12:21:00,154.02,373,0.4080428954423593
16771.0,34,5,2246.81,1489,2011-01-05 13:57:00,2011-11-06 13:28:00,449.36199999999997,339,0.4489675516224189
16773.0,58,1,171.59,171,2011-10-13 14:37:00,2011-10-13 14:37:00,171.59,58,0.5248275862068966
16774.0,68,4,661.52,322,2011-06-14 12:45:00,2011-10-03 12:41:00,165.38,179,0.6802234636871508
16775.0,11,11,1695.66,440,2010-12-07 15:15:00,2011-11-29 15:22:00,154.1509090909091,368,0.9098913043478262
16776.0,61,1,388.28,262,2011-10-10 13:04:00,2011-10-10 13:04:00,388.28,61,0.49901639344262294
16777.0,81,2,226.35,64,2011-03-27 14:34:00,2011-09-20 13:41:00,113.175,258,0.235968992248062
16778.0,75,2,245.94,194,2011-03-10 15:21:00,2011-09-26 13:48:00,122.97,275,0.2213818181818182
16779.0,3,22,10629.720000000001,5325,2010-12-08 09:56:00,2011-12-07 14:54:00,483.169090909091,367,1.8247411444141692
16780.0,101,2,425.19,271,2011-03-25 17:34:00,2011-08-31 16:09:00,212.595,260,0.23415384615384616
16781.0,373,1,311.25,113,2010-12-02 14:26:00,2010-12-02 14:26:00,311.25,373,0.08160857908847186
16782.0,11,13,2279.9,712,2010-12-09 11:28:00,2011-11-29 13:20:00,175.37692307692308,366,1.0812021857923497
16784.0,20,1,107.6,24,2011-11-20 12:20:00,2011-11-20 12:20:00,107.6,20,1.0
16788.0,124,2,597.48,311,2011-03-30 13:05:00,2011-08-08 14:53:00,298.74,255,0.2387450980392157
16789.0,9,1,80.8,32,2011-12-01 15:12:00,2011-12-01 15:12:00,80.8,9,1.0
16790.0,4,6,1545.6200000000001,898,2011-11-02 11:23:00,2011-12-06 11:53:00,257.60333333333335,38,4.806315789473684
16791.0,30,7,1721.78,763,2011-01-11 15:42:00,2011-11-10 19:12:00,245.96857142857144,333,0.6398798798798799
16792.0,283,2,110.38000000000001,44,2011-03-02 14:39:00,2011-03-02 14:41:00,55.190000000000005,283,0.2151236749116608
16793.0,58,1,243.84,146,2011-10-13 15:08:00,2011-10-13 15:08:00,243.84,58,0.5248275862068966
16794.0,2,10,1222.71,937,2011-06-12 14:15:00,2011-12-08 17:54:00,122.271,181,1.681767955801105
16795.0,366,1,414.88,239,2010-12-09 14:08:00,2010-12-09 14:08:00,414.88,366,0.08316939890710383
16796.0,90,1,305.62,186,2011-09-11 14:01:00,2011-09-11 14:01:00,305.62,90,0.33822222222222226
16800.0,12,1,1201.49,540,2011-11-28 14:06:00,2011-11-28 14:06:00,1201.49,12,1.0
16801.0,164,4,1619.73,499,2011-03-11 13:56:00,2011-06-29 15:33:00,404.9325,274,0.4443795620437956
16803.0,66,1,332.3,245,2011-10-05 14:28:00,2011-10-05 14:28:00,332.3,66,0.4612121212121212
16804.0,24,3,536.99,246,2011-03-14 15:48:00,2011-11-16 16:43:00,178.99666666666667,271,0.3369741697416974
16805.0,174,2,460.59,539,2010-12-14 13:35:00,2011-06-19 11:23:00,230.295,361,0.16864265927977842
16806.0,104,4,801.49,378,2011-04-14 19:59:00,2011-08-28 15:27:00,200.3725,240,0.5073333333333334
16807.0,143,3,1121.59,778,2011-03-14 09:46:00,2011-07-20 12:00:00,373.8633333333333,271,0.3369741697416974
16808.0,100,2,288.42,196,2011-03-10 19:05:00,2011-09-01 19:34:00,144.21,275,0.2213818181818182
16809.0,24,5,914.69,652,2011-03-22 15:20:00,2011-11-16 15:45:00,182.93800000000002,263,0.5787072243346008
16810.0,193,1,309.54,114,2011-05-31 15:32:00,2011-05-31 15:32:00,309.54,193,0.15772020725388602
16811.0,5,2,547.07,477,2011-11-22 17:19:00,2011-12-05 11:39:00,273.535,18,2.0
16812.0,361,1,479.35,81,2010-12-14 12:35:00,2010-12-14 12:35:00,479.35,361,0.08432132963988921
16813.0,9,10,1692.98,1525,2011-05-19 13:28:00,2011-12-01 14:03:00,169.298,205,1.4848780487804878
16814.0,15,21,6509.1,2769,2010-12-05 11:45:00,2011-11-25 13:27:00,309.95714285714286,370,1.7276756756756757
16816.0,104,4,417.06,274,2010-12-16 17:01:00,2011-08-28 14:16:00,104.265,359,0.3391643454038998
16817.0,3,9,1604.75,822,2010-12-06 14:19:00,2011-12-07 11:03:00,178.30555555555554,369,0.742439024390244
16818.0,11,11,3349.57,2164,2011-05-18 11:42:00,2011-11-29 10:41:00,304.50636363636363,206,1.6254368932038836
16820.0,96,1,497.61,307,2011-09-05 12:06:00,2011-09-05 12:06:00,497.61,96,0.31708333333333333
16823.0,228,1,358.38,136,2011-04-26 15:00:00,2011-04-26 15:00:00,358.38,228,0.13350877192982458
16824.0,16,2,460.64,236,2011-06-28 13:36:00,2011-11-24 12:38:00,230.32,165,0.36896969696969695
16825.0,39,2,775.1800000000001,566,2011-06-07 09:44:00,2011-11-01 11:51:00,387.59000000000003,186,0.32731182795698927
16826.0,52,1,341.7,158,2011-10-19 14:05:00,2011-10-19 14:05:00,341.7,52,0.5853846153846154
16828.0,94,2,128.5,59,2011-08-19 13:24:00,2011-09-07 15:10:00,64.25,113,0.5387610619469027
16829.0,157,1,197.22,99,2011-07-06 10:48:00,2011-07-06 10:48:00,197.22,157,0.19388535031847134
16830.0,39,1,325.91,264,2011-11-01 11:35:00,2011-11-01 11:35:00,325.91,39,0.7805128205128206
16832.0,185,3,199.15,33,2011-05-06 14:12:00,2011-06-08 15:36:00,66.38333333333334,218,0.41889908256880737
16833.0,2,4,1106.53,440,2011-01-09 13:02:00,2011-12-08 14:39:00,276.6325,335,0.36346268656716424
16834.0,228,1,413.46,358,2011-04-26 09:37:00,2011-04-26 09:37:00,413.46,228,0.13350877192982458
16835.0,129,2,180.85,61,2010-12-01 17:15:00,2011-08-03 13:50:00,90.425,374,0.1627807486631016
16836.0,40,2,251.87,165,2011-08-15 12:38:00,2011-10-31 10:05:00,125.935,117,0.5203418803418803
16837.0,32,11,3170.98,1563,2011-04-08 08:48:00,2011-11-08 14:27:00,288.2709090909091,246,1.3611382113821138
16838.0,198,2,588.85,185,2011-02-24 15:01:00,2011-05-26 13:13:00,294.425,289,0.2106574394463668
16839.0,9,34,16594.35,8975,2010-12-05 11:15:00,2011-12-01 09:03:00,488.06911764705876,370,2.797189189189189
16841.0,37,6,1869.82,2250,2011-02-25 12:40:00,2011-11-03 11:51:00,311.63666666666666,288,0.6341666666666667
16842.0,101,3,1264.19,693,2011-02-10 14:51:00,2011-08-31 10:42:00,421.3966666666667,303,0.30138613861386143
16843.0,43,16,10196.57,10159,2011-01-16 16:10:00,2011-10-28 09:06:00,637.285625,328,1.4848780487804878
16846.0,51,1,214.32,135,2011-10-20 13:55:00,2011-10-20 13:55:00,214.32,51,0.5968627450980393
16847.0,44,1,193.44,78,2011-10-27 13:29:00,2011-10-27 13:29:00,193.44,44,0.6918181818181819
16848.0,53,1,281.42,182,2011-10-18 08:42:00,2011-10-18 08:42:00,281.42,53,0.5743396226415095
16849.0,187,1,124.57,33,2011-06-06 09:16:00,2011-06-06 09:16:00,124.57,187,0.1627807486631016
16850.0,334,1,332.41,249,2011-01-10 11:09:00,2011-01-10 11:09:00,332.41,334,0.0911377245508982
16851.0,5,3,342.45,271,2011-10-19 09:48:00,2011-12-05 13:32:00,114.14999999999999,52,1.7561538461538462
16852.0,11,2,144.91000000000003,56,2011-06-16 15:49:00,2011-11-29 13:22:00,72.45500000000001,177,0.343954802259887
16855.0,24,2,328.4,164,2011-10-27 16:31:00,2011-11-16 12:03:00,164.2,44,1.3836363636363638
16856.0,15,1,35.400000000000006,12,2011-11-25 08:59:00,2011-11-25 08:59:00,35.400000000000006,15,1.0
16858.0,369,1,375.69000000000005,91,2010-12-06 09:52:00,2010-12-06 09:52:00,375.69000000000005,369,0.08249322493224934
16859.0,145,2,747.81,827,2011-03-23 13:39:00,2011-07-18 12:19:00,373.905,262,0.23236641221374046
16861.0,60,2,173.76,140,2011-07-04 15:38:00,2011-10-11 09:05:00,86.88,159,0.3828930817610063
16863.0,32,2,502.8,409,2010-12-08 08:58:00,2011-11-08 15:26:00,251.4,367,0.16588555858310627
16866.0,141,3,207.73999999999998,60,2011-07-01 12:34:00,2011-07-22 10:06:00,69.24666666666666,162,0.5637037037037037
16869.0,23,4,825.42,585,2011-06-17 13:01:00,2011-11-17 12:02:00,206.355,176,0.6918181818181819
16871.0,23,6,2812.34,1253,2011-03-14 10:31:00,2011-11-17 19:27:00,468.72333333333336,271,0.6739483394833948
16872.0,78,3,680.02,600,2011-06-08 14:32:00,2011-09-23 16:05:00,226.67333333333332,185,0.49362162162162165
16873.0,5,6,7123.62,3840,2010-12-10 15:45:00,2011-12-05 12:05:00,1187.27,365,0.5003835616438357
16875.0,68,5,2095.53,1069,2011-01-04 10:37:00,2011-10-03 13:39:00,419.10600000000005,340,0.4476470588235294
16877.0,13,6,853.72,463,2011-05-15 16:13:00,2011-11-27 13:47:00,142.28666666666666,209,0.8738755980861245
16878.0,85,1,13.3,12,2011-09-16 17:39:00,2011-09-16 17:39:00,13.3,85,0.35811764705882354
16880.0,31,7,1519.08,753,2011-06-03 16:45:00,2011-11-09 11:33:00,217.01142857142855,190,1.1214736842105264
16881.0,67,1,432.0,600,2011-10-04 10:33:00,2011-10-04 10:33:00,432.0,67,0.45432835820895523
16882.0,67,3,705.12,424,2011-01-26 17:43:00,2011-10-04 10:42:00,235.04,318,0.2871698113207547
16883.0,188,2,276.73,104,2010-12-03 10:33:00,2011-06-05 12:51:00,138.365,372,0.16365591397849463
16884.0,38,2,429.84000000000003,320,2011-11-02 10:16:00,2011-11-02 11:52:00,214.92000000000002,38,1.6021052631578947
16885.0,16,3,471.51,184,2010-12-17 17:23:00,2011-11-24 13:40:00,157.17,358,0.25508379888268157
16887.0,36,1,194.88,157,2011-11-04 14:07:00,2011-11-04 14:07:00,194.88,36,0.8455555555555555
16889.0,195,3,1578.67,925,2011-01-07 10:47:00,2011-05-29 11:05:00,526.2233333333334,337,0.2709792284866469
16891.0,2,5,809.7,283,2010-12-03 11:35:00,2011-12-08 11:15:00,161.94,372,0.4091397849462366
16892.0,2,5,525.54,239,2011-06-09 11:35:00,2011-12-08 13:18:00,105.10799999999999,184,0.8271739130434783
16893.0,367,1,145.93,62,2010-12-08 12:06:00,2010-12-08 12:06:00,145.93,367,0.08294277929155314
16895.0,65,1,219.14,102,2011-10-06 12:15:00,2011-10-06 12:15:00,219.14,65,0.4683076923076923
16897.0,300,2,289.78,73,2011-01-30 11:52:00,2011-02-13 15:02:00,144.89,314,0.19388535031847134
16898.0,27,3,508.81,419,2010-12-06 12:23:00,2011-11-13 15:44:00,169.60333333333332,369,0.24747967479674798
16899.0,8,6,1281.56,522,2010-12-14 13:11:00,2011-12-02 12:03:00,213.59333333333333,361,0.5059279778393352
16900.0,17,3,887.11,833,2011-10-07 13:17:00,2011-11-23 10:32:00,295.7033333333333,64,1.426875
16902.0,117,1,1706.88,629,2011-08-15 14:17:00,2011-08-15 14:17:00,1706.88,117,0.26017094017094017
16903.0,30,1,373.24,262,2011-11-10 15:32:00,2011-11-10 15:32:00,373.24,30,1.0
16904.0,5,16,3754.27,2034,2010-12-07 13:29:00,2011-12-05 13:10:00,234.641875,368,1.3234782608695652
16905.0,6,7,3102.43,1408,2010-12-03 10:43:00,2011-12-04 14:01:00,443.2042857142857,372,0.5727956989247313
16906.0,82,4,579.77,281,2011-04-05 12:30:00,2011-09-19 11:49:00,144.9425,249,0.488995983935743
16907.0,30,5,981.65,298,2010-12-09 16:52:00,2011-11-10 18:04:00,196.32999999999998,366,0.41584699453551915
16909.0,73,1,379.14,436,2011-09-28 16:45:00,2011-09-28 16:45:00,379.14,73,0.41698630136986303
16910.0,5,8,1510.06,886,2011-09-09 14:14:00,2011-12-05 12:51:00,188.7575,92,2.6469565217391304
16912.0,29,11,2575.38,1029,2011-01-20 15:42:00,2011-11-11 12:18:00,234.12545454545455,324,1.0334567901234568
16913.0,291,1,113.44,82,2011-02-22 12:56:00,2011-02-22 12:56:00,113.44,291,0.10460481099656359
16914.0,37,1,208.46,121,2011-11-03 15:27:00,2011-11-03 15:27:00,208.46,37,0.8227027027027027
16915.0,10,6,621.6800000000001,132,2011-03-01 09:52:00,2011-11-30 16:39:00,103.61333333333334,284,0.6430985915492957
16916.0,24,2,576.26,440,2010-12-02 13:14:00,2011-11-16 12:08:00,288.13,373,0.1632171581769437
16917.0,277,1,391.52,232,2011-03-08 11:55:00,2011-03-08 11:55:00,391.52,277,0.10989169675090253
16918.0,50,6,1068.82,721,2011-01-26 17:37:00,2011-10-21 12:50:00,178.13666666666666,318,0.5743396226415094
16919.0,157,11,2596.45,1413,2010-12-06 12:52:00,2011-07-06 13:35:00,236.04090909090908,369,0.9074254742547426
16921.0,62,1,169.79,171,2011-10-09 16:22:00,2011-10-09 16:22:00,169.79,62,0.49096774193548387
16923.0,13,19,7247.61,3417,2010-12-12 11:06:00,2011-11-27 13:00:00,381.4531578947368,363,1.5932782369146008
16924.0,22,3,846.75,493,2011-09-16 12:54:00,2011-11-18 12:53:00,282.25,85,1.0743529411764705
16926.0,372,1,230.25,35,2010-12-03 13:42:00,2010-12-03 13:42:00,230.25,372,0.08182795698924732
16927.0,116,3,543.05,993,2010-12-13 11:57:00,2011-08-16 11:10:00,181.01666666666665,362,0.25226519337016573
16928.0,81,17,2847.6,2114,2010-12-01 15:21:00,2011-09-20 15:10:00,167.50588235294117,374,1.3836363636363638
16929.0,4,7,1295.39,929,2011-07-07 12:39:00,2011-12-06 08:37:00,185.0557142857143,156,1.3658974358974358
16930.0,27,3,380.55,341,2011-10-02 14:25:00,2011-11-13 16:13:00,126.85000000000001,69,1.3234782608695652
16931.0,6,21,4604.22,3158,2010-12-05 11:40:00,2011-12-04 13:15:00,219.24857142857144,370,1.7276756756756757
16932.0,54,1,161.94,87,2011-10-17 14:12:00,2011-10-17 14:12:00,161.94,54,0.5637037037037037
16933.0,2,2,563.23,288,2011-04-14 13:33:00,2011-12-08 12:54:00,281.615,240,0.2536666666666667
16934.0,55,2,950.9300000000001,399,2011-10-16 12:25:00,2011-10-16 12:40:00,475.46500000000003,55,1.106909090909091
16936.0,26,1,262.68,173,2011-11-14 11:04:00,2011-11-14 11:04:00,262.68,26,1.0
16938.0,9,4,2736.38,2540,2011-02-04 09:34:00,2011-12-01 10:20:00,684.095,309,0.39404530744336574
16940.0,53,3,3049.88,2169,2011-02-23 12:27:00,2011-10-18 13:15:00,1016.6266666666667,290,0.31489655172413794
16942.0,13,9,1920.59,811,2011-04-26 11:59:00,2011-11-27 12:40:00,213.39888888888888,228,1.201578947368421
16943.0,212,3,816.73,145,2011-01-25 14:00:00,2011-05-12 11:57:00,272.24333333333334,319,0.28626959247648903
16945.0,22,19,4345.5,2725,2010-12-16 17:49:00,2011-11-18 11:39:00,228.71052631578948,359,1.6110306406685238
16947.0,236,1,406.48,312,2011-04-18 09:38:00,2011-04-18 09:38:00,406.48,236,0.12898305084745765
16948.0,139,3,435.02,1614,2011-01-18 10:58:00,2011-07-24 12:46:00,145.00666666666666,326,0.2801226993865031
16949.0,4,6,1286.27,791,2011-01-27 12:11:00,2011-12-06 11:07:00,214.37833333333333,317,0.5761514195583597
16950.0,57,3,1178.56,644,2010-12-07 15:20:00,2011-10-14 09:06:00,392.8533333333333,368,0.24815217391304348
16951.0,135,3,1277.75,1318,2011-02-08 14:58:00,2011-07-28 12:05:00,425.9166666666667,305,0.2994098360655738
16952.0,110,2,167.61,92,2011-08-22 12:58:00,2011-08-22 13:03:00,83.805,110,0.5534545454545455
16953.0,31,1,20.8,10,2011-11-09 15:54:00,2011-11-09 15:54:00,20.8,31,0.9819354838709677
16954.0,1,9,2085.08,1054,2010-12-15 10:41:00,2011-12-09 09:46:00,231.67555555555555,360,0.761
16955.0,185,4,518.67,266,2010-12-01 13:31:00,2011-06-08 10:36:00,129.6675,374,0.3255614973262032
16956.0,18,1,308.74,114,2011-11-22 08:56:00,2011-11-22 08:56:00,308.74,18,1.0
16957.0,240,2,416.64,172,2011-03-03 09:25:00,2011-04-14 13:56:00,208.32,282,0.21588652482269502
16959.0,88,1,117.35000000000001,49,2011-09-13 15:03:00,2011-09-13 15:03:00,117.35000000000001,88,0.34590909090909094
16960.0,39,3,507.05,304,2011-04-01 11:54:00,2011-11-01 11:35:00,169.01666666666668,253,0.36094861660079053
16961.0,117,1,234.17,125,2011-08-15 13:46:00,2011-08-15 13:46:00,234.17,117,0.26017094017094017
16963.0,188,1,110.55000000000001,35,2011-06-05 13:48:00,2011-06-05 13:48:00,110.55000000000001,188,0.16191489361702127
16965.0,227,1,201.19,291,2011-04-27 12:08:00,2011-04-27 12:08:00,201.19,227,0.13409691629955947
16966.0,9,7,2154.97,1981,2011-04-13 14:17:00,2011-12-01 13:40:00,307.8528571428571,241,0.8841493775933611
16967.0,190,1,319.02,333,2011-06-03 14:24:00,2011-06-03 14:24:00,319.02,190,0.16021052631578947
16968.0,5,2,439.43,326,2011-08-24 10:51:00,2011-12-05 15:02:00,219.715,108,0.5637037037037037
16969.0,40,3,650.41,816,2011-06-01 12:10:00,2011-10-31 13:12:00,216.8033333333333,192,0.475625
16971.0,39,1,357.21,72,2011-11-01 15:06:00,2011-11-01 15:06:00,357.21,39,0.7805128205128206
16976.0,268,1,251.51999999999998,88,2011-03-17 16:33:00,2011-03-17 16:33:00,251.51999999999998,268,0.11358208955223881
16978.0,78,1,344.33,166,2011-09-23 12:50:00,2011-09-23 12:50:00,344.33,78,0.3902564102564103
16979.0,4,6,1852.0,865,2011-02-15 09:20:00,2011-12-06 12:21:00,308.6666666666667,298,0.6128859060402685
16980.0,256,2,1078.96,788,2011-02-21 12:58:00,2011-03-29 16:36:00,539.48,292,0.20849315068493152
16982.0,61,1,384.06,182,2011-10-10 12:28:00,2011-10-10 12:28:00,384.06,61,0.49901639344262294
16983.0,13,7,1931.25,1379,2010-12-05 12:34:00,2011-11-27 12:10:00,275.89285714285717,370,0.5758918918918919
16984.0,89,2,4481.35,2423,2011-08-01 17:37:00,2011-09-12 13:43:00,2240.675,131,0.46473282442748093
16985.0,18,10,5464.12,1832,2010-12-16 10:38:00,2011-11-22 13:33:00,546.412,359,0.8479108635097494
16986.0,30,2,1873.2,1040,2011-11-09 15:52:00,2011-11-10 11:55:00,936.6,31,1.9638709677419355
16987.0,4,7,1625.05,402,2011-05-18 15:55:00,2011-12-06 17:26:00,232.15,206,1.034368932038835
16988.0,6,1,126.12,43,2011-12-04 16:02:00,2011-12-04 16:02:00,126.12,6,1.0
16989.0,8,6,1133.25,1233,2011-07-12 09:11:00,2011-12-02 16:39:00,188.875,151,1.2095364238410595
16990.0,219,1,179.0,100,2011-05-05 08:30:00,2011-05-05 08:30:00,179.0,219,0.13899543378995435
16992.0,11,5,1614.31,860,2011-02-28 10:37:00,2011-11-29 11:50:00,322.86199999999997,285,0.5340350877192983
16996.0,31,6,1456.96,544,2010-12-21 13:22:00,2011-11-09 16:43:00,242.82666666666668,354,0.5159322033898305
16997.0,289,3,702.0,360,2011-01-18 11:51:00,2011-02-24 17:28:00,234.0,326,0.2801226993865031
16998.0,150,4,295.0,76,2011-02-08 15:42:00,2011-07-13 09:44:00,73.75,305,0.3992131147540984
16999.0,24,2,484.82,294,2011-09-26 15:43:00,2011-11-16 13:53:00,242.41,75,0.8117333333333333
17001.0,1,11,3989.57,2164,2010-12-16 09:35:00,2011-12-09 09:38:00,362.6881818181818,359,0.9327019498607243
17002.0,86,3,1493.73,679,2011-02-22 11:46:00,2011-09-15 12:40:00,497.91,291,0.31381443298969075
17004.0,47,2,1412.94,819,2011-09-08 12:16:00,2011-10-24 14:25:00,706.47,93,0.6546236559139785
17006.0,5,4,781.78,272,2011-09-25 12:15:00,2011-12-05 12:09:00,195.445,76,1.6021052631578947
17007.0,51,6,889.9300000000001,597,2010-12-17 13:57:00,2011-10-20 10:47:00,148.3216666666667,358,0.5101675977653631
17010.0,19,1,195.36,118,2011-11-21 14:49:00,2011-11-21 14:49:00,195.36,19,1.0
17011.0,31,1,270.9,186,2011-11-09 13:30:00,2011-11-09 13:30:00,270.9,31,0.9819354838709677
17014.0,9,3,586.33,245,2011-10-04 11:36:00,2011-12-01 14:09:00,195.44333333333336,67,1.3629850746268657
17015.0,29,3,1842.56,1981,2011-06-07 13:19:00,2011-11-11 10:45:00,614.1866666666666,186,0.49096774193548387
17017.0,3,20,8694.26,6673,2010-12-02 10:17:00,2011-12-07 09:32:00,434.713,373,1.632171581769437
17018.0,41,2,920.1,176,2011-01-18 08:46:00,2011-10-30 11:42:00,460.05,326,0.18674846625766872
17019.0,12,4,1272.61,827,2010-12-06 12:55:00,2011-11-28 13:06:00,318.1525,369,0.32997289972899735
17022.0,32,1,71.0,108,2011-11-08 17:09:00,2011-11-08 17:09:00,71.0,32,0.9512499999999999
17024.0,46,3,95.85,69,2011-07-05 09:31:00,2011-10-25 13:47:00,31.95,158,0.5779746835443038
17025.0,61,3,357.77,235,2010-12-01 15:45:00,2011-10-10 09:06:00,119.25666666666666,374,0.2441711229946524
17026.0,186,2,154.82999999999998,97,2010-12-05 12:47:00,2011-06-07 14:28:00,77.41499999999999,370,0.16454054054054054
17027.0,79,6,890.29,421,2011-01-26 14:19:00,2011-09-22 12:24:00,148.38166666666666,318,0.5743396226415094
17029.0,111,2,716.0,400,2011-04-17 10:57:00,2011-08-21 11:06:00,358.0,237,0.2568776371308017
17030.0,64,1,146.87,146,2011-10-07 08:49:00,2011-10-07 08:49:00,146.87,64,0.47562499999999996
17031.0,12,2,380.35,235,2011-07-08 09:38:00,2011-11-28 10:23:00,190.175,155,0.3927741935483871
17033.0,87,3,1030.14,750,2010-12-15 13:21:00,2011-09-14 14:34:00,343.38000000000005,360,0.25366666666666665
17034.0,17,3,745.52,410,2011-02-25 10:10:00,2011-11-23 15:14:00,248.50666666666666,288,0.31708333333333333
17035.0,246,2,433.53000000000003,229,2011-02-01 12:27:00,2011-04-08 11:23:00,216.76500000000001,312,0.19512820512820514
17037.0,88,1,1267.32,656,2011-09-13 12:49:00,2011-09-13 12:49:00,1267.32,88,0.34590909090909094
17038.0,31,1,112.4,28,2011-11-09 13:50:00,2011-11-09 13:50:00,112.4,31,0.9819354838709677
17040.0,138,1,449.73,181,2011-07-25 10:19:00,2011-07-25 10:19:00,449.73,138,0.22057971014492753
17041.0,27,3,1081.57,951,2010-12-14 11:43:00,2011-11-13 11:21:00,360.5233333333333,361,0.2529639889196676
17042.0,3,5,1044.3799999999999,994,2011-04-06 14:53:00,2011-12-07 12:26:00,208.87599999999998,248,0.6137096774193548
17043.0,33,4,1735.18,998,2011-03-18 14:53:00,2011-11-07 15:33:00,433.795,267,0.4560299625468165
17044.0,26,1,948.48,504,2011-11-14 14:28:00,2011-11-14 14:28:00,948.48,26,1.0
17045.0,114,3,339.44,106,2011-04-06 12:08:00,2011-08-18 17:09:00,113.14666666666666,248,0.3682258064516129
17046.0,158,1,642.02,510,2011-07-05 14:24:00,2011-07-05 14:24:00,642.02,158,0.19265822784810127
17047.0,86,3,1100.9,533,2011-05-18 16:50:00,2011-09-15 13:27:00,366.9666666666667,206,0.44330097087378645
17048.0,118,3,925.35,485,2011-01-12 16:51:00,2011-08-14 11:49:00,308.45,332,0.27506024096385545
17049.0,3,9,5659.9800000000005,2676,2011-03-09 08:33:00,2011-12-07 10:48:00,628.8866666666668,276,0.9926086956521739
17050.0,97,6,3228.84,1614,2011-02-13 12:41:00,2011-09-04 13:48:00,538.14,300,0.6088
17051.0,195,1,247.14000000000001,184,2011-05-29 14:13:00,2011-05-29 14:13:00,247.14000000000001,195,0.1561025641025641
17052.0,29,1,413.75,261,2011-11-11 14:50:00,2011-11-11 14:50:00,413.75,29,1.0
17053.0,131,1,498.48,122,2011-08-01 10:23:00,2011-08-01 10:23:00,498.48,131,0.23236641221374046
17054.0,29,5,1356.33,804,2011-04-08 13:14:00,2011-11-11 12:56:00,271.26599999999996,246,0.6186991869918699
17058.0,82,3,1179.89,592,2011-04-14 09:18:00,2011-09-19 10:13:00,393.2966666666667,240,0.3805
17059.0,30,5,3095.04,1855,2010-12-05 12:35:00,2011-11-10 12:27:00,619.008,370,0.41135135135135137
17060.0,267,1,234.24,216,2011-03-18 13:27:00,2011-03-18 13:27:00,234.24,267,0.11400749063670412
17061.0,74,11,5232.2300000000005,1526,2011-04-21 13:29:00,2011-09-27 11:24:00,475.65727272727275,233,1.4370815450643777
17062.0,314,4,538.37,430,2010-12-05 11:59:00,2011-01-30 11:01:00,134.5925,370,0.3290810810810811
17063.0,22,7,1461.14,770,2011-02-23 13:44:00,2011-11-18 16:19:00,208.73428571428573,290,0.7347586206896551
17064.0,59,3,859.35,318,2011-01-16 16:10:00,2011-10-12 10:18:00,286.45,328,0.2784146341463415
17068.0,13,21,4552.14,2164,2010-12-06 13:58:00,2011-11-27 13:14:00,216.76857142857145,369,1.732357723577236
17069.0,29,9,2709.7000000000003,1506,2010-12-01 16:49:00,2011-11-11 17:13:00,301.0777777777778,374,0.7325133689839572
17070.0,115,1,312.14,133,2011-08-17 17:01:00,2011-08-17 17:01:00,312.14,115,0.26469565217391305
17071.0,29,9,2429.03,1197,2011-02-03 08:18:00,2011-11-11 16:31:00,269.89222222222224,310,0.8837419354838709
17073.0,18,4,1446.09,759,2011-08-22 14:37:00,2011-11-22 11:47:00,361.5225,110,1.106909090909091
17075.0,18,4,834.12,292,2011-01-26 13:20:00,2011-11-22 11:58:00,208.53,318,0.3828930817610063
17076.0,37,3,841.0799999999999,295,2010-12-10 10:08:00,2011-11-03 17:53:00,280.35999999999996,365,0.25019178082191784
17078.0,37,2,378.2,788,2011-11-03 18:49:00,2011-11-03 19:17:00,189.1,37,1.6454054054054055
17079.0,79,1,118.80000000000001,24,2011-09-22 15:34:00,2011-09-22 15:34:00,118.80000000000001,79,0.38531645569620254
17080.0,23,2,287.62,166,2011-03-15 12:05:00,2011-11-17 12:59:00,143.81,270,0.22548148148148148
17081.0,26,2,290.16,78,2011-10-24 13:08:00,2011-11-14 12:56:00,145.08,47,1.2953191489361702
17082.0,34,2,2003.85,1049,2011-01-25 14:36:00,2011-11-06 15:17:00,1001.925,319,0.19084639498432604
17083.0,110,3,1405.78,772,2011-02-09 11:38:00,2011-08-22 15:43:00,468.5933333333333,304,0.30039473684210527
17084.0,36,2,2949.75,1816,2011-11-04 14:49:00,2011-11-04 14:54:00,1474.875,36,1.691111111111111
17085.0,124,5,1566.65,786,2010-12-12 12:24:00,2011-08-08 14:15:00,313.33000000000004,363,0.4192837465564739
17086.0,8,6,2050.08,1859,2011-10-07 11:22:00,2011-12-02 13:54:00,341.68,64,2.85375
17088.0,29,4,1991.01,868,2011-03-31 09:48:00,2011-11-11 14:23:00,497.7525,254,0.47937007874015747
17090.0,5,7,2043.95,921,2010-12-20 13:52:00,2011-12-05 13:44:00,291.99285714285713,355,0.6002253521126761
17091.0,3,9,3827.76,1746,2010-12-07 09:55:00,2011-12-07 10:43:00,425.3066666666667,368,0.7444565217391305
17092.0,51,4,1777.78,1131,2011-03-07 14:51:00,2011-10-20 19:51:00,444.445,278,0.43798561151079135
17094.0,323,1,302.0,152,2011-01-21 13:09:00,2011-01-21 13:09:00,302.0,323,0.09424148606811146
17095.0,23,3,1324.16,618,2011-01-09 11:05:00,2011-11-17 12:21:00,441.3866666666667,335,0.27259701492537314
17096.0,16,4,1022.13,339,2011-03-23 12:05:00,2011-11-24 15:01:00,255.5325,262,0.46473282442748093
17097.0,3,8,954.42,459,2010-12-09 14:55:00,2011-12-07 17:05:00,119.3025,366,0.6653551912568306
17100.0,19,2,971.74,800,2011-11-21 16:36:00,2011-11-21 16:36:00,485.87,19,2.0
17101.0,11,4,1621.73,815,2011-06-14 14:49:00,2011-11-29 13:57:00,405.4325,179,0.6802234636871508
17102.0,262,1,25.5,2,2011-03-23 10:08:00,2011-03-23 10:08:00,25.5,262,0.11618320610687023
17105.0,160,2,665.78,693,2011-02-06 14:46:00,2011-07-03 15:53:00,332.89,307,0.19830618892508145
17107.0,34,6,10815.43,4837,2011-03-06 15:17:00,2011-11-06 14:14:00,1802.5716666666667,279,0.6546236559139785
17109.0,30,6,885.04,589,2011-04-21 15:46:00,2011-11-10 16:59:00,147.50666666666666,233,0.7838626609442061
17110.0,166,1,163.29999999999998,50,2011-06-27 12:58:00,2011-06-27 12:58:00,163.29999999999998,166,0.1833734939759036
17111.0,48,1,248.61,302,2011-10-23 15:59:00,2011-10-23 15:59:00,248.61,48,0.6341666666666667
17114.0,6,8,808.62,219,2011-01-09 11:39:00,2011-12-04 12:17:00,101.0775,335,0.7269253731343285
17115.0,9,3,837.5,372,2011-04-20 14:46:00,2011-12-01 14:30:00,279.1666666666667,234,0.3902564102564103
17117.0,289,1,116.19999999999999,68,2011-02-24 13:54:00,2011-02-24 13:54:00,116.19999999999999,289,0.1053287197231834
17118.0,318,1,157.02,154,2011-01-26 12:19:00,2011-01-26 12:19:00,157.02,318,0.09572327044025157
17119.0,4,2,606.91,334,2011-10-11 11:03:00,2011-12-06 14:40:00,303.455,60,1.0146666666666668
17120.0,234,1,307.46,120,2011-04-20 15:21:00,2011-04-20 15:21:00,307.46,234,0.13008547008547008
17122.0,120,1,138.32,80,2011-08-12 14:33:00,2011-08-12 14:33:00,138.32,120,0.2536666666666667
17123.0,162,1,345.29999999999995,246,2011-07-01 10:47:00,2011-07-01 10:47:00,345.29999999999995,162,0.18790123456790123
17124.0,186,1,298.89,130,2011-06-07 14:02:00,2011-06-07 14:02:00,298.89,186,0.16365591397849463
17125.0,51,1,259.35,291,2011-10-20 14:41:00,2011-10-20 14:41:00,259.35,51,0.5968627450980393
17126.0,153,5,1004.75,792,2010-12-12 11:26:00,2011-07-10 13:52:00,200.95,363,0.4192837465564739
17128.0,335,1,157.09,76,2011-01-09 12:02:00,2011-01-09 12:02:00,157.09,335,0.09086567164179106
17131.0,6,5,2463.17,983,2011-09-25 12:42:00,2011-12-04 12:52:00,492.634,76,2.0026315789473683
17133.0,16,7,4892.240000000001,2730,2011-03-18 13:47:00,2011-11-24 12:27:00,698.8914285714287,267,0.7980524344569289
17134.0,107,2,425.0,102,2011-03-20 11:56:00,2011-08-25 09:53:00,212.5,265,0.2297358490566038
17135.0,17,7,1139.73,1224,2010-12-03 09:31:00,2011-11-23 16:48:00,162.81857142857143,372,0.5727956989247313
17138.0,276,1,380.5,126,2011-03-09 11:54:00,2011-03-09 11:54:00,380.5,276,0.11028985507246376
17139.0,16,12,10668.47,5182,2011-02-24 09:32:00,2011-11-24 10:12:00,889.0391666666666,289,1.2639446366782008
17140.0,248,1,465.32,302,2011-04-06 13:33:00,2011-04-06 13:33:00,465.32,248,0.12274193548387097
17142.0,240,1,579.0,81,2011-04-14 18:22:00,2011-04-14 18:22:00,579.0,240,0.12683333333333335
17144.0,2,2,984.57,483,2011-09-16 12:50:00,2011-12-08 17:57:00,492.285,85,0.7162352941176471
17146.0,106,3,749.78,212,2010-12-16 12:20:00,2011-08-26 12:44:00,249.92666666666665,359,0.2543732590529248
17147.0,23,4,1714.59,882,2011-02-01 09:36:00,2011-11-17 12:32:00,428.6475,312,0.3902564102564103
17148.0,52,1,124.88,82,2011-10-19 09:59:00,2011-10-19 09:59:00,124.88,52,0.5853846153846154
17152.0,195,3,1689.5,517,2011-03-21 16:20:00,2011-05-29 12:19:00,563.1666666666666,264,0.3459090909090909
17153.0,25,1,213.78,104,2011-11-15 13:42:00,2011-11-15 13:42:00,213.78,25,1.0
17154.0,76,1,329.34,490,2011-09-25 13:42:00,2011-09-25 13:42:00,329.34,76,0.4005263157894737
17155.0,18,2,251.70000000000002,242,2011-06-15 10:22:00,2011-11-22 12:38:00,125.85000000000001,178,0.34202247191011237
17157.0,8,2,319.0,172,2011-06-16 15:08:00,2011-12-02 09:10:00,159.5,177,0.343954802259887
17158.0,33,3,1266.97,778,2010-12-14 13:03:00,2011-11-07 15:15:00,422.3233333333333,361,0.2529639889196676
17159.0,22,3,1538.88,1111,2011-06-21 09:49:00,2011-11-18 10:52:00,512.96,172,0.5309302325581395
17160.0,32,6,3518.03,2856,2011-04-12 12:00:00,2011-11-08 14:05:00,586.3383333333334,242,0.7547107438016529
17162.0,29,10,1715.46,1001,2011-02-07 12:27:00,2011-11-11 11:34:00,171.546,306,0.9947712418300654
17163.0,22,2,293.1,66,2011-09-22 15:54:00,2011-11-18 08:57:00,146.55,79,0.7706329113924051
17164.0,33,7,2467.35,1501,2011-03-11 14:26:00,2011-11-07 09:14:00,352.4785714285714,274,0.7776642335766423
17165.0,285,1,158.68,100,2011-02-28 16:39:00,2011-02-28 16:39:00,158.68,285,0.10680701754385966
17166.0,39,2,206.34,78,2011-05-20 08:18:00,2011-11-01 09:46:00,103.17,204,0.29843137254901964
17169.0,58,2,835.78,526,2011-06-09 13:16:00,2011-10-13 10:25:00,417.89,184,0.3308695652173913
17171.0,290,1,224.91,185,2011-02-23 16:37:00,2011-02-23 16:37:00,224.91,290,0.10496551724137931
17172.0,79,1,317.76,480,2011-09-22 09:36:00,2011-09-22 09:36:00,317.76,79,0.38531645569620254
17173.0,6,8,3766.6,1122,2011-07-31 15:26:00,2011-12-04 14:40:00,470.825,132,1.8448484848484847
17174.0,218,1,59.9,41,2011-05-06 11:47:00,2011-05-06 11:47:00,59.9,218,0.1396330275229358
17175.0,45,4,1443.69,866,2011-02-16 14:56:00,2011-10-26 15:31:00,360.9225,297,0.40996632996633
17176.0,202,1,306.13,170,2011-05-22 12:41:00,2011-05-22 12:41:00,306.13,202,0.1506930693069307
17179.0,179,3,711.79,290,2010-12-13 14:24:00,2011-06-14 16:48:00,237.26333333333332,362,0.25226519337016573
17180.0,57,4,796.03,683,2011-01-27 18:05:00,2011-10-14 15:46:00,199.0075,317,0.3841009463722398
17181.0,58,2,239.92000000000002,241,2010-12-01 12:38:00,2011-10-13 14:48:00,119.96000000000001,374,0.1627807486631016
17183.0,8,6,3347.31,1296,2011-08-26 15:25:00,2011-12-02 10:07:00,557.885,106,1.7230188679245284
17186.0,47,2,144.0,200,2011-10-10 12:52:00,2011-10-24 10:20:00,72.0,61,0.9980327868852459
17187.0,227,1,203.95,144,2011-04-27 12:39:00,2011-04-27 12:39:00,203.95,227,0.13409691629955947
17188.0,12,7,2474.23,1328,2010-12-12 12:56:00,2011-11-28 13:53:00,353.4614285714286,363,0.5869972451790634
17189.0,107,2,384.40000000000003,227,2010-12-15 17:28:00,2011-08-25 19:39:00,192.20000000000002,360,0.16911111111111113
17190.0,59,2,444.74,161,2011-05-16 15:29:00,2011-10-12 11:33:00,222.37,208,0.2926923076923077
17191.0,29,7,2095.13,1167,2010-12-06 14:36:00,2011-11-11 16:58:00,299.30428571428575,369,0.5774525745257453
17193.0,36,7,1699.3000000000002,1254,2011-06-16 10:04:00,2011-11-04 12:47:00,242.7571428571429,177,1.2038418079096045
17194.0,274,2,262.62,119,2010-12-14 12:06:00,2011-03-11 12:05:00,131.31,361,0.16864265927977842
17197.0,30,1,1013.01,191,2011-11-10 10:32:00,2011-11-10 10:32:00,1013.01,30,1.0
17198.0,24,3,692.22,357,2010-12-03 14:54:00,2011-11-16 10:39:00,230.74,372,0.24548387096774194
17201.0,54,1,342.63,268,2011-10-17 11:55:00,2011-10-17 11:55:00,342.63,54,0.5637037037037037
17203.0,36,6,3563.85,2850,2011-10-10 14:37:00,2011-11-04 12:27:00,593.975,61,2.9940983606557374
17204.0,176,4,1564.56,646,2011-03-21 12:42:00,2011-06-17 14:46:00,391.14,264,0.4612121212121212
17205.0,54,1,384.08,884,2011-10-17 12:46:00,2011-10-17 12:46:00,384.08,54,0.5637037037037037
17206.0,54,1,204.24,76,2011-10-17 13:25:00,2011-10-17 13:25:00,204.24,54,0.5637037037037037
17211.0,27,8,2317.2200000000003,1323,2010-12-05 12:44:00,2011-11-13 12:03:00,289.65250000000003,370,0.6581621621621622
17212.0,254,1,226.85,147,2011-03-31 19:42:00,2011-03-31 19:42:00,226.85,254,0.11984251968503937
17213.0,41,7,2781.23,1176,2010-12-08 13:03:00,2011-10-30 14:53:00,397.31857142857143,367,0.580599455040872
17214.0,61,6,1069.1200000000001,276,2010-12-15 15:14:00,2011-10-10 13:17:00,178.1866666666667,360,0.5073333333333333
17217.0,235,1,113.5,24,2011-04-19 17:19:00,2011-04-19 17:19:00,113.5,235,0.12953191489361704
17218.0,5,10,1960.72,958,2010-12-06 15:25:00,2011-12-05 13:52:00,196.072,369,0.8249322493224933
17219.0,32,1,114.23,89,2011-11-08 11:25:00,2011-11-08 11:25:00,114.23,32,0.9512499999999999
17220.0,25,14,3198.25,1905,2010-12-10 14:54:00,2011-11-15 13:47:00,228.44642857142858,365,1.1675616438356167
17221.0,8,2,335.13,288,2011-11-03 17:39:00,2011-12-02 13:35:00,167.565,37,1.6454054054054055
17222.0,66,1,354.15,128,2011-10-05 13:58:00,2011-10-05 13:58:00,354.15,66,0.4612121212121212
17223.0,311,2,426.79,112,2010-12-06 14:08:00,2011-02-02 15:57:00,213.395,369,0.16498644986449867
17226.0,309,1,393.49,406,2011-02-04 11:52:00,2011-02-04 11:52:00,393.49,309,0.09851132686084144
17227.0,19,6,939.32,741,2010-12-06 11:16:00,2011-11-21 10:51:00,156.55333333333334,369,0.49495934959349597
17228.0,16,8,1906.09,1532,2010-12-02 16:00:00,2011-11-24 10:24:00,238.26125,373,0.6528686327077748
17229.0,97,2,318.76,185,2011-07-20 12:38:00,2011-09-04 13:56:00,159.38,143,0.4257342657342657
17230.0,265,8,3638.41,1651,2010-12-15 11:22:00,2011-03-20 16:12:00,454.80125,360,0.6764444444444445
17231.0,13,10,3174.32,1742,2010-12-13 14:16:00,2011-11-27 15:18:00,317.432,362,0.8408839779005525
17232.0,3,2,421.52,203,2011-11-25 12:24:00,2011-12-07 12:21:00,210.76,15,2.0
17233.0,36,1,190.88,131,2011-11-04 14:06:00,2011-11-04 14:06:00,190.88,36,0.8455555555555555
17234.0,183,1,149.89000000000001,55,2011-06-10 11:20:00,2011-06-10 11:20:00,149.89000000000001,183,0.16633879781420766
17235.0,26,2,550.06,224,2010-12-02 13:38:00,2011-11-14 15:51:00,275.03,373,0.1632171581769437
17236.0,13,6,916.13,474,2010-12-12 11:49:00,2011-11-27 12:00:00,152.68833333333333,363,0.5031404958677687
17237.0,12,2,314.69,105,2011-11-17 12:55:00,2011-11-28 15:02:00,157.345,23,2.0
17238.0,3,17,3744.65,1822,2010-12-03 15:05:00,2011-12-07 11:35:00,220.2735294117647,372,1.3910752688172043
17239.0,313,1,382.5,150,2011-01-31 09:41:00,2011-01-31 09:41:00,382.5,313,0.0972523961661342
17242.0,109,2,1135.04,611,2011-06-12 13:04:00,2011-08-23 14:55:00,567.52,181,0.336353591160221
17243.0,2,26,8676.85,3370,2010-12-05 10:03:00,2011-12-08 13:26:00,333.725,370,2.1390270270270273
17244.0,54,1,954.9,616,2011-10-17 15:19:00,2011-10-17 15:19:00,954.9,54,0.5637037037037037
17245.0,205,1,171.45,75,2011-05-19 10:43:00,2011-05-19 10:43:00,171.45,205,0.14848780487804877
17247.0,16,1,282.19,106,2011-11-24 15:21:00,2011-11-24 15:21:00,282.19,16,1.0
17248.0,121,1,318.65,213,2011-08-11 13:34:00,2011-08-11 13:34:00,318.65,121,0.25157024793388433
17250.0,4,2,384.52,168,2011-03-23 16:45:00,2011-12-06 12:15:00,192.26,262,0.23236641221374046
17251.0,363,1,283.28000000000003,110,2010-12-12 11:06:00,2010-12-12 11:06:00,283.28000000000003,363,0.08385674931129478
17252.0,117,2,353.86,193,2011-06-06 16:41:00,2011-08-15 09:45:00,176.93,187,0.3255614973262032
17253.0,19,1,178.26,43,2011-11-21 12:59:00,2011-11-21 12:59:00,178.26,19,1.0
17254.0,5,2,272.44,252,2011-11-24 14:09:00,2011-12-05 12:46:00,136.22,16,2.0
17255.0,41,2,298.41,232,2011-02-13 15:18:00,2011-10-30 12:18:00,149.205,300,0.20293333333333333
17256.0,108,2,240.0,141,2011-01-31 14:53:00,2011-08-24 13:30:00,120.0,313,0.1945047923322684
17259.0,149,2,603.37,410,2010-12-06 12:55:00,2011-07-14 15:01:00,301.685,369,0.16498644986449867
17262.0,53,5,1253.3600000000001,367,2010-12-08 13:30:00,2011-10-18 12:56:00,250.67200000000003,367,0.4147138964577657
17263.0,209,1,63.440000000000005,36,2011-05-15 14:32:00,2011-05-15 14:32:00,63.440000000000005,209,0.14564593301435408
17265.0,139,2,562.9,394,2011-06-12 12:00:00,2011-07-24 10:49:00,281.45,181,0.336353591160221
17266.0,3,3,310.64,161,2011-07-15 11:57:00,2011-12-07 14:12:00,103.54666666666667,148,0.617027027027027
17267.0,128,2,317.62,159,2011-08-04 17:19:00,2011-08-04 17:22:00,158.81,128,0.47562499999999996
17268.0,108,4,763.64,844,2011-04-08 13:20:00,2011-08-24 10:06:00,190.91,246,0.4949593495934959
17272.0,43,4,2148.63,1778,2011-03-22 12:05:00,2011-10-28 16:37:00,537.1575,263,0.46296577946768064
17274.0,36,1,111.97999999999999,79,2011-11-04 13:16:00,2011-11-04 13:16:00,111.97999999999999,36,0.8455555555555555
17277.0,228,2,1065.3500000000001,430,2011-01-21 12:37:00,2011-04-26 12:47:00,532.6750000000001,323,0.18848297213622292
17278.0,242,1,246.04,179,2011-04-12 13:10:00,2011-04-12 13:10:00,246.04,242,0.12578512396694216
17279.0,58,1,187.82999999999998,48,2011-10-13 11:58:00,2011-10-13 11:58:00,187.82999999999998,58,0.5248275862068966
17282.0,131,3,1703.41,1877,2011-02-13 11:36:00,2011-08-01 14:29:00,567.8033333333334,300,0.3044
17284.0,61,6,1652.58,1364,2011-01-07 14:31:00,2011-10-10 14:38:00,275.43,337,0.5419584569732938
17286.0,22,1,153.92,118,2011-11-18 12:47:00,2011-11-18 12:47:00,153.92,22,1.0
17287.0,27,7,1064.11,559,2010-12-02 12:22:00,2011-11-13 13:27:00,152.01571428571427,373,0.571260053619303
17288.0,10,7,1419.73,1203,2010-12-16 13:33:00,2011-11-30 16:09:00,202.81857142857143,359,0.5935376044568246
17289.0,32,3,944.41,520,2011-06-12 13:51:00,2011-11-08 12:01:00,314.80333333333334,181,0.5045303867403315
17290.0,4,2,525.24,404,2011-11-23 15:53:00,2011-12-06 12:38:00,262.62,17,2.0
17291.0,309,1,550.8000000000001,72,2011-02-04 13:04:00,2011-02-04 13:04:00,550.8000000000001,309,0.09851132686084144
17293.0,9,9,1875.1100000000001,1140,2010-12-13 14:55:00,2011-12-01 14:37:00,208.34555555555556,362,0.7567955801104973
17295.0,29,3,556.95,294,2011-10-06 12:22:00,2011-11-11 10:49:00,185.65,65,1.404923076923077
17297.0,18,1,131.78,67,2011-11-22 14:43:00,2011-11-22 14:43:00,131.78,18,1.0
17298.0,102,2,498.42,387,2011-08-07 12:21:00,2011-08-30 16:43:00,249.21,125,0.48704
17299.0,12,4,669.11,678,2011-06-19 16:04:00,2011-11-28 12:01:00,167.2775,174,0.6997701149425287
17301.0,22,1,197.63,149,2011-11-18 13:43:00,2011-11-18 13:43:00,197.63,22,1.0
17302.0,15,5,1135.63,575,2011-02-07 10:14:00,2011-11-25 09:36:00,227.12600000000003,306,0.4973856209150327
17303.0,362,1,250.04,144,2010-12-13 13:32:00,2010-12-13 13:32:00,250.04,362,0.08408839779005525
17306.0,11,19,8631.31,11491,2010-12-21 13:34:00,2011-11-29 12:14:00,454.2794736842105,354,1.6337853107344633
17309.0,96,1,82.75,41,2011-09-05 15:20:00,2011-09-05 15:20:00,82.75,96,0.31708333333333333
17311.0,79,2,1384.85,1005,2011-01-27 10:56:00,2011-09-22 14:11:00,692.425,317,0.1920504731861199
17312.0,139,3,644.3,372,2011-07-03 13:12:00,2011-07-24 11:52:00,214.76666666666665,160,0.57075
17313.0,32,1,2328.84,1402,2011-11-08 15:45:00,2011-11-08 15:45:00,2328.84,32,0.9512499999999999
17314.0,25,8,2527.92,1896,2011-01-31 11:25:00,2011-11-15 09:41:00,315.99,313,0.7780191693290736
17315.0,2,38,6292.26,3888,2010-12-17 12:24:00,2011-12-08 12:15:00,165.58578947368423,358,3.2310614525139667
17317.0,47,3,2600.34,1146,2011-09-11 12:45:00,2011-10-24 17:19:00,866.7800000000001,90,1.0146666666666666
17320.0,101,3,1200.6200000000001,634,2010-12-06 15:38:00,2011-08-31 13:31:00,400.2066666666667,369,0.24747967479674798
17321.0,9,2,700.86,373,2011-10-03 11:34:00,2011-12-01 13:41:00,350.43,68,0.8952941176470588
17323.0,16,7,921.07,776,2011-02-20 14:38:00,2011-11-24 17:29:00,131.58142857142857,293,0.7272354948805462
17324.0,18,4,990.23,844,2010-12-08 12:45:00,2011-11-22 10:34:00,247.5575,367,0.33177111716621255
17325.0,281,1,96.8,60,2011-03-04 13:09:00,2011-03-04 13:09:00,96.8,281,0.10832740213523133
17329.0,15,2,523.11,142,2011-01-28 15:29:00,2011-11-25 14:24:00,261.555,316,0.19265822784810127
17330.0,23,2,363.9,120,2011-10-03 11:26:00,2011-11-17 08:56:00,181.95,68,0.8952941176470588
17331.0,124,1,175.2,16,2011-08-08 11:55:00,2011-08-08 11:55:00,175.2,124,0.24548387096774194
17333.0,86,1,494.25,375,2011-09-15 10:11:00,2011-09-15 10:11:00,494.25,86,0.353953488372093
17334.0,303,2,307.02,315,2011-02-04 09:03:00,2011-02-10 14:59:00,153.51,309,0.19702265372168287
17337.0,152,4,2027.8700000000001,1269,2011-02-02 17:06:00,2011-07-11 14:55:00,506.96750000000003,311,0.39151125401929265
17338.0,18,8,6643.93,3128,2010-12-13 12:57:00,2011-11-22 14:23:00,830.49125,362,0.672707182320442
17339.0,95,2,243.36,152,2010-12-09 14:44:00,2011-09-06 13:29:00,121.68,366,0.16633879781420766
17340.0,30,11,12353.29,5967,2010-12-08 15:56:00,2011-11-10 10:45:00,1123.0263636363636,367,0.9123705722070846
17341.0,157,3,781.36,489,2010-12-08 12:46:00,2011-07-06 12:33:00,260.4533333333333,367,0.24882833787465944
17343.0,356,1,193.64,56,2010-12-19 15:07:00,2010-12-19 15:07:00,193.64,356,0.08550561797752809
17344.0,47,1,160.57,66,2011-10-24 12:56:00,2011-10-24 12:56:00,160.57,47,0.6476595744680851
17345.0,16,4,537.74,346,2011-05-27 12:26:00,2011-11-24 15:03:00,134.435,197,0.6180710659898477
17346.0,4,15,2676.56,1657,2010-12-01 14:34:00,2011-12-06 12:18:00,178.43733333333333,374,1.2208556149732621
17347.0,87,1,228.96,216,2011-09-14 13:12:00,2011-09-14 13:12:00,228.96,87,0.34988505747126436
17348.0,15,5,1159.52,1401,2011-02-15 10:49:00,2011-11-25 11:25:00,231.904,298,0.5107382550335571
17349.0,180,1,110.75,112,2011-06-13 14:29:00,2011-06-13 14:29:00,110.75,180,0.16911111111111113
17350.0,9,4,1286.07,795,2011-10-19 16:05:00,2011-12-01 15:47:00,321.5175,52,2.3415384615384616
17351.0,37,3,587.15,113,2011-03-11 16:05:00,2011-11-03 18:45:00,195.71666666666667,274,0.3332846715328467
17353.0,130,2,1740.0,1200,2011-07-08 16:17:00,2011-08-02 17:19:00,870.0,155,0.3927741935483871
17354.0,51,1,1393.06,1006,2011-10-20 10:34:00,2011-10-20 10:34:00,1393.06,51,0.5968627450980393
17356.0,312,1,178.22,166,2011-02-01 11:07:00,2011-02-01 11:07:00,178.22,312,0.09756410256410257
17357.0,25,2,388.14,153,2011-11-15 16:29:00,2011-11-15 16:30:00,194.07,25,2.0
17358.0,304,2,365.85,202,2010-12-19 14:16:00,2011-02-09 16:57:00,182.925,356,0.17101123595505618
17359.0,12,1,127.86,161,2011-11-28 14:37:00,2011-11-28 14:37:00,127.86,12,1.0
17360.0,18,3,585.79,335,2011-06-08 17:09:00,2011-11-22 13:11:00,195.26333333333332,185,0.49362162162162165
17361.0,50,3,488.2,157,2011-02-21 09:55:00,2011-10-21 15:43:00,162.73333333333332,292,0.31273972602739725
17362.0,240,2,312.23,191,2011-02-03 10:26:00,2011-04-14 14:43:00,156.115,310,0.19638709677419355
17364.0,1,11,4481.18,2701,2011-01-12 16:57:00,2011-12-09 09:00:00,407.38000000000005,332,1.00855421686747
17365.0,13,8,4801.56,4777,2011-01-11 12:11:00,2011-11-27 12:13:00,600.195,333,0.7312912912912913
17367.0,239,1,168.4,150,2011-04-15 14:21:00,2011-04-15 14:21:00,168.4,239,0.1273640167364017
17368.0,24,8,1912.67,1391,2011-01-06 11:57:00,2011-11-16 15:26:00,239.08375,338,0.720473372781065
17370.0,73,4,446.18,540,2011-06-23 11:50:00,2011-09-28 10:14:00,111.545,170,0.7162352941176471
17371.0,18,3,423.89,152,2010-12-13 15:20:00,2011-11-22 13:30:00,141.29666666666665,362,0.25226519337016573
17372.0,41,8,1342.68,749,2010-12-12 12:00:00,2011-10-30 11:37:00,167.835,363,0.6708539944903582
17373.0,41,4,646.92,408,2011-01-31 11:46:00,2011-10-30 15:28:00,161.73,313,0.3890095846645368
17374.0,219,2,495.77,85,2011-03-03 12:53:00,2011-05-05 09:05:00,247.885,282,0.21588652482269502
17375.0,200,3,400.1,367,2010-12-13 15:16:00,2011-05-24 15:45:00,133.36666666666667,362,0.25226519337016573
17376.0,71,2,203.2,86,2011-02-01 14:12:00,2011-09-30 12:36:00,101.6,312,0.19512820512820514
17377.0,24,20,4100.92,2076,2010-12-01 12:35:00,2011-11-16 11:17:00,205.046,374,1.6278074866310162
17379.0,12,1,404.66,663,2011-11-28 13:56:00,2011-11-28 13:56:00,404.66,12,1.0
17381.0,9,29,20275.61,25649,2010-12-02 12:58:00,2011-12-01 11:59:00,699.1589655172414,373,2.366648793565684
17382.0,66,1,65.4,25,2011-10-05 13:05:00,2011-10-05 13:05:00,65.4,66,0.4612121212121212
17383.0,5,1,199.29,150,2011-12-05 17:36:00,2011-12-05 17:36:00,199.29,5,1.0
17384.0,20,2,336.4,88,2011-05-04 16:07:00,2011-11-20 15:48:00,168.2,220,0.27672727272727277
17385.0,15,1,261.11,201,2011-11-25 11:02:00,2011-11-25 11:02:00,261.11,15,1.0
17386.0,8,6,2686.42,1902,2011-06-27 12:11:00,2011-12-02 11:28:00,447.7366666666667,166,1.1002409638554218
17387.0,20,2,784.11,542,2011-11-06 11:25:00,2011-11-20 11:00:00,392.055,34,1.7905882352941176
17388.0,78,4,1259.56,1068,2011-02-25 12:28:00,2011-09-23 10:31:00,314.89,288,0.42277777777777775
17389.0,1,34,31833.68,7612,2011-01-12 15:48:00,2011-12-09 09:38:00,936.2847058823529,332,3.1173493975903614
17391.0,164,2,508.8,480,2011-06-28 12:21:00,2011-06-29 09:58:00,254.4,165,0.36896969696969695
17392.0,307,2,457.91,320,2010-12-16 19:04:00,2011-02-06 12:48:00,228.955,359,0.1695821727019499
17394.0,220,1,203.86999999999998,241,2011-05-04 13:22:00,2011-05-04 13:22:00,203.86999999999998,220,0.13836363636363638
17396.0,40,8,7330.8,2005,2010-12-03 09:45:00,2011-10-31 14:12:00,916.35,372,0.6546236559139785
17397.0,23,2,696.41,254,2011-11-17 13:58:00,2011-11-17 14:08:00,348.205,23,2.0
17398.0,115,3,653.38,310,2011-03-29 13:04:00,2011-08-17 09:48:00,217.79333333333332,256,0.35671875
17400.0,127,5,2129.96,1097,2010-12-21 17:16:00,2011-08-05 15:38:00,425.992,354,0.42994350282485877
17402.0,5,13,2633.85,701,2010-12-05 13:53:00,2011-12-05 10:15:00,202.60384615384615,370,1.0695135135135136
17403.0,37,1,281.62,117,2011-11-03 15:18:00,2011-11-03 15:18:00,281.62,37,0.8227027027027027
17404.0,5,15,31906.82,32748,2010-12-14 13:28:00,2011-12-05 16:26:00,2127.1213333333335,361,1.2648199445983381
17405.0,2,3,1031.41,726,2011-07-12 14:17:00,2011-12-08 17:12:00,343.80333333333334,151,0.6047682119205298
17406.0,334,3,2200.42,787,2010-12-08 10:35:00,2011-01-10 15:07:00,733.4733333333334,367,0.24882833787465944
17408.0,164,1,32.65,3,2011-06-29 12:53:00,2011-06-29 12:53:00,32.65,164,0.18560975609756097
17409.0,185,2,771.85,105,2011-04-05 16:42:00,2011-06-08 10:36:00,385.925,249,0.2444979919678715
17410.0,17,5,1214.72,616,2011-05-08 15:21:00,2011-11-23 15:46:00,242.94400000000002,216,0.7046296296296297
17411.0,13,3,778.94,306,2011-03-23 13:44:00,2011-11-27 14:25:00,259.6466666666667,262,0.34854961832061065
17412.0,3,7,1258.06,738,2010-12-02 16:29:00,2011-12-07 11:36:00,179.72285714285712,373,0.571260053619303
17414.0,44,2,778.0,2100,2011-06-08 11:43:00,2011-10-27 12:13:00,389.0,185,0.3290810810810811
17415.0,80,1,507.84,114,2011-09-21 12:50:00,2011-09-21 12:50:00,507.84,80,0.3805
17416.0,30,7,6893.42,4302,2011-03-03 13:45:00,2011-11-10 12:47:00,984.7742857142857,282,0.7556028368794326
17418.0,43,2,463.46000000000004,289,2011-01-20 11:39:00,2011-10-28 13:00:00,231.73000000000002,324,0.18790123456790123
17419.0,12,12,4226.57,1876,2010-12-07 15:03:00,2011-11-28 13:47:00,352.21416666666664,368,0.9926086956521739
17420.0,51,3,598.83,265,2010-12-01 09:56:00,2011-10-20 14:52:00,199.61,374,0.2441711229946524
17422.0,17,6,1979.37,2253,2011-02-16 14:44:00,2011-11-23 13:27:00,329.895,297,0.614949494949495
17423.0,47,2,698.41,459,2011-05-06 09:14:00,2011-10-24 13:36:00,349.205,218,0.2792660550458716
17425.0,20,2,759.17,407,2011-10-10 11:37:00,2011-11-20 15:30:00,379.585,61,0.9980327868852459
17426.0,9,6,5037.26,3094,2011-03-02 16:34:00,2011-12-01 18:07:00,839.5433333333334,283,0.6453710247349824
17427.0,72,1,100.8,34,2011-09-29 11:29:00,2011-09-29 11:29:00,100.8,72,0.42277777777777775
17428.0,1,28,17256.85,9474,2010-12-06 09:37:00,2011-12-09 09:45:00,616.3160714285714,369,2.309810298102981
17429.0,129,3,524.9200000000001,624,2011-05-05 09:53:00,2011-08-03 13:22:00,174.97333333333336,219,0.41698630136986303
17430.0,33,2,265.76,190,2010-12-09 13:05:00,2011-11-07 09:24:00,132.88,366,0.16633879781420766
17431.0,314,1,403.3,292,2011-01-30 14:36:00,2011-01-30 14:36:00,403.3,314,0.09694267515923567
17432.0,19,2,365.76,207,2011-11-02 17:30:00,2011-11-21 17:33:00,182.88,38,1.6021052631578947
17433.0,89,1,303.15999999999997,185,2011-09-12 14:24:00,2011-09-12 14:24:00,303.15999999999997,89,0.34202247191011237
17434.0,3,7,2373.82,1693,2011-09-15 13:54:00,2011-12-07 13:16:00,339.1171428571429,86,2.4776744186046513
17436.0,2,2,216.29999999999998,90,2011-04-27 11:33:00,2011-12-08 12:30:00,108.14999999999999,227,0.26819383259911894
17438.0,254,1,388.45000000000005,103,2011-03-31 10:26:00,2011-03-31 10:26:00,388.45000000000005,254,0.11984251968503937
17440.0,157,3,186.42000000000002,246,2011-04-06 12:05:00,2011-07-06 11:54:00,62.14000000000001,248,0.3682258064516129
17442.0,37,6,2248.56,1496,2011-02-22 13:02:00,2011-11-03 09:17:00,374.76,291,0.6276288659793815
17443.0,220,1,534.24,504,2011-05-04 10:47:00,2011-05-04 10:47:00,534.24,220,0.13836363636363638
17444.0,148,3,2940.04,2119,2011-06-20 09:04:00,2011-07-15 12:05:00,980.0133333333333,173,0.5278612716763006
17446.0,177,2,120.9,198,2011-02-02 14:40:00,2011-06-16 10:42:00,60.45,311,0.19575562700964633
17447.0,41,2,541.53,443,2011-09-29 10:10:00,2011-10-30 14:18:00,270.765,72,0.8455555555555555
17449.0,3,7,2520.86,1122,2010-12-15 10:57:00,2011-12-07 16:56:00,360.1228571428572,360,0.5918888888888889
17450.0,9,46,194550.79,69993,2010-12-07 09:23:00,2011-12-01 13:29:00,4229.365,368,3.805
17451.0,2,7,1721.4,1203,2011-08-26 11:54:00,2011-12-08 15:02:00,245.91428571428574,106,2.010188679245283
17453.0,18,2,486.71999999999997,219,2011-10-06 17:02:00,2011-11-22 09:42:00,243.35999999999999,65,0.9366153846153846
17454.0,193,4,517.53,243,2010-12-15 10:54:00,2011-05-31 13:58:00,129.3825,360,0.33822222222222226
17455.0,204,1,131.7,66,2011-05-20 12:31:00,2011-05-20 12:31:00,131.7,204,0.14921568627450982
17456.0,366,1,249.86,222,2010-12-09 15:23:00,2010-12-09 15:23:00,249.86,366,0.08316939890710383
17457.0,127,5,1737.7,826,2011-01-04 14:33:00,2011-08-05 12:48:00,347.54,340,0.4476470588235294
17458.0,16,1,316.5,170,2011-11-24 13:01:00,2011-11-24 13:01:00,316.5,16,1.0
17459.0,44,2,657.3,537,2011-10-10 17:00:00,2011-10-27 13:25:00,328.65,61,0.9980327868852459
17460.0,95,6,622.4300000000001,236,2010-12-01 16:24:00,2011-09-06 15:04:00,103.73833333333334,374,0.4883422459893048
17461.0,23,3,757.46,799,2011-11-10 12:01:00,2011-11-17 10:21:00,252.48666666666668,30,3.0
17462.0,61,2,675.69,227,2011-02-28 17:01:00,2011-10-10 13:56:00,337.845,285,0.2136140350877193
17463.0,17,5,1896.41,1095,2011-01-30 15:48:00,2011-11-23 13:40:00,379.28200000000004,314,0.48471337579617835
17464.0,159,1,289.96000000000004,220,2011-07-04 13:19:00,2011-07-04 13:19:00,289.96000000000004,159,0.19144654088050314
17466.0,11,2,763.28,306,2011-09-22 09:16:00,2011-11-29 13:15:00,381.64,79,0.7706329113924051
17468.0,11,2,137.0,116,2011-11-25 12:52:00,2011-11-29 15:33:00,68.5,15,2.0
17469.0,17,5,1870.97,787,2011-05-19 08:55:00,2011-11-23 13:15:00,374.194,205,0.7424390243902439
17470.0,45,5,1125.07,1675,2010-12-07 09:57:00,2011-10-26 12:42:00,225.01399999999998,368,0.41358695652173916
17472.0,192,3,710.29,462,2011-02-13 14:40:00,2011-06-01 14:57:00,236.76333333333332,300,0.3044
17475.0,80,1,194.37,178,2011-09-21 14:55:00,2011-09-21 14:55:00,194.37,80,0.3805
17480.0,78,1,511.82,338,2011-09-23 11:39:00,2011-09-23 11:39:00,511.82,78,0.3902564102564103
17481.0,4,4,1255.59,1061,2011-09-07 09:57:00,2011-12-06 12:28:00,313.8975,94,1.2953191489361702
17483.0,66,3,414.04,191,2011-06-09 19:40:00,2011-10-05 13:10:00,138.01333333333335,184,0.49630434782608696
17486.0,262,1,396.87,191,2011-03-23 14:00:00,2011-03-23 14:00:00,396.87,262,0.11618320610687023
17489.0,59,2,376.64,428,2011-05-11 11:34:00,2011-10-12 08:56:00,188.32,213,0.28582159624413145
17490.0,1,7,2092.32,1134,2011-06-16 09:15:00,2011-12-09 09:08:00,298.90285714285716,177,1.2038418079096045
17491.0,2,10,3558.87,2013,2010-12-07 12:18:00,2011-12-08 16:18:00,355.887,368,0.8271739130434783
17492.0,249,1,374.57,155,2011-04-05 15:21:00,2011-04-05 15:21:00,374.57,249,0.12224899598393575
17495.0,8,2,497.56,229,2011-11-01 12:06:00,2011-12-02 12:08:00,248.78,39,1.5610256410256411
17496.0,359,1,271.05,79,2010-12-16 08:39:00,2010-12-16 08:39:00,271.05,359,0.08479108635097495
17498.0,76,1,272.22,394,2011-09-25 12:25:00,2011-09-25 12:25:00,272.22,76,0.4005263157894737
17499.0,290,1,622.88,711,2011-02-23 09:14:00,2011-02-23 09:14:00,622.88,290,0.10496551724137931
17500.0,18,3,1138.0,17,2011-11-10 09:08:00,2011-11-22 14:25:00,379.3333333333333,30,3.0
17501.0,221,2,288.6,160,2011-05-03 09:46:00,2011-05-03 09:47:00,144.3,221,0.275475113122172
17502.0,10,4,689.1,376,2011-11-10 16:39:00,2011-11-30 13:13:00,172.275,30,4.0
17503.0,3,2,558.96,486,2011-11-01 11:12:00,2011-12-07 09:18:00,279.48,39,1.5610256410256411
17504.0,207,9,2997.0299999999997,1664,2011-01-21 11:09:00,2011-05-17 12:59:00,333.00333333333333,323,0.8481733746130031
17505.0,162,2,1145.84,556,2011-05-18 09:01:00,2011-07-01 12:50:00,572.92,206,0.2955339805825243
17506.0,76,1,302.2,139,2011-09-25 11:39:00,2011-09-25 11:39:00,302.2,76,0.4005263157894737
17507.0,262,2,605.58,359,2011-02-03 18:08:00,2011-03-23 11:48:00,302.79,310,0.19638709677419355
17508.0,281,1,387.31,289,2011-03-04 08:10:00,2011-03-04 08:10:00,387.31,281,0.10832740213523133
17509.0,58,8,6115.14,3534,2011-10-07 13:14:00,2011-10-13 10:26:00,764.3925,64,3.8049999999999997
17510.0,25,1,308.48,214,2011-11-15 10:00:00,2011-11-15 10:00:00,308.48,25,1.0
17511.0,3,31,91062.38,64549,2010-12-01 10:19:00,2011-12-07 10:12:00,2937.496129032258,374,2.5231016042780747
17512.0,29,10,2924.9900000000002,2753,2011-02-11 12:22:00,2011-11-11 12:11:00,292.499,302,1.0079470198675498
17513.0,73,1,513.2,254,2011-09-28 16:42:00,2011-09-28 16:42:00,513.2,73,0.41698630136986303
17514.0,129,1,208.65,135,2011-08-03 15:45:00,2011-08-03 15:45:00,208.65,129,0.235968992248062
17515.0,32,4,639.02,243,2011-01-25 14:33:00,2011-11-08 14:04:00,159.755,319,0.3816927899686521
17516.0,16,5,768.08,416,2011-02-27 12:41:00,2011-11-24 16:51:00,153.616,286,0.5321678321678321
17517.0,309,1,153.94,102,2011-02-04 11:48:00,2011-02-04 11:48:00,153.94,309,0.09851132686084144
17519.0,18,6,1844.02,1236,2010-12-06 15:18:00,2011-11-22 16:43:00,307.33666666666664,369,0.49495934959349597
17520.0,54,1,546.81,365,2011-10-17 12:04:00,2011-10-17 12:04:00,546.81,54,0.5637037037037037
17521.0,30,3,723.2099999999999,519,2011-05-24 15:14:00,2011-11-10 11:22:00,241.06999999999996,200,0.4566
17522.0,2,5,1070.71,1034,2011-05-05 16:31:00,2011-12-08 12:31:00,214.142,219,0.6949771689497717
17523.0,12,4,652.74,872,2011-11-20 13:40:00,2011-11-28 13:20:00,163.185,20,4.0
17524.0,362,1,145.0,90,2010-12-13 14:32:00,2010-12-13 14:32:00,145.0,362,0.08408839779005525
17525.0,360,1,422.70000000000005,82,2010-12-15 12:05:00,2010-12-15 12:05:00,422.70000000000005,360,0.08455555555555556
17526.0,5,4,1195.8999999999999,310,2010-12-09 12:20:00,2011-12-05 11:05:00,298.97499999999997,366,0.3326775956284153
17527.0,54,4,939.37,488,2011-05-05 13:43:00,2011-10-17 12:32:00,234.8425,219,0.5559817351598174
17528.0,2,8,3628.5,2138,2011-09-29 13:04:00,2011-12-08 13:27:00,453.5625,72,3.382222222222222
17530.0,2,10,2385.0,1526,2010-12-09 20:01:00,2011-12-08 18:42:00,238.5,366,0.8316939890710383
17531.0,191,1,296.7,136,2011-06-02 19:17:00,2011-06-02 19:17:00,296.7,191,0.1593717277486911
17534.0,54,1,223.36,103,2011-10-17 12:47:00,2011-10-17 12:47:00,223.36,54,0.5637037037037037
17535.0,281,1,164.4,136,2011-03-04 15:20:00,2011-03-04 15:20:00,164.4,281,0.10832740213523133
17536.0,178,1,76.5,6,2011-06-15 13:23:00,2011-06-15 13:23:00,76.5,178,0.17101123595505618
17537.0,30,2,897.62,700,2011-02-09 13:37:00,2011-11-10 10:56:00,448.81,304,0.20026315789473684
17538.0,26,1,98.42,134,2011-11-14 12:12:00,2011-11-14 12:12:00,98.42,26,1.0
17540.0,25,2,578.9,194,2011-01-27 14:35:00,2011-11-15 11:56:00,289.45,317,0.1920504731861199
17542.0,270,1,170.75,134,2011-03-15 11:45:00,2011-03-15 11:45:00,170.75,270,0.11274074074074074
17545.0,44,3,645.96,341,2011-10-27 13:48:00,2011-10-27 14:04:00,215.32000000000002,44,2.0754545454545457
17548.0,234,1,103.3,58,2011-04-20 12:01:00,2011-04-20 12:01:00,103.3,234,0.13008547008547008
17549.0,24,2,148.86,210,2011-10-19 10:05:00,2011-11-16 09:59:00,74.43,52,1.1707692307692308
17550.0,198,3,267.16,86,2011-04-10 15:19:00,2011-05-26 14:09:00,89.05333333333334,244,0.3742622950819672
17551.0,360,1,306.84,150,2010-12-15 14:12:00,2010-12-15 14:12:00,306.84,360,0.08455555555555556
17552.0,61,4,930.41,719,2010-12-02 18:45:00,2011-10-10 17:00:00,232.6025,373,0.3264343163538874
17553.0,130,1,1487.6,1048,2011-08-02 10:00:00,2011-08-02 10:00:00,1487.6,130,0.23415384615384616
17554.0,2,5,1952.45,1763,2011-07-14 20:01:00,2011-12-08 14:15:00,390.49,149,1.0214765100671142
17555.0,20,2,483.26,349,2011-01-09 12:31:00,2011-11-20 12:22:00,241.63,335,0.18173134328358212
17556.0,206,1,157.9,101,2011-05-18 10:48:00,2011-05-18 10:48:00,157.9,206,0.14776699029126214
17557.0,15,3,541.46,306,2011-09-19 14:23:00,2011-11-25 12:57:00,180.48666666666668,82,1.113658536585366
17560.0,95,4,854.95,635,2011-02-02 11:14:00,2011-09-06 09:18:00,213.7375,311,0.39151125401929265
17561.0,20,1,167.62,146,2011-11-20 12:53:00,2011-11-20 12:53:00,167.62,20,1.0
17562.0,15,7,1122.38,817,2011-06-19 13:06:00,2011-11-25 14:21:00,160.34,174,1.2245977011494253
17564.0,25,3,454.01,146,2011-09-20 14:00:00,2011-11-15 13:27:00,151.33666666666667,81,1.1274074074074074
17566.0,9,2,901.21,518,2011-11-14 13:42:00,2011-12-01 19:54:00,450.605,26,2.0
17567.0,8,8,4331.48,2632,2010-12-02 15:18:00,2011-12-02 15:48:00,541.435,373,0.6528686327077748
17569.0,333,1,344.14,159,2011-01-11 14:15:00,2011-01-11 14:15:00,344.14,333,0.09141141141141142
17571.0,51,4,1498.51,905,2011-02-14 15:15:00,2011-10-20 15:57:00,374.6275,299,0.4072240802675586
17572.0,72,4,226.75000000000003,95,2010-12-01 12:51:00,2011-09-29 17:53:00,56.68750000000001,374,0.3255614973262032
17573.0,30,3,380.6,308,2011-09-07 10:36:00,2011-11-10 13:01:00,126.86666666666667,94,0.9714893617021277
17574.0,243,1,185.65,77,2011-04-11 09:47:00,2011-04-11 09:47:00,185.65,243,0.12526748971193416
17576.0,9,19,3622.68,1994,2010-12-09 16:57:00,2011-12-01 17:56:00,190.66736842105263,366,1.5802185792349728
17578.0,219,1,143.45999999999998,138,2011-05-05 18:38:00,2011-05-05 18:38:00,143.45999999999998,219,0.13899543378995435
17579.0,5,3,448.90000000000003,258,2011-06-13 14:12:00,2011-12-05 12:28:00,149.63333333333335,180,0.5073333333333333
17580.0,253,3,215.72,88,2010-12-16 15:27:00,2011-04-01 12:41:00,71.90666666666667,359,0.2543732590529248
17581.0,1,25,11045.04,5927,2010-12-02 14:47:00,2011-12-09 12:21:00,441.8016,373,2.0402144772117965
17582.0,237,1,175.27,123,2011-04-17 13:18:00,2011-04-17 13:18:00,175.27,237,0.12843881856540085
17584.0,8,2,1242.3,458,2011-08-04 14:12:00,2011-12-02 17:12:00,621.15,128,0.47562499999999996
17585.0,110,4,1133.07,1671,2011-01-05 15:09:00,2011-08-22 13:30:00,283.2675,339,0.3591740412979351
17588.0,101,3,1240.2,676,2011-04-21 10:31:00,2011-08-31 13:37:00,413.40000000000003,233,0.39193133047210305
17589.0,61,4,2404.17,1631,2011-04-13 13:47:00,2011-10-10 16:58:00,601.0425,241,0.5052282157676349
17590.0,3,3,1479.22,828,2011-10-30 14:05:00,2011-12-07 12:55:00,493.0733333333333,41,2.227317073170732
17591.0,74,7,2225.9700000000003,1009,2010-12-07 15:39:00,2011-09-27 13:42:00,317.9957142857143,368,0.5790217391304348
17593.0,4,5,3927.34,3101,2010-12-22 10:29:00,2011-12-06 10:30:00,785.4680000000001,353,0.4311614730878187
17594.0,86,2,993.18,550,2011-03-30 10:32:00,2011-09-15 16:34:00,496.59,255,0.2387450980392157
17595.0,13,2,388.79,229,2011-11-02 16:19:00,2011-11-27 16:08:00,194.395,38,1.6021052631578947
17596.0,24,7,2827.93,4400,2010-12-06 12:34:00,2011-11-16 14:11:00,403.98999999999995,369,0.5774525745257453
17597.0,214,1,2044.3700000000001,1176,2011-05-10 11:54:00,2011-05-10 11:54:00,2044.3700000000001,214,0.14224299065420562
17600.0,18,1,161.67000000000002,144,2011-11-22 09:43:00,2011-11-22 09:43:00,161.67000000000002,18,1.0
17601.0,240,1,116.00999999999999,103,2011-04-14 18:02:00,2011-04-14 18:02:00,116.00999999999999,240,0.12683333333333335
17602.0,3,6,5102.97,4151,2011-01-19 16:18:00,2011-12-07 13:53:00,850.495,325,0.5619692307692308
17603.0,79,1,394.72,74,2011-09-22 14:18:00,2011-09-22 14:18:00,394.72,79,0.38531645569620254
17604.0,218,2,309.36,169,2011-01-31 15:09:00,2011-05-06 13:43:00,154.68,313,0.1945047923322684
17608.0,34,2,193.42,232,2011-11-06 13:00:00,2011-11-06 13:06:00,96.71,34,1.7905882352941176
17609.0,41,5,1112.22,723,2011-01-16 16:23:00,2011-10-30 12:28:00,222.44400000000002,328,0.46402439024390246
17611.0,8,15,3984.22,2560,2010-12-13 13:52:00,2011-12-02 13:29:00,265.61466666666666,362,1.2613259668508288
17612.0,54,6,2048.45,1808,2011-02-15 10:40:00,2011-10-17 14:59:00,341.4083333333333,298,0.6128859060402685
17613.0,23,14,4559.150000000001,2496,2011-02-07 11:20:00,2011-11-17 10:51:00,325.65357142857147,306,1.3926797385620915
17614.0,58,1,390.07,238,2011-10-13 16:01:00,2011-10-13 16:01:00,390.07,58,0.5248275862068966
17615.0,131,3,329.6,140,2011-05-01 15:33:00,2011-08-01 14:06:00,109.86666666666667,223,0.4095067264573991
17616.0,174,3,571.1999999999999,224,2010-12-07 10:04:00,2011-06-19 10:11:00,190.39999999999998,368,0.24815217391304348
17618.0,6,3,971.58,331,2010-12-12 16:05:00,2011-12-04 11:50:00,323.86,363,0.25157024793388433
17619.0,313,1,218.52,127,2011-01-31 14:18:00,2011-01-31 14:18:00,218.52,313,0.0972523961661342
17620.0,60,1,81.44,60,2011-10-11 12:08:00,2011-10-11 12:08:00,81.44,60,0.5073333333333334
17621.0,22,3,1379.9,514,2010-12-20 13:31:00,2011-11-18 17:11:00,459.9666666666667,355,0.2572394366197183
17623.0,33,1,527.0500000000001,265,2011-11-07 11:32:00,2011-11-07 11:32:00,527.0500000000001,33,0.9224242424242424
17624.0,15,2,843.48,554,2011-05-05 17:59:00,2011-11-25 10:52:00,421.74,219,0.2779908675799087
17625.0,19,4,2047.0,1198,2011-03-27 12:21:00,2011-11-21 13:36:00,511.75,258,0.471937984496124
17628.0,82,1,75.75,79,2011-09-19 15:21:00,2011-09-19 15:21:00,75.75,82,0.37121951219512195
17629.0,6,8,1814.12,1629,2010-12-15 09:58:00,2011-12-04 10:56:00,226.765,360,0.6764444444444445
17630.0,170,2,503.59999999999997,158,2011-04-21 14:03:00,2011-06-23 11:58:00,251.79999999999998,233,0.26128755364806866
17631.0,2,3,528.33,334,2011-04-21 13:22:00,2011-12-08 09:47:00,176.11,233,0.39193133047210305
17633.0,32,4,1324.84,644,2011-08-11 15:43:00,2011-11-08 13:25:00,331.21,121,1.0062809917355373
17634.0,37,9,2361.9700000000003,840,2011-01-06 12:45:00,2011-11-03 13:09:00,262.4411111111111,338,0.8105325443786983
17636.0,20,1,285.56,182,2011-11-20 14:40:00,2011-11-20 14:40:00,285.56,20,1.0
17637.0,32,2,547.0600000000001,280,2011-08-16 13:25:00,2011-11-08 12:51:00,273.53000000000003,116,0.5248275862068966
17639.0,277,1,108.5,49,2011-03-08 15:22:00,2011-03-08 15:22:00,108.5,277,0.10989169675090253
17640.0,87,1,621.66,250,2011-09-14 09:13:00,2011-09-14 09:13:00,621.66,87,0.34988505747126436
17642.0,120,2,712.29,474,2011-06-16 12:55:00,2011-08-12 09:11:00,356.145,177,0.343954802259887
17643.0,374,1,101.55,71,2010-12-01 14:38:00,2010-12-01 14:38:00,101.55,374,0.0813903743315508
17644.0,2,11,2895.64,1793,2011-03-24 09:44:00,2011-12-08 13:43:00,263.24,261,1.2829118773946362
17646.0,220,3,1008.39,323,2010-12-09 14:28:00,2011-05-04 13:17:00,336.13,366,0.24950819672131147
17647.0,66,1,133.06,30,2011-10-05 15:38:00,2011-10-05 15:38:00,133.06,66,0.4612121212121212
17648.0,61,4,1797.5,487,2011-04-04 10:29:00,2011-10-10 09:41:00,449.375,250,0.48704
17649.0,139,1,868.49,399,2011-07-24 15:53:00,2011-07-24 15:53:00,868.49,139,0.21899280575539568
17650.0,22,1,166.08,150,2011-11-18 14:52:00,2011-11-18 14:52:00,166.08,22,1.0
17651.0,12,10,3945.0,3112,2011-06-15 15:57:00,2011-11-28 10:29:00,394.5,178,1.7101123595505618
17652.0,26,12,4867.72,2509,2011-03-03 14:05:00,2011-11-14 12:55:00,405.6433333333334,282,1.2953191489361702
17653.0,37,4,1207.56,1409,2011-08-11 15:24:00,2011-11-03 12:46:00,301.89,121,1.0062809917355373
17654.0,278,1,117.55,41,2011-03-07 13:17:00,2011-03-07 13:17:00,117.55,278,0.10949640287769784
17655.0,11,7,2638.94,1116,2010-12-08 16:45:00,2011-11-29 11:34:00,376.99142857142857,367,0.580599455040872
17656.0,74,5,1674.69,1399,2011-08-03 10:45:00,2011-09-27 13:04:00,334.938,129,1.1798449612403101
17658.0,26,2,595.42,616,2011-05-12 15:23:00,2011-11-14 12:07:00,297.71,212,0.28716981132075475
17659.0,18,12,2999.46,1525,2010-12-02 16:46:00,2011-11-22 13:29:00,249.955,373,0.9793029490616623
17660.0,142,1,196.0,130,2011-07-21 13:37:00,2011-07-21 13:37:00,196.0,142,0.2143661971830986
17663.0,26,7,1802.91,797,2011-02-25 14:11:00,2011-11-14 08:56:00,257.55857142857144,288,0.7398611111111111
17664.0,19,2,604.64,604,2011-05-11 14:17:00,2011-11-21 11:29:00,302.32,213,0.28582159624413145
17666.0,4,2,728.16,596,2011-10-05 11:06:00,2011-12-06 09:06:00,364.08,66,0.9224242424242424
17667.0,67,5,2055.51,1033,2011-02-14 09:24:00,2011-10-04 14:32:00,411.10200000000003,299,0.5090301003344482
17668.0,2,2,347.75,93,2011-11-01 14:45:00,2011-12-08 13:25:00,173.875,39,1.5610256410256411
17669.0,43,7,3406.7200000000003,1916,2011-04-04 10:11:00,2011-10-28 08:53:00,486.67428571428576,250,0.85232
17670.0,228,1,205.7,110,2011-04-26 09:12:00,2011-04-26 09:12:00,205.7,228,0.13350877192982458
17671.0,16,4,1572.71,772,2010-12-09 14:27:00,2011-11-24 12:21:00,393.1775,366,0.3326775956284153
17672.0,51,2,3178.17,1690,2011-02-03 13:29:00,2011-10-20 14:18:00,1589.085,310,0.19638709677419355
17673.0,2,6,1629.12,1487,2011-01-23 15:16:00,2011-12-08 12:50:00,271.52,321,0.5689719626168225
17674.0,75,2,551.04,672,2010-12-06 10:20:00,2011-09-26 13:35:00,275.52,369,0.16498644986449867
17675.0,2,31,20374.28,8360,2010-12-07 13:22:00,2011-12-08 18:03:00,657.2348387096774,368,2.5642391304347827
17676.0,5,6,1387.68,932,2010-12-08 13:49:00,2011-12-05 15:16:00,231.28,367,0.4976566757493189
17677.0,2,30,16363.23,9775,2010-12-06 08:42:00,2011-12-08 09:56:00,545.441,369,2.47479674796748
17678.0,264,1,298.11,207,2011-03-21 11:52:00,2011-03-21 11:52:00,298.11,264,0.1153030303030303
17679.0,53,2,1992.1100000000001,729,2011-09-15 10:35:00,2011-10-18 07:43:00,996.0550000000001,86,0.707906976744186
17680.0,24,1,184.4,96,2011-11-16 12:42:00,2011-11-16 12:42:00,184.4,24,1.0
17682.0,11,6,2474.33,1367,2010-12-06 13:35:00,2011-11-29 15:59:00,412.3883333333333,369,0.49495934959349597
17684.0,44,1,239.41,145,2011-10-27 11:10:00,2011-10-27 11:10:00,239.41,44,0.6918181818181819
17685.0,17,7,3191.53,1956,2010-12-02 14:42:00,2011-11-23 11:36:00,455.9328571428572,373,0.571260053619303
17686.0,8,7,5739.46,2478,2011-02-10 10:18:00,2011-12-02 15:39:00,819.9228571428572,303,0.7032343234323433
17690.0,31,15,4757.95,1773,2010-12-01 16:15:00,2011-11-09 15:17:00,317.19666666666666,374,1.2208556149732621
17691.0,359,2,290.40000000000003,134,2010-12-06 11:10:00,2010-12-16 17:20:00,145.20000000000002,369,0.16498644986449867
17692.0,128,4,740.9399999999999,672,2010-12-15 13:37:00,2011-08-04 14:01:00,185.23499999999999,360,0.33822222222222226
17693.0,138,1,200.47,231,2011-07-25 15:48:00,2011-07-25 15:48:00,200.47,138,0.22057971014492753
17694.0,142,1,283.12,184,2011-07-21 12:00:00,2011-07-21 12:00:00,283.12,142,0.2143661971830986
17695.0,132,2,765.34,779,2011-06-21 12:35:00,2011-07-31 10:40:00,382.67,172,0.353953488372093
17696.0,39,8,2285.71,1756,2010-12-10 09:51:00,2011-11-01 13:43:00,285.71375,365,0.6671780821917809
17697.0,237,1,338.95,93,2011-04-17 15:40:00,2011-04-17 15:40:00,338.95,237,0.12843881856540085
17698.0,261,1,154.95,93,2011-03-24 11:34:00,2011-03-24 11:34:00,154.95,261,0.11662835249042146
17700.0,17,4,2534.64,1266,2011-03-03 16:34:00,2011-11-23 11:51:00,633.66,282,0.43177304964539004
17701.0,253,1,417.95,109,2011-04-01 12:25:00,2011-04-01 12:25:00,417.95,253,0.12031620553359684
17702.0,31,4,1824.37,1353,2011-05-17 16:23:00,2011-11-09 16:03:00,456.0925,207,0.5882125603864734
17703.0,36,3,798.74,590,2011-07-24 13:30:00,2011-11-04 15:51:00,266.24666666666667,139,0.656978417266187
17704.0,169,2,885.19,343,2011-04-14 09:28:00,2011-06-24 09:40:00,442.595,240,0.2536666666666667
17705.0,4,9,1823.52,963,2011-02-11 10:57:00,2011-12-06 13:45:00,202.61333333333334,302,0.9071523178807946
17706.0,5,17,10504.49,3899,2010-12-08 11:02:00,2011-12-05 13:34:00,617.9111764705882,367,1.4100272479564033
17707.0,186,2,152.4,144,2011-01-07 13:30:00,2011-06-07 15:03:00,76.2,337,0.18065281899109795
17708.0,188,2,267.08,91,2011-01-19 10:09:00,2011-06-05 10:12:00,133.54,325,0.18732307692307695
17709.0,170,1,137.45,17,2011-06-23 11:55:00,2011-06-23 11:55:00,137.45,170,0.17905882352941177
17711.0,11,2,385.1,246,2011-02-23 11:32:00,2011-11-29 11:40:00,192.55,290,0.20993103448275863
17712.0,45,1,522.91,215,2011-10-26 12:28:00,2011-10-26 12:28:00,522.91,45,0.6764444444444445
17714.0,321,1,153.0,92,2011-01-23 10:32:00,2011-01-23 10:32:00,153.0,321,0.09482866043613708
17715.0,201,1,326.4,384,2011-05-23 12:32:00,2011-05-23 12:32:00,326.4,201,0.15144278606965175
17716.0,23,11,5655.99,3072,2011-03-17 10:38:00,2011-11-17 12:00:00,514.180909090909,268,1.2494029850746269
17718.0,233,1,139.35,83,2011-04-21 13:39:00,2011-04-21 13:39:00,139.35,233,0.13064377682403433
17719.0,38,15,5396.04,2466,2011-03-29 11:29:00,2011-11-02 10:36:00,359.736,256,1.7835937499999999
17720.0,27,4,1195.94,576,2010-12-07 10:43:00,2011-11-13 15:04:00,298.985,368,0.3308695652173913
17722.0,97,4,2424.04,1595,2010-12-08 12:41:00,2011-09-04 15:22:00,606.01,367,0.33177111716621255
17723.0,128,6,3276.4000000000005,792,2011-05-09 14:44:00,2011-08-04 18:37:00,546.0666666666667,215,0.8494883720930233
17724.0,72,3,1033.0,300,2011-07-24 13:26:00,2011-09-29 15:26:00,344.3333333333333,139,0.656978417266187
17725.0,17,11,3439.08,2162,2011-03-17 19:47:00,2011-11-23 16:34:00,312.64363636363635,268,1.2494029850746269
17727.0,16,1,1060.25,645,2011-11-24 17:06:00,2011-11-24 17:06:00,1060.25,16,1.0
17728.0,4,3,2876.01,1469,2011-09-14 11:39:00,2011-12-06 08:52:00,958.6700000000001,87,1.049655172413793
17730.0,4,13,5298.4800000000005,3576,2011-01-17 14:49:00,2011-12-06 15:43:00,407.5753846153847,327,1.210152905198777
17731.0,80,4,1240.11,493,2011-06-09 14:18:00,2011-09-21 15:02:00,310.0275,184,0.6617391304347826
17732.0,373,1,303.97,93,2010-12-02 09:29:00,2010-12-02 09:29:00,303.97,373,0.08160857908847186
17733.0,39,2,692.19,463,2011-03-23 09:54:00,2011-11-01 08:16:00,346.095,262,0.23236641221374046
17734.0,54,3,700.63,422,2011-04-20 10:04:00,2011-10-17 12:33:00,233.54333333333332,234,0.3902564102564103
17735.0,3,19,13110.02,8439,2010-12-07 10:32:00,2011-12-07 16:47:00,690.001052631579,368,1.5716304347826087
17736.0,10,3,377.44,238,2011-08-18 14:33:00,2011-11-30 15:36:00,125.81333333333333,114,0.8010526315789475
17737.0,10,2,168.24,108,2011-10-12 14:42:00,2011-11-30 15:16:00,84.12,59,1.0318644067796612
17738.0,20,4,1879.05,1029,2011-03-02 16:26:00,2011-11-20 15:05:00,469.7625,283,0.4302473498233216
17739.0,12,7,2791.35,861,2010-12-14 14:26:00,2011-11-28 09:12:00,398.7642857142857,361,0.5902493074792244
17742.0,114,2,355.11,89,2011-01-11 10:04:00,2011-08-18 15:28:00,177.555,333,0.18282282282282283
17744.0,4,6,2322.4,3412,2010-12-16 14:17:00,2011-12-06 12:11:00,387.06666666666666,359,0.5087465181058496
17746.0,241,1,110.25,29,2011-04-13 14:31:00,2011-04-13 14:31:00,110.25,241,0.12630705394190872
17747.0,113,1,71.4,12,2011-08-19 08:13:00,2011-08-19 08:13:00,71.4,113,0.2693805309734513
17749.0,179,2,674.52,320,2011-03-28 13:39:00,2011-06-14 15:45:00,337.26,257,0.23688715953307396
17750.0,6,9,1797.57,3957,2011-06-28 15:44:00,2011-12-04 14:09:00,199.73,165,1.6603636363636365
17752.0,360,1,80.64,192,2010-12-15 16:19:00,2010-12-15 16:19:00,80.64,360,0.08455555555555556
17754.0,1,5,1772.26,1869,2011-03-24 13:54:00,2011-12-09 11:20:00,354.452,261,0.5831417624521074
17757.0,2,30,5605.29,3320,2010-12-02 17:17:00,2011-12-08 15:31:00,186.843,373,2.448257372654156
17758.0,20,8,3456.7000000000003,2091,2011-04-03 15:22:00,2011-11-20 14:45:00,432.08750000000003,251,0.9701992031872511
17759.0,18,3,834.99,708,2011-06-23 13:35:00,2011-11-22 16:02:00,278.33,170,0.5371764705882353
17760.0,22,2,287.59,239,2010-12-01 15:08:00,2011-11-18 10:56:00,143.795,374,0.1627807486631016
17761.0,33,1,712.78,398,2011-11-07 10:23:00,2011-11-07 10:23:00,712.78,33,0.9224242424242424
17763.0,264,1,15.0,12,2011-03-21 14:25:00,2011-03-21 14:25:00,15.0,264,0.1153030303030303
17764.0,51,2,818.8199999999999,395,2011-05-12 16:11:00,2011-10-20 11:03:00,409.40999999999997,212,0.28716981132075475
17765.0,159,3,371.88,144,2011-03-28 11:58:00,2011-07-04 12:41:00,123.96,257,0.3553307392996109
17767.0,16,1,271.2,128,2011-11-24 14:42:00,2011-11-24 14:42:00,271.2,16,1.0
17768.0,9,3,2273.1800000000003,1186,2011-06-26 13:46:00,2011-12-01 13:22:00,757.7266666666668,167,0.5468263473053893
17769.0,13,10,3997.98,1862,2011-01-23 11:15:00,2011-11-27 11:18:00,399.798,321,0.9482866043613708
17770.0,199,5,1143.27,365,2011-03-02 13:35:00,2011-05-25 12:34:00,228.654,283,0.537809187279152
17771.0,57,2,245.81,287,2011-01-20 14:13:00,2011-10-14 11:43:00,122.905,324,0.18790123456790123
17772.0,11,2,182.77,58,2011-11-29 10:57:00,2011-11-29 11:05:00,91.385,11,2.0
17774.0,97,4,1225.41,512,2011-02-07 13:13:00,2011-09-04 12:49:00,306.3525,306,0.39790849673202616
17775.0,255,1,56.4,72,2011-03-30 10:50:00,2011-03-30 10:50:00,56.4,255,0.11937254901960785
17777.0,25,3,665.86,507,2011-08-31 14:35:00,2011-11-15 12:02:00,221.95333333333335,101,0.9041584158415842
17779.0,22,3,658.57,397,2011-07-19 12:19:00,2011-11-18 14:15:00,219.52333333333334,144,0.6341666666666667
17781.0,160,2,188.02,34,2011-03-31 19:54:00,2011-07-03 16:00:00,94.01,254,0.23968503937007873
17783.0,73,2,283.47,354,2011-04-06 10:07:00,2011-09-28 16:07:00,141.735,248,0.24548387096774194
17785.0,54,1,131.94,67,2011-10-17 13:43:00,2011-10-17 13:43:00,131.94,54,0.5637037037037037
17786.0,86,2,278.74,200,2011-01-26 14:35:00,2011-09-15 12:51:00,139.37,318,0.19144654088050314
17787.0,153,4,1865.19,910,2010-12-03 13:43:00,2011-07-10 11:24:00,466.2975,372,0.32731182795698927
17788.0,74,2,1117.9,211,2011-08-02 10:38:00,2011-09-27 10:09:00,558.95,130,0.4683076923076923
17789.0,282,1,225.9,74,2011-03-03 13:14:00,2011-03-03 13:14:00,225.9,282,0.10794326241134751
17790.0,27,14,1965.55,836,2010-12-10 10:47:00,2011-11-13 11:30:00,140.39642857142857,365,1.1675616438356167
17791.0,30,1,106.1,46,2011-11-10 12:09:00,2011-11-10 12:09:00,106.1,30,1.0
17793.0,26,1,323.04,232,2011-11-14 14:24:00,2011-11-14 14:24:00,323.04,26,1.0
17795.0,180,2,350.39,341,2011-03-20 12:02:00,2011-06-13 12:36:00,175.195,265,0.2297358490566038
17796.0,41,4,697.9,178,2010-12-05 12:23:00,2011-10-30 15:38:00,174.475,370,0.3290810810810811
17797.0,23,3,780.43,498,2011-06-10 11:29:00,2011-11-17 13:21:00,260.1433333333333,183,0.49901639344262294
17799.0,23,10,3055.93,1758,2010-12-13 13:10:00,2011-11-17 15:16:00,305.59299999999996,362,0.8408839779005525
17800.0,38,9,1199.01,736,2011-01-09 13:50:00,2011-11-02 12:57:00,133.22333333333333,335,0.8177910447761195
17802.0,83,3,1285.04,752,2010-12-02 13:44:00,2011-09-18 14:56:00,428.34666666666664,373,0.24482573726541557
17805.0,74,1,512.31,478,2011-09-27 11:49:00,2011-09-27 11:49:00,512.31,74,0.41135135135135137
17806.0,12,1,546.04,727,2011-11-28 14:12:00,2011-11-28 14:12:00,546.04,12,1.0
17809.0,17,12,5411.91,2057,2010-12-01 09:41:00,2011-11-23 12:59:00,450.9925,374,0.9766844919786096
17811.0,5,39,7837.7300000000005,4177,2011-01-10 10:58:00,2011-12-05 13:46:00,200.9674358974359,334,3.55437125748503
17812.0,13,4,732.16,350,2010-12-06 15:27:00,2011-11-27 11:47:00,183.04,369,0.32997289972899735
17813.0,15,5,1770.8799999999999,790,2011-09-29 15:57:00,2011-11-25 16:13:00,354.176,72,2.113888888888889
17816.0,37,4,36.56,30,2010-12-09 14:10:00,2011-11-03 11:34:00,9.14,366,0.3326775956284153
17817.0,5,3,387.68,67,2011-03-07 17:30:00,2011-12-05 14:39:00,129.22666666666666,278,0.3284892086330935
17819.0,72,7,3704.87,1031,2010-12-03 14:26:00,2011-09-29 10:52:00,529.2671428571429,372,0.5727956989247313
17824.0,52,1,298.4,408,2011-10-19 14:14:00,2011-10-19 14:14:00,298.4,52,0.5853846153846154
17827.0,6,5,1995.46,1247,2010-12-10 10:18:00,2011-12-04 15:00:00,399.092,365,0.41698630136986303
17828.0,23,4,1820.09,667,2011-06-08 08:31:00,2011-11-17 08:41:00,455.0225,185,0.6581621621621622
17829.0,299,1,889.24,496,2011-02-14 12:46:00,2011-02-14 12:46:00,889.24,299,0.10180602006688964
17830.0,2,3,398.7,92,2011-02-24 10:15:00,2011-12-08 12:28:00,132.9,289,0.3159861591695502
17831.0,34,1,35.400000000000006,12,2011-11-06 15:09:00,2011-11-06 15:09:00,35.400000000000006,34,0.8952941176470588
17832.0,50,1,155.37,208,2011-10-21 11:43:00,2011-10-21 11:43:00,155.37,50,0.6088
17835.0,3,3,350.64,348,2011-11-16 16:30:00,2011-12-07 11:48:00,116.88,24,3.0
17836.0,48,1,110.21000000000001,88,2011-10-23 16:13:00,2011-10-23 16:13:00,110.21000000000001,48,0.6341666666666667
17837.0,43,8,1593.38,518,2011-06-29 16:44:00,2011-10-28 16:13:00,199.1725,164,1.4848780487804878
17838.0,27,5,2779.3,1879,2010-12-02 15:55:00,2011-11-13 11:20:00,555.86,373,0.4080428954423593
17839.0,43,1,338.8,285,2011-10-28 17:27:00,2011-10-28 17:27:00,338.8,43,0.707906976744186
17841.0,2,124,40991.57,23071,2010-12-01 14:41:00,2011-12-08 12:07:00,330.5771774193548,374,10.092406417112299
17843.0,304,1,205.48,113,2011-02-09 15:33:00,2011-02-09 15:33:00,205.48,304,0.10013157894736842
17844.0,107,1,51.559999999999995,52,2011-08-25 11:27:00,2011-08-25 11:27:00,51.559999999999995,107,0.28448598130841124
17846.0,86,1,2033.1,1,2011-09-15 15:20:00,2011-09-15 15:20:00,2033.1,86,0.353953488372093
17848.0,82,9,901.1999999999999,398,2010-12-16 18:38:00,2011-09-19 16:49:00,100.13333333333333,359,0.7631197771587744
17849.0,219,4,605.8000000000001,114,2011-01-10 11:59:00,2011-05-05 13:46:00,151.45000000000002,334,0.3645508982035928
17850.0,373,34,5391.21,1733,2010-12-01 08:26:00,2010-12-02 15:27:00,158.565,374,2.7672727272727276
17852.0,12,2,114.34,53,2011-11-28 12:31:00,2011-11-28 12:36:00,57.17,12,2.0
17854.0,186,2,311.26,84,2011-04-26 16:53:00,2011-06-07 16:21:00,155.63,228,0.26701754385964915
17855.0,373,1,208.97,197,2010-12-02 09:44:00,2010-12-02 09:44:00,208.97,373,0.08160857908847186
17856.0,2,4,1418.03,842,2011-03-03 11:40:00,2011-12-08 09:40:00,354.5075,282,0.43177304964539004
17857.0,5,23,26879.04,19256,2010-12-09 11:35:00,2011-12-05 13:13:00,1168.6539130434783,366,1.9128961748633881
17858.0,6,12,5155.66,2706,2010-12-05 13:08:00,2011-12-04 11:56:00,429.6383333333333,370,0.9872432432432433
17859.0,305,1,148.21,127,2011-02-08 10:32:00,2011-02-08 10:32:00,148.21,305,0.0998032786885246
17860.0,369,1,252.8,104,2010-12-06 12:41:00,2010-12-06 12:41:00,252.8,369,0.08249322493224934
17861.0,4,8,2100.8,1988,2011-01-24 11:34:00,2011-12-06 16:21:00,262.6,320,0.761
17862.0,324,1,330.9,100,2011-01-20 12:23:00,2011-01-20 12:23:00,330.9,324,0.09395061728395061
17863.0,60,6,3160.0,2638,2010-12-05 13:21:00,2011-10-11 13:45:00,526.6666666666666,370,0.49362162162162165
17864.0,13,3,597.5,810,2011-03-09 11:44:00,2011-11-27 11:15:00,199.16666666666666,276,0.3308695652173913
17865.0,31,20,10526.32,5757,2010-12-10 14:53:00,2011-11-09 12:08:00,526.316,365,1.6679452054794521
17866.0,143,1,329.65,174,2011-07-20 11:07:00,2011-07-20 11:07:00,329.65,143,0.21286713286713285
17867.0,31,6,1197.1000000000001,542,2011-02-24 12:25:00,2011-11-09 14:15:00,199.51666666666668,289,0.6319723183391004
17869.0,108,5,428.18,111,2010-12-06 17:16:00,2011-08-24 16:16:00,85.636,369,0.41246612466124666
17870.0,3,12,1894.35,1401,2010-12-08 08:12:00,2011-12-07 15:07:00,157.86249999999998,367,0.9953133514986378
17871.0,205,1,155.9,182,2011-05-19 11:32:00,2011-05-19 11:32:00,155.9,205,0.14848780487804877
17873.0,81,5,1859.16,1047,2010-12-01 14:54:00,2011-09-20 16:41:00,371.832,374,0.40695187165775404
17874.0,186,6,683.46,221,2011-03-29 11:25:00,2011-06-07 12:54:00,113.91000000000001,256,0.7134375
17877.0,171,1,237.61,98,2011-06-22 13:00:00,2011-06-22 13:00:00,237.61,171,0.17801169590643276
17878.0,44,1,379.45,401,2011-10-27 11:24:00,2011-10-27 11:24:00,379.45,44,0.6918181818181819
17879.0,174,1,178.51999999999998,45,2011-06-19 12:36:00,2011-06-19 12:36:00,178.51999999999998,174,0.17494252873563218
17880.0,365,1,458.92,314,2010-12-10 10:21:00,2010-12-10 10:21:00,458.92,365,0.08339726027397261
17881.0,305,1,133.35000000000002,32,2011-02-08 17:16:00,2011-02-08 17:16:00,133.35000000000002,305,0.0998032786885246
17883.0,4,4,671.77,379,2011-04-07 19:16:00,2011-12-06 17:49:00,167.9425,247,0.49295546558704456
17884.0,4,4,717.45,854,2010-12-03 12:11:00,2011-12-06 11:33:00,179.3625,372,0.32731182795698927
17885.0,13,1,190.19,167,2011-11-27 14:40:00,2011-11-27 14:40:00,190.19,13,1.0
17886.0,32,3,899.61,481,2011-04-04 12:34:00,2011-11-08 10:09:00,299.87,250,0.36528
17887.0,130,1,111.35,30,2011-08-02 17:29:00,2011-08-02 17:29:00,111.35,130,0.23415384615384616
17888.0,22,8,726.05,980,2010-12-17 13:56:00,2011-11-18 13:45:00,90.75625,358,0.6802234636871508
17889.0,213,2,203.87,79,2011-01-21 17:14:00,2011-05-11 16:26:00,101.935,323,0.18848297213622292
17890.0,323,2,602.09,416,2010-12-13 15:12:00,2011-01-21 11:19:00,301.045,362,0.1681767955801105
17891.0,163,1,203.85999999999999,393,2011-06-30 20:08:00,2011-06-30 20:08:00,203.85999999999999,163,0.18674846625766872
17892.0,57,3,244.1,109,2011-07-07 12:56:00,2011-10-14 16:49:00,81.36666666666666,156,0.5853846153846154
17893.0,226,1,112.25,161,2011-04-28 13:50:00,2011-04-28 13:50:00,112.25,226,0.13469026548672566
17894.0,72,8,1119.81,405,2010-12-08 14:50:00,2011-09-29 09:23:00,139.97625,367,0.6635422343324251
17895.0,45,1,98.0,130,2011-10-26 17:00:00,2011-10-26 17:00:00,98.0,45,0.6764444444444445
17896.0,24,1,256.32,288,2011-11-16 13:59:00,2011-11-16 13:59:00,256.32,24,1.0
17897.0,173,3,566.6,229,2010-12-01 12:31:00,2011-06-20 11:23:00,188.86666666666667,374,0.2441711229946524
17898.0,86,2,152.06,190,2011-05-16 17:13:00,2011-09-15 14:56:00,76.03,208,0.2926923076923077
17899.0,160,1,155.8,171,2011-07-03 14:58:00,2011-07-03 14:58:00,155.8,160,0.19025
17900.0,191,2,112.19999999999999,73,2011-06-02 14:28:00,2011-06-02 14:38:00,56.099999999999994,191,0.3187434554973822
17901.0,30,1,110.38,24,2011-11-10 17:29:00,2011-11-10 17:29:00,110.38,30,1.0
17904.0,22,1,191.67,63,2011-11-18 12:57:00,2011-11-18 12:57:00,191.67,22,1.0
17905.0,72,4,800.24,407,2010-12-01 13:21:00,2011-09-29 17:33:00,200.06,374,0.3255614973262032
17906.0,248,1,72.9,26,2011-04-06 17:25:00,2011-04-06 17:25:00,72.9,248,0.12274193548387097
17908.0,374,1,243.28,173,2010-12-01 11:45:00,2010-12-01 11:45:00,243.28,374,0.0813903743315508
17911.0,10,1,366.23,223,2011-11-30 14:52:00,2011-11-30 14:52:00,366.23,10,1.0
17912.0,311,5,311.01,185,2010-12-10 11:11:00,2011-02-02 14:25:00,62.202,365,0.41698630136986303
17913.0,59,2,411.6,289,2010-12-19 11:35:00,2011-10-12 10:45:00,205.8,356,0.17101123595505618
17914.0,4,1,336.43,473,2011-12-06 11:58:00,2011-12-06 11:58:00,336.43,4,1.0
17917.0,46,3,341.28,187,2010-12-12 12:08:00,2011-10-25 13:20:00,113.75999999999999,363,0.25157024793388433
17919.0,89,1,1304.04,756,2011-09-12 13:41:00,2011-09-12 13:41:00,1304.04,89,0.34202247191011237
17920.0,5,17,4204.1,2516,2010-12-01 11:49:00,2011-12-05 14:29:00,247.3,374,1.3836363636363638
17921.0,65,4,826.52,430,2011-03-18 13:19:00,2011-10-06 18:56:00,206.63,267,0.4560299625468165
17923.0,283,1,207.50000000000003,50,2011-03-02 15:15:00,2011-03-02 15:15:00,207.50000000000003,283,0.1075618374558304
17924.0,12,7,2962.5,1160,2010-12-01 10:51:00,2011-11-28 09:11:00,423.2142857142857,374,0.5697326203208556
17925.0,373,1,244.08,72,2010-12-02 10:10:00,2010-12-02 10:10:00,244.08,373,0.08160857908847186
17926.0,134,2,397.29,306,2011-05-20 09:24:00,2011-07-29 14:39:00,198.645,204,0.29843137254901964
17928.0,46,2,212.54,140,2011-04-07 18:03:00,2011-10-25 13:52:00,106.27,247,0.24647773279352228
17929.0,12,4,843.0,108,2011-02-04 11:40:00,2011-11-28 16:01:00,210.75,309,0.39404530744336574
17930.0,36,5,1740.48,1594,2011-04-14 15:46:00,2011-11-04 10:23:00,348.096,240,0.6341666666666667
17931.0,135,2,408.36,249,2011-03-29 12:31:00,2011-07-28 18:33:00,204.18,256,0.23781249999999998
17932.0,30,3,1331.57,789,2011-05-12 13:58:00,2011-11-10 19:49:00,443.8566666666666,212,0.4307547169811321
17934.0,52,2,704.25,478,2011-10-12 10:50:00,2011-10-19 11:16:00,352.125,59,1.0318644067796612
17935.0,139,2,145.79,82,2011-07-21 11:23:00,2011-07-24 13:18:00,72.895,142,0.4287323943661972
17936.0,6,1,389.84,262,2011-12-04 13:32:00,2011-12-04 13:32:00,389.84,6,1.0
17937.0,9,7,4301.22,1754,2010-12-12 14:43:00,2011-12-01 11:45:00,614.46,363,0.5869972451790634
17939.0,160,1,99.14,40,2011-07-03 12:27:00,2011-07-03 12:27:00,99.14,160,0.19025
17940.0,50,10,4106.4400000000005,9755,2011-02-10 09:29:00,2011-10-21 13:27:00,410.64400000000006,303,1.0046204620462047
17941.0,131,1,304.56,252,2011-08-01 08:30:00,2011-08-01 08:30:00,304.56,131,0.23236641221374046
17942.0,8,1,77.50000000000001,38,2011-12-02 10:45:00,2011-12-02 10:45:00,77.50000000000001,8,1.0
17946.0,234,2,149.57999999999998,75,2011-03-25 14:34:00,2011-04-20 17:00:00,74.78999999999999,260,0.23415384615384616
17947.0,38,1,176.68,168,2011-11-02 13:05:00,2011-11-02 13:05:00,176.68,38,0.8010526315789473
17948.0,148,1,358.56000000000006,144,2011-07-15 12:58:00,2011-07-15 12:58:00,358.56000000000006,148,0.20567567567567568
17949.0,2,45,58510.48,30546,2010-12-03 13:12:00,2011-12-08 18:46:00,1300.232888888889,372,3.6822580645161294
17950.0,73,3,482.2,366,2010-12-09 15:16:00,2011-09-28 15:18:00,160.73333333333332,366,0.24950819672131147
17951.0,40,3,1008.5400000000001,616,2010-12-01 12:40:00,2011-10-31 12:30:00,336.18,374,0.2441711229946524
17954.0,6,12,2332.72,2234,2010-12-03 14:18:00,2011-12-04 14:15:00,194.39333333333332,372,0.9819354838709677
17955.0,199,4,557.3,273,2011-05-04 12:29:00,2011-05-25 12:00:00,139.325,220,0.5534545454545455
17956.0,250,1,12.75,1,2011-04-04 13:47:00,2011-04-04 13:47:00,12.75,250,0.12176
17957.0,67,1,111.68,287,2011-10-04 14:58:00,2011-10-04 14:58:00,111.68,67,0.45432835820895523
17958.0,117,1,508.4599999999999,84,2011-08-15 12:19:00,2011-08-15 12:19:00,508.4599999999999,117,0.26017094017094017
17960.0,172,1,73.78,41,2011-06-21 14:15:00,2011-06-21 14:15:00,73.78,172,0.1769767441860465
17961.0,22,39,1296.44,560,2010-12-02 19:18:00,2011-11-18 16:55:00,33.242051282051285,373,3.1827345844504027
17962.0,143,1,102.83,128,2011-07-20 14:16:00,2011-07-20 14:16:00,102.83,143,0.21286713286713285
17964.0,32,2,471.7,301,2010-12-02 13:32:00,2011-11-08 10:44:00,235.85,373,0.1632171581769437
17965.0,38,14,2622.57,1556,2010-12-05 15:54:00,2011-11-02 09:31:00,187.32642857142858,370,1.1517837837837839
17966.0,38,5,1098.43,2571,2011-03-23 17:25:00,2011-11-02 10:26:00,219.686,262,0.5809160305343511
17967.0,372,1,123.07,80,2010-12-03 11:19:00,2010-12-03 11:19:00,123.07,372,0.08182795698924732
17968.0,374,1,277.35,160,2010-12-01 12:23:00,2010-12-01 12:23:00,277.35,374,0.0813903743315508
17969.0,167,2,228.2,152,2010-12-13 15:34:00,2011-06-26 13:00:00,114.1,362,0.1681767955801105
17970.0,212,1,582.59,525,2011-05-12 20:03:00,2011-05-12 20:03:00,582.59,212,0.14358490566037738
17972.0,242,1,136.04,37,2011-04-12 12:16:00,2011-04-12 12:16:00,136.04,242,0.12578512396694216
17973.0,52,1,337.04,176,2011-10-19 10:34:00,2011-10-19 10:34:00,337.04,52,0.5853846153846154
17974.0,25,3,740.79,519,2011-05-04 11:50:00,2011-11-15 11:37:00,246.92999999999998,220,0.4150909090909091
17975.0,16,13,4488.81,1568,2010-12-08 11:38:00,2011-11-24 13:27:00,345.29307692307697,367,1.0782561307901908
17976.0,373,1,353.19,106,2010-12-02 13:49:00,2010-12-02 13:49:00,353.19,373,0.08160857908847186
17977.0,30,1,288.14,342,2011-11-10 13:28:00,2011-11-10 13:28:00,288.14,30,1.0
17978.0,366,1,300.91999999999996,499,2010-12-09 14:05:00,2010-12-09 14:05:00,300.91999999999996,366,0.08316939890710383
17979.0,36,4,757.71,397,2011-03-25 11:34:00,2011-11-04 12:05:00,189.4275,260,0.4683076923076923
17980.0,166,3,811.45,682,2010-12-15 15:50:00,2011-06-27 12:01:00,270.48333333333335,360,0.25366666666666665
17984.0,146,1,152.68,98,2011-07-17 15:59:00,2011-07-17 15:59:00,152.68,146,0.20849315068493152
17985.0,23,1,634.95,183,2011-11-17 14:24:00,2011-11-17 14:24:00,634.95,23,1.0
17986.0,57,1,20.8,10,2011-10-14 14:22:00,2011-10-14 14:22:00,20.8,57,0.5340350877192983
17987.0,186,1,198.57,261,2011-06-07 14:22:00,2011-06-07 14:22:00,198.57,186,0.16365591397849463
17988.0,12,7,201.12,43,2011-01-17 11:59:00,2011-11-28 11:00:00,28.731428571428573,327,0.6516207951070337
17990.0,237,3,630.84,414,2010-12-13 12:10:00,2011-04-17 11:44:00,210.28,362,0.25226519337016573
17991.0,226,2,93.35,25,2011-04-27 16:39:00,2011-04-28 15:58:00,46.675,227,0.26819383259911894
17994.0,122,4,678.49,497,2011-02-22 11:02:00,2011-08-10 11:41:00,169.6225,291,0.41841924398625435
17995.0,282,1,76.1,133,2011-03-03 12:30:00,2011-03-03 12:30:00,76.1,282,0.10794326241134751
17997.0,75,8,1970.6699999999998,2298,2011-06-28 17:28:00,2011-09-26 16:13:00,246.33374999999998,165,1.4758787878787878
17999.0,38,2,382.06,221,2010-12-08 15:17:00,2011-11-02 15:56:00,191.03,367,0.16588555858310627
18001.0,13,2,417.23,363,2011-09-14 11:21:00,2011-11-27 16:02:00,208.615,87,0.6997701149425287
18004.0,363,1,169.47,78,2010-12-12 13:47:00,2010-12-12 13:47:00,169.47,363,0.08385674931129478
18005.0,4,2,249.72,93,2011-10-23 14:40:00,2011-12-06 11:51:00,124.86,48,1.2683333333333333
18006.0,24,1,444.68,220,2011-11-16 16:52:00,2011-11-16 16:52:00,444.68,24,1.0
18008.0,71,9,2116.19,1581,2011-01-25 12:26:00,2011-09-30 15:17:00,235.13222222222223,319,0.8588087774294672
18009.0,236,1,257.34,126,2011-04-18 13:36:00,2011-04-18 13:36:00,257.34,236,0.12898305084745765
18010.0,257,1,174.8,60,2011-03-28 12:27:00,2011-03-28 12:27:00,174.8,257,0.11844357976653698
18011.0,374,1,102.78999999999999,71,2010-12-01 17:35:00,2010-12-01 17:35:00,102.78999999999999,374,0.0813903743315508
18013.0,156,2,187.29,285,2011-07-07 14:08:00,2011-07-07 14:11:00,93.645,156,0.3902564102564103
18014.0,29,1,166.42,68,2011-11-11 15:28:00,2011-11-11 15:28:00,166.42,29,1.0
18015.0,5,1,120.03,157,2011-12-05 14:49:00,2011-12-05 14:49:00,120.03,5,1.0
18016.0,33,5,1483.56,1029,2010-12-10 17:14:00,2011-11-07 13:25:00,296.712,365,0.41698630136986303
18017.0,82,3,523.0,300,2011-02-02 13:57:00,2011-09-19 16:15:00,174.33333333333334,311,0.2936334405144695
18018.0,109,2,122.14,55,2011-05-24 13:22:00,2011-08-23 17:37:00,61.07,200,0.3044
18019.0,52,1,38.45,7,2011-10-19 12:10:00,2011-10-19 12:10:00,38.45,52,0.5853846153846154
18022.0,36,1,668.11,736,2011-11-04 12:45:00,2011-11-04 12:45:00,668.11,36,0.8455555555555555
18024.0,153,2,389.78,184,2011-07-10 12:28:00,2011-07-10 12:40:00,194.89,153,0.39790849673202616
18027.0,99,1,115.31,78,2011-09-02 10:38:00,2011-09-02 10:38:00,115.31,99,0.3074747474747475
18030.0,5,2,230.64999999999998,67,2011-10-28 13:55:00,2011-12-05 16:37:00,115.32499999999999,43,1.415813953488372
18032.0,335,1,73.5,42,2011-01-09 15:32:00,2011-01-09 15:32:00,73.5,335,0.09086567164179106
18033.0,66,1,97.97,253,2011-10-05 17:28:00,2011-10-05 17:28:00,97.97,66,0.4612121212121212
18034.0,22,2,422.88,561,2011-11-18 12:08:00,2011-11-18 12:22:00,211.44,22,2.0
18035.0,36,3,730.4,611,2011-10-27 17:48:00,2011-11-04 12:39:00,243.46666666666667,44,2.0754545454545457
18036.0,33,3,405.62,234,2011-04-08 11:26:00,2011-11-07 14:40:00,135.20666666666668,246,0.37121951219512195
18037.0,155,6,70.02,20,2010-12-12 16:20:00,2011-07-08 13:39:00,11.67,363,0.5031404958677687
18040.0,20,2,357.20000000000005,148,2011-04-08 08:27:00,2011-11-20 14:20:00,178.60000000000002,246,0.24747967479674796
18041.0,12,21,4183.39,3819,2010-12-02 11:21:00,2011-11-28 11:39:00,199.20904761904762,373,1.713780160857909
18042.0,54,1,165.04999999999998,33,2011-10-17 11:49:00,2011-10-17 11:49:00,165.04999999999998,54,0.5637037037037037
18043.0,25,3,559.51,282,2010-12-08 12:35:00,2011-11-15 12:48:00,186.50333333333333,367,0.24882833787465944
18044.0,5,10,2088.6,1033,2010-12-14 12:25:00,2011-12-05 14:26:00,208.85999999999999,361,0.8432132963988921
18045.0,46,1,189.4,142,2011-10-25 13:07:00,2011-10-25 13:07:00,189.4,46,0.6617391304347826
18048.0,204,2,172.29000000000002,127,2011-05-20 14:54:00,2011-05-20 14:58:00,86.14500000000001,204,0.29843137254901964
18050.0,360,1,74.4,40,2010-12-15 14:25:00,2010-12-15 14:25:00,74.4,360,0.08455555555555556
18053.0,71,1,300.02,302,2011-09-30 09:05:00,2011-09-30 09:05:00,300.02,71,0.4287323943661972
18055.0,8,10,6784.1900000000005,2455,2010-12-05 10:52:00,2011-12-02 14:25:00,678.4190000000001,370,0.8227027027027027
18056.0,289,1,363.65,211,2011-02-24 14:27:00,2011-02-24 14:27:00,363.65,289,0.1053287197231834
18058.0,10,1,170.16,88,2011-11-30 08:38:00,2011-11-30 08:38:00,170.16,10,1.0
18059.0,24,3,306.46,258,2011-10-03 09:30:00,2011-11-16 16:49:00,102.15333333333332,68,1.3429411764705883
18061.0,22,10,2119.41,955,2010-12-08 13:03:00,2011-11-18 11:20:00,211.94099999999997,367,0.8294277929155314
18062.0,174,3,720.52,396,2011-01-06 10:03:00,2011-06-19 14:47:00,240.17333333333332,338,0.2701775147928994
18064.0,134,2,814.0,384,2011-04-18 15:08:00,2011-07-29 16:39:00,407.0,236,0.2579661016949153
18065.0,6,14,2392.83,1027,2010-12-10 12:44:00,2011-12-04 10:30:00,170.91642857142855,365,1.1675616438356167
18066.0,76,1,318.0,108,2011-09-25 15:30:00,2011-09-25 15:30:00,318.0,76,0.4005263157894737
18067.0,41,1,396.33,189,2011-10-30 15:58:00,2011-10-30 15:58:00,396.33,41,0.7424390243902439
18068.0,290,1,101.69999999999999,6,2011-02-23 14:50:00,2011-02-23 14:50:00,101.69999999999999,290,0.10496551724137931
18069.0,27,5,2036.67,1311,2011-01-16 15:50:00,2011-11-13 16:03:00,407.334,328,0.46402439024390246
18071.0,258,2,453.0,260,2010-12-09 10:33:00,2011-03-27 11:59:00,226.5,366,0.16633879781420766
18072.0,186,1,247.44,288,2011-06-07 10:44:00,2011-06-07 10:44:00,247.44,186,0.16365591397849463
18073.0,115,12,3877.5200000000004,3108,2011-05-26 19:38:00,2011-08-17 14:02:00,323.1266666666667,198,1.844848484848485
18074.0,374,1,489.6,190,2010-12-01 09:53:00,2010-12-01 09:53:00,489.6,374,0.0813903743315508
18075.0,24,10,2611.75,1464,2010-12-14 10:48:00,2011-11-16 15:21:00,261.175,361,0.8432132963988921
18077.0,9,11,2633.0099999999998,1878,2010-12-08 10:21:00,2011-12-01 13:32:00,239.36454545454544,367,0.9123705722070846
18078.0,218,2,336.13,145,2011-03-25 15:08:00,2011-05-06 14:32:00,168.065,260,0.23415384615384616
18079.0,46,4,3651.97,7432,2011-04-15 12:14:00,2011-10-25 15:27:00,912.9925,239,0.5094560669456067
18080.0,19,2,1231.5,642,2011-04-11 10:10:00,2011-11-21 08:02:00,615.75,243,0.2505349794238683
18081.0,37,3,343.45,195,2011-07-29 11:56:00,2011-11-03 16:30:00,114.48333333333333,134,0.6814925373134328
18082.0,26,1,703.37,621,2011-11-14 12:45:00,2011-11-14 12:45:00,703.37,26,1.0
18084.0,17,1,90.47999999999999,312,2011-11-23 13:57:00,2011-11-23 13:57:00,90.47999999999999,17,1.0
18085.0,331,2,689.95,265,2010-12-01 12:08:00,2011-01-13 15:17:00,344.975,374,0.1627807486631016
18086.0,275,1,101.34,106,2011-03-10 13:34:00,2011-03-10 13:34:00,101.34,275,0.1106909090909091
18087.0,99,2,4055.7199999999993,3907,2011-02-22 10:43:00,2011-09-02 15:12:00,2027.8599999999997,291,0.20920962199312718
18088.0,62,1,167.67000000000002,109,2011-10-09 13:41:00,2011-10-09 13:41:00,167.67000000000002,62,0.49096774193548387
18092.0,3,11,9068.26,4252,2010-12-09 10:00:00,2011-12-07 13:14:00,824.3872727272727,366,0.9148633879781422
18093.0,94,4,2106.52,1392,2011-02-10 12:15:00,2011-09-07 15:43:00,526.63,303,0.4018481848184819
18094.0,82,7,3017.3,2518,2011-02-21 08:50:00,2011-09-19 09:28:00,431.04285714285714,292,0.7297260273972602
18095.0,313,2,580.0500000000001,419,2011-01-11 12:37:00,2011-01-31 12:50:00,290.02500000000003,333,0.18282282282282283
18096.0,12,3,911.15,825,2011-10-07 11:55:00,2011-11-28 12:44:00,303.71666666666664,64,1.426875
18097.0,8,6,2697.8,1686,2010-12-20 14:49:00,2011-12-02 11:16:00,449.6333333333334,355,0.5144788732394366
18099.0,128,1,168.31,149,2011-08-04 15:52:00,2011-08-04 15:52:00,168.31,128,0.23781249999999998
18101.0,12,2,223.65,88,2011-07-19 13:05:00,2011-11-28 13:37:00,111.825,144,0.42277777777777775
18102.0,1,60,259657.3,64124,2010-12-07 16:42:00,2011-12-09 11:50:00,4327.621666666667,368,4.96304347826087
18104.0,38,1,754.64,362,2011-11-02 14:07:00,2011-11-02 14:07:00,754.64,38,0.8010526315789473
18105.0,38,1,113.48000000000002,46,2011-11-02 12:04:00,2011-11-02 12:04:00,113.48000000000002,38,0.8010526315789473
18106.0,330,1,430.7,128,2011-01-14 12:23:00,2011-01-14 12:23:00,430.7,330,0.09224242424242424
18108.0,255,1,271.0,84,2011-03-30 13:56:00,2011-03-30 13:56:00,271.0,255,0.11937254901960785
18109.0,2,26,8052.97,4237,2010-12-05 10:58:00,2011-12-08 11:36:00,309.7296153846154,370,2.1390270270270273
18110.0,20,1,236.3,86,2011-11-20 12:34:00,2011-11-20 12:34:00,236.3,20,1.0
18112.0,13,2,352.69,255,2011-06-26 13:56:00,2011-11-27 14:43:00,176.345,167,0.3645508982035928
18113.0,369,1,76.32000000000001,72,2010-12-06 12:31:00,2010-12-06 12:31:00,76.32000000000001,369,0.08249322493224934
18114.0,291,1,220.1,55,2011-02-22 13:20:00,2011-02-22 13:20:00,220.1,291,0.10460481099656359
18116.0,68,8,1418.03,848,2010-12-10 12:14:00,2011-10-03 11:00:00,177.25375,365,0.6671780821917809
18117.0,26,1,320.72,618,2011-11-14 12:47:00,2011-11-14 12:47:00,320.72,26,1.0
18118.0,11,26,5653.82,2882,2010-12-05 12:13:00,2011-11-29 11:32:00,217.45461538461538,370,2.1390270270270273
18119.0,368,1,181.12,125,2010-12-07 11:59:00,2010-12-07 11:59:00,181.12,368,0.08271739130434783
18120.0,215,1,111.15,31,2011-05-09 13:45:00,2011-05-09 13:45:00,111.15,215,0.1415813953488372
18121.0,150,2,673.1,450,2011-07-08 12:14:00,2011-07-13 12:53:00,336.55,155,0.3927741935483871
18122.0,9,6,1826.21,1234,2011-07-12 11:37:00,2011-12-01 13:08:00,304.36833333333334,151,1.2095364238410595
18123.0,25,2,589.4399999999999,594,2011-11-08 13:31:00,2011-11-15 14:23:00,294.71999999999997,32,1.9024999999999999
18125.0,30,4,1142.99,804,2011-01-27 15:02:00,2011-11-10 12:29:00,285.7475,317,0.3841009463722398
18126.0,61,1,206.82999999999998,144,2011-10-10 12:19:00,2011-10-10 12:19:00,206.82999999999998,61,0.49901639344262294
18127.0,20,3,348.73,188,2011-07-29 10:06:00,2011-11-20 14:05:00,116.24333333333334,134,0.6814925373134328
18129.0,244,1,112.55000000000001,48,2011-04-10 14:16:00,2011-04-10 14:16:00,112.55000000000001,244,0.12475409836065574
18130.0,16,3,1059.39,824,2011-10-13 15:58:00,2011-11-24 14:40:00,353.13000000000005,58,1.5744827586206898
18133.0,213,1,931.4999999999999,1350,2011-05-11 14:14:00,2011-05-11 14:14:00,931.4999999999999,213,0.14291079812206572
18135.0,30,5,681.9100000000001,349,2011-06-02 14:04:00,2011-11-10 19:32:00,136.382,191,0.7968586387434555
18136.0,64,3,784.33,379,2011-01-24 12:08:00,2011-10-07 15:40:00,261.4433333333333,320,0.285375
18138.0,296,1,152.65,38,2011-02-17 14:51:00,2011-02-17 14:51:00,152.65,296,0.10283783783783784
18139.0,18,6,8438.34,5557,2011-11-21 14:06:00,2011-11-22 10:44:00,1406.39,19,6.0
18142.0,158,2,1019.52,1276,2011-05-08 12:31:00,2011-07-05 13:19:00,509.76,216,0.28185185185185185
18143.0,117,2,1000.16,570,2011-07-21 10:44:00,2011-08-15 12:07:00,500.08,142,0.4287323943661972
18144.0,8,12,2888.75,1343,2010-12-01 13:45:00,2011-12-02 12:46:00,240.72916666666666,374,0.9766844919786096
18145.0,13,4,2861.55,2625,2011-01-31 12:10:00,2011-11-27 11:22:00,715.3875,313,0.3890095846645368
18146.0,141,2,160.35000000000002,153,2011-05-03 16:35:00,2011-07-22 12:08:00,80.17500000000001,221,0.275475113122172
18147.0,46,2,179.33999999999997,203,2011-08-23 12:22:00,2011-10-25 11:46:00,89.66999999999999,109,0.5585321100917432
18149.0,51,3,612.0799999999999,310,2011-03-11 12:44:00,2011-10-20 12:04:00,204.02666666666664,274,0.3332846715328467
18150.0,33,3,566.58,332,2011-05-22 10:47:00,2011-11-07 16:49:00,188.86,202,0.4520792079207921
18151.0,135,2,653.35,355,2011-02-23 08:29:00,2011-07-28 11:35:00,326.675,290,0.20993103448275863
18154.0,4,2,399.19,255,2011-10-27 10:40:00,2011-12-06 16:41:00,199.595,44,1.3836363636363638
18155.0,76,3,371.62,266,2011-02-21 10:36:00,2011-09-25 13:32:00,123.87333333333333,292,0.31273972602739725
18156.0,13,2,734.94,301,2010-12-05 12:29:00,2011-11-27 12:24:00,367.47,370,0.16454054054054054
18158.0,10,2,453.4,354,2011-09-12 09:03:00,2011-11-30 16:19:00,226.7,89,0.6840449438202247
18159.0,302,1,530.15,139,2011-02-11 14:26:00,2011-02-11 14:26:00,530.15,302,0.10079470198675497
18160.0,58,2,638.0600000000001,294,2011-05-23 13:41:00,2011-10-13 15:50:00,319.03000000000003,201,0.3028855721393035
18161.0,16,5,1618.69,812,2011-01-24 11:56:00,2011-11-24 16:40:00,323.738,320,0.475625
18164.0,38,1,399.65000000000003,184,2011-11-02 12:56:00,2011-11-02 12:56:00,399.65000000000003,38,0.8010526315789473
18165.0,178,1,302.46000000000004,254,2011-06-15 13:23:00,2011-06-15 13:23:00,302.46000000000004,178,0.17101123595505618
18167.0,24,3,1384.8600000000001,382,2011-08-26 11:40:00,2011-11-16 15:56:00,461.62000000000006,106,0.8615094339622642
18168.0,177,6,1169.94,594,2010-12-02 18:08:00,2011-06-16 19:21:00,194.99,373,0.48965147453083113
18169.0,61,1,202.65,61,2011-10-10 12:18:00,2011-10-10 12:18:00,202.65,61,0.49901639344262294
18170.0,34,3,980.31,409,2011-05-06 15:13:00,2011-11-06 14:35:00,326.77,218,0.41889908256880737
18171.0,59,5,1231.31,481,2011-01-10 09:55:00,2011-10-12 09:13:00,246.262,334,0.455688622754491
18172.0,15,20,7561.68,3184,2011-02-23 10:44:00,2011-11-25 11:12:00,378.084,290,2.099310344827586
18173.0,87,4,2106.84,1220,2011-03-10 11:56:00,2011-09-14 11:26:00,526.71,275,0.4427636363636364
18174.0,8,1,104.0,50,2011-12-02 16:56:00,2011-12-02 16:56:00,104.0,8,1.0
18176.0,359,1,476.35,283,2010-12-16 15:45:00,2010-12-16 15:45:00,476.35,359,0.08479108635097495
18177.0,32,6,1341.42,710,2011-03-29 08:46:00,2011-11-08 14:44:00,223.57000000000002,256,0.7134375
18178.0,129,4,1590.81,983,2010-12-10 12:42:00,2011-08-03 09:30:00,397.7025,365,0.33358904109589044
18179.0,10,6,1793.17,1360,2011-01-07 14:22:00,2011-11-30 16:23:00,298.8616666666667,337,0.5419584569732938
18180.0,5,6,1843.75,1721,2011-07-20 08:59:00,2011-12-05 08:39:00,307.2916666666667,143,1.2772027972027973
18181.0,25,1,382.8,146,2011-11-15 15:08:00,2011-11-15 15:08:00,382.8,25,1.0
18183.0,228,2,632.07,371,2011-03-10 10:08:00,2011-04-26 15:26:00,316.035,275,0.2213818181818182
18184.0,16,1,49.8,60,2011-11-24 15:28:00,2011-11-24 15:28:00,49.8,16,1.0
18185.0,250,1,304.25,183,2011-04-04 13:42:00,2011-04-04 13:42:00,304.25,250,0.12176
18188.0,16,3,2001.04,1168,2011-02-22 14:43:00,2011-11-24 16:46:00,667.0133333333333,291,0.31381443298969075
18189.0,78,2,1090.24,566,2011-03-17 09:49:00,2011-09-23 12:40:00,545.12,268,0.22716417910447761
18190.0,193,2,284.46000000000004,140,2011-01-13 10:35:00,2011-05-31 14:48:00,142.23000000000002,331,0.18392749244712991
18191.0,262,1,207.79999999999998,140,2011-03-23 12:08:00,2011-03-23 12:08:00,207.79999999999998,262,0.11618320610687023
18192.0,72,1,957.97,339,2011-09-29 09:53:00,2011-09-29 09:53:00,957.97,72,0.42277777777777775
18193.0,166,1,243.76,124,2011-06-27 13:58:00,2011-06-27 13:58:00,243.76,166,0.1833734939759036
18194.0,83,1,973.8399999999999,632,2011-09-18 13:29:00,2011-09-18 13:29:00,973.8399999999999,83,0.3667469879518072
18196.0,96,2,689.13,433,2011-02-22 16:13:00,2011-09-05 16:22:00,344.565,291,0.20920962199312718
18198.0,5,17,5425.56,4074,2011-01-07 13:39:00,2011-12-05 14:49:00,319.15058823529415,337,1.5355489614243325
18200.0,107,1,163.8,111,2011-08-25 18:45:00,2011-08-25 18:45:00,163.8,107,0.28448598130841124
18202.0,200,3,1396.99,581,2011-02-01 13:36:00,2011-05-24 12:12:00,465.66333333333336,312,0.2926923076923077
18203.0,158,1,160.42000000000002,43,2011-07-05 13:07:00,2011-07-05 13:07:00,160.42000000000002,158,0.19265822784810127
18204.0,72,3,1993.7,1200,2011-05-31 15:26:00,2011-09-29 16:44:00,664.5666666666667,193,0.4731606217616581
18205.0,37,2,517.36,192,2011-09-26 12:02:00,2011-11-03 13:22:00,258.68,75,0.8117333333333333
18209.0,29,1,139.10000000000002,58,2011-11-11 12:07:00,2011-11-11 12:07:00,139.10000000000002,29,1.0
18210.0,2,6,2621.38,1398,2011-03-17 16:58:00,2011-12-08 11:02:00,436.8966666666667,268,0.6814925373134328
18211.0,26,5,600.07,359,2011-03-06 12:09:00,2011-11-14 08:10:00,120.01400000000001,279,0.5455197132616488
18212.0,327,1,248.42,101,2011-01-17 16:14:00,2011-01-17 16:14:00,248.42,327,0.09308868501529052
18213.0,237,1,232.48000000000002,232,2011-04-17 10:21:00,2011-04-17 10:21:00,232.48000000000002,237,0.12843881856540085
18215.0,90,1,299.34000000000003,118,2011-09-11 16:05:00,2011-09-11 16:05:00,299.34000000000003,90,0.33822222222222226
18216.0,32,1,481.75,200,2011-11-08 16:55:00,2011-11-08 16:55:00,481.75,32,0.9512499999999999
18217.0,30,2,621.75,491,2011-09-30 10:44:00,2011-11-10 13:18:00,310.875,71,0.8574647887323944
18218.0,212,2,662.08,584,2011-03-03 12:24:00,2011-05-12 12:53:00,331.04,282,0.21588652482269502
18219.0,3,10,2069.77,885,2010-12-06 10:05:00,2011-12-07 11:43:00,206.977,369,0.8249322493224933
18220.0,227,1,305.28000000000003,288,2011-04-27 09:03:00,2011-04-27 09:03:00,305.28000000000003,227,0.13409691629955947
18221.0,23,5,1041.61,791,2011-05-12 14:13:00,2011-11-17 14:40:00,208.32199999999997,212,0.7179245283018868
18222.0,93,1,443.0,335,2011-09-08 10:45:00,2011-09-08 10:45:00,443.0,93,0.32731182795698927
18223.0,5,14,6484.54,2948,2010-12-16 16:42:00,2011-12-05 09:11:00,463.18142857142857,359,1.1870752089136491
18224.0,264,1,158.95000000000002,69,2011-03-21 10:30:00,2011-03-21 10:30:00,158.95000000000002,264,0.1153030303030303
18225.0,4,12,5509.12,3244,2010-12-09 15:46:00,2011-12-06 13:27:00,459.0933333333333,366,0.9980327868852459
18226.0,45,11,5228.05,3466,2011-01-06 09:00:00,2011-10-26 13:36:00,475.27727272727276,338,0.9906508875739645
18227.0,218,1,93.75,21,2011-05-06 12:23:00,2011-05-06 12:23:00,93.75,218,0.1396330275229358
18228.0,57,2,779.9,238,2011-09-21 10:48:00,2011-10-14 09:21:00,389.95,80,0.761
18229.0,12,20,7276.900000000001,2488,2010-12-01 16:25:00,2011-11-28 09:48:00,363.845,374,1.6278074866310162
18230.0,10,7,2810.2000000000003,1316,2011-02-10 13:06:00,2011-11-30 13:22:00,401.4571428571429,303,0.7032343234323433
18231.0,193,5,2083.27,821,2011-02-24 09:08:00,2011-05-31 14:18:00,416.654,289,0.526643598615917
18232.0,82,4,592.97,302,2011-05-26 16:30:00,2011-09-19 11:49:00,148.2425,198,0.614949494949495
18233.0,326,1,440.0,4,2011-01-18 08:44:00,2011-01-18 08:44:00,440.0,326,0.09337423312883436
18235.0,72,3,1796.48,1578,2011-05-06 13:35:00,2011-09-29 08:27:00,598.8266666666667,218,0.41889908256880737
18236.0,30,6,882.24,403,2011-04-13 09:52:00,2011-11-10 08:06:00,147.04,241,0.7578423236514523
18237.0,3,5,987.1,622,2011-07-28 13:05:00,2011-12-07 12:49:00,197.42000000000002,135,1.1274074074074074
18239.0,219,5,1561.6100000000001,795,2010-12-02 17:48:00,2011-05-05 12:38:00,312.322,373,0.4080428954423593
18240.0,47,1,422.58,126,2011-10-24 13:06:00,2011-10-24 13:06:00,422.58,47,0.6476595744680851
18241.0,10,17,2073.09,1051,2011-05-06 09:22:00,2011-11-30 12:10:00,121.9464705882353,218,2.3737614678899086
18242.0,73,4,2232.4900000000002,1017,2011-05-10 11:20:00,2011-09-28 13:43:00,558.1225000000001,214,0.5689719626168225
18245.0,8,7,2567.06,1788,2010-12-19 14:58:00,2011-12-02 14:48:00,366.72285714285715,356,0.5985393258426966
18246.0,24,2,596.1,166,2011-04-20 13:55:00,2011-11-16 11:49:00,298.05,234,0.26017094017094017
18248.0,123,2,804.02,511,2011-06-06 13:18:00,2011-08-09 10:19:00,402.01,187,0.3255614973262032
18249.0,18,1,95.34,128,2011-11-22 15:07:00,2011-11-22 15:07:00,95.34,18,1.0
18250.0,311,1,349.27,199,2011-02-02 13:16:00,2011-02-02 13:16:00,349.27,311,0.09787781350482316
18251.0,88,1,4314.72,7824,2011-09-13 15:03:00,2011-09-13 15:03:00,4314.72,88,0.34590909090909094
18252.0,51,2,526.67,239,2011-06-21 11:47:00,2011-10-20 12:43:00,263.335,172,0.353953488372093
18255.0,90,1,103.3,74,2011-09-11 13:16:00,2011-09-11 13:16:00,103.3,90,0.33822222222222226
18257.0,40,8,2337.63,1041,2011-02-16 15:13:00,2011-10-31 14:48:00,292.20375,297,0.81993265993266
18259.0,25,3,2338.6000000000004,714,2010-12-08 13:38:00,2011-11-15 12:34:00,779.5333333333334,367,0.24882833787465944
18260.0,173,6,2643.2000000000003,1478,2010-12-16 18:23:00,2011-06-20 12:37:00,440.53333333333336,359,0.5087465181058496
18261.0,44,2,324.24,146,2011-09-05 09:34:00,2011-10-27 15:36:00,162.12,96,0.6341666666666667
18262.0,141,1,149.48,182,2011-07-22 16:04:00,2011-07-22 16:04:00,149.48,141,0.21588652482269502
18263.0,26,3,1213.1599999999999,1468,2011-04-01 11:48:00,2011-11-14 09:00:00,404.3866666666666,253,0.36094861660079053
18265.0,73,2,801.51,311,2011-07-04 15:26:00,2011-09-28 14:10:00,400.755,159,0.3828930817610063
18268.0,135,1,25.5,2,2011-07-28 19:13:00,2011-07-28 19:13:00,25.5,135,0.22548148148148148
18269.0,367,1,168.6,76,2010-12-08 13:53:00,2010-12-08 13:53:00,168.6,367,0.08294277929155314
18270.0,39,2,283.15,101,2011-03-18 12:41:00,2011-11-01 13:57:00,141.575,267,0.22801498127340825
18272.0,3,6,3078.58,2050,2011-04-07 09:35:00,2011-12-07 12:43:00,513.0966666666667,247,0.7394331983805669
18273.0,3,3,204.0,80,2011-03-27 11:22:00,2011-12-07 13:16:00,68.0,258,0.353953488372093
18274.0,31,1,175.92,88,2011-11-09 17:03:00,2011-11-09 17:03:00,175.92,31,0.9819354838709677
18276.0,44,1,335.86,186,2011-10-27 10:54:00,2011-10-27 10:54:00,335.86,44,0.6918181818181819
18277.0,59,1,110.38,68,2011-10-12 15:22:00,2011-10-12 15:22:00,110.38,59,0.5159322033898306
18278.0,74,1,173.9,66,2011-09-27 11:58:00,2011-09-27 11:58:00,173.9,74,0.41135135135135137
18280.0,278,1,180.60000000000002,45,2011-03-07 09:52:00,2011-03-07 09:52:00,180.60000000000002,278,0.10949640287769784
18281.0,181,1,80.82,54,2011-06-12 10:53:00,2011-06-12 10:53:00,80.82,181,0.1681767955801105
18282.0,8,2,178.05,103,2011-08-05 13:35:00,2011-12-02 11:43:00,89.025,127,0.47937007874015747
18283.0,4,16,2094.88,1397,2011-01-06 14:14:00,2011-12-06 12:02:00,130.93,338,1.44094674556213
18287.0,43,3,1837.28,1586,2011-05-22 10:39:00,2011-10-28 09:29:00,612.4266666666666,202,0.4520792079207921
